사고번호,사고일시,요일,시군구,사고내용,사망자수,중상자수,경상자수,부상신고자수,사고유형,법규위반,노면상태,기상상태,도로형태,가해운전자 차종,가해운전자 성별,가해운전자 연령,가해운전자 상해정도,피해운전자 차종,피해운전자 성별,피해운전자 연령,피해운전자 상해정도
2022011400100074,2022년 1월 14일 08시,금요일,부산광역시 강서구 미음동,중상사고,0,1,0,0,차대차 - 측면충돌,안전운전불이행,건조,맑음,교차로 - 교차로안,승용,남,41세,상해없음,원동기,남,59세,중상
2022011400100109,2022년 1월 14일 09시,금요일,부산광역시 동구 초량동,경상사고,0,0,1,0,차대차 - 측면충돌,신호위반,건조,맑음,단일로 - 기타,승용,여,35세,상해없음,이륜,남,46세,경상
2.02201E+15,2022년 1월 14일 09시,금요일,부산광역시 금정구 장전동,경상사고,0,0,2,0,차대차 - 기타,교차로운행방법위반,건조,맑음,교차로 - 교차로안,이륜,여,26세,경상,승용,남,61세,경상
2022011400100141,2022년 1월 14일 10시,금요일,부산광역시 남구 문현동,경상사고,0,0,1,0,차대차 - 추돌,안전거리미확보,건조,맑음,교차로 - 교차로안,승용,남,61세,상해없음,승용,여,30세,경상
2022011400100143,2022년 1월 14일 10시,금요일,부산광역시 해운대구 송정동,중상사고,0,1,0,0,차대차 - 기타,신호위반,건조,맑음,교차로 - 교차로부근,승용,남,65세,상해없음,이륜,남,29세,중상
2022011400100175,2022년 1월 14일 11시,금요일,부산광역시 수영구 광안동,경상사고,0,0,1,0,차대차 - 측면충돌,안전운전불이행,건조,맑음,단일로 - 기타,승용,여,59세,상해없음,승합,남,54세,상해없음
2022011400100212,2022년 1월 14일 12시,금요일,부산광역시 동래구 명장동,중상사고,0,1,0,0,차대차 - 기타,안전거리미확보,건조,맑음,단일로 - 기타,이륜,남,63세,중상,승용,남,74세,상해없음
2022011400100213,2022년 1월 14일 12시,금요일,부산광역시 해운대구 중동,부상신고사고,0,0,0,1,차대차 - 기타,안전운전불이행,건조,맑음,교차로 - 교차로안,승용,남,68세,상해없음,화물,남,39세,상해없음
2022011400100214,2022년 1월 14일 12시,금요일,부산광역시 사하구 장림동,경상사고,0,0,1,0,차대차 - 기타,중앙선침범,건조,맑음,단일로 - 기타,승용,남,38세,상해없음,승용,여,45세,경상
2022011400100215,2022년 1월 14일 12시,금요일,부산광역시 기장군 정관읍,경상사고,0,0,1,0,차대차 - 추돌,안전운전불이행,건조,맑음,교차로 - 교차로안,승용,남,16세,상해없음,승용,여,48세,경상
2022011400100247,2022년 1월 14일 13시,금요일,부산광역시 동구 초량동,경상사고,0,0,1,0,차대사람 - 보도통행중,보행자보호의무위반,건조,맑음,단일로 - 기타,승용,남,31세,상해없음,보행자,여,38세,경상
2022011400100248,2022년 1월 14일 13시,금요일,부산광역시 동래구 온천동,경상사고,0,0,2,0,차대차 - 추돌,안전운전불이행,건조,맑음,단일로 - 기타,승용,남,48세,상해없음,승용,여,48세,경상
2022011400100249,2022년 1월 14일 13시,금요일,부산광역시 금정구 구서동,경상사고,0,0,1,0,차대사람 - 횡단중,신호위반,건조,맑음,단일로 - 기타,승용,남,72세,상해없음,보행자,여,9세,경상
2.02201E+15,2022년 1월 14일 13시,금요일,부산광역시 연제구 연산동,중상사고,0,1,0,0,차대차 - 기타,안전거리미확보,건조,맑음,단일로 - 기타,승용,남,65세,상해없음,원동기,남,64세,중상
2022011400100279,2022년 1월 14일 14시,금요일,부산광역시 사상구 감전동,경상사고,0,0,1,0,차대차 - 정면충돌,안전운전불이행,건조,맑음,교차로 - 교차로부근,승용,여,47세,상해없음,승용,남,52세,경상
2022011400100322,2022년 1월 14일 15시,금요일,부산광역시 금정구 부곡동,경상사고,0,0,1,0,차대차 - 기타,안전거리미확보,건조,흐림,단일로 - 고가도로위,승용,여,53세,상해없음,승용,남,38세,경상
2022011400100346,2022년 1월 14일 16시,금요일,부산광역시 서구 부용동1가,경상사고,0,0,2,0,차대차 - 측면충돌,안전운전불이행,건조,맑음,교차로 - 교차로안,화물,남,35세,경상,승용,남,71세,경상
2022011400100347,2022년 1월 14일 16시,금요일,부산광역시 남구 대연동,경상사고,0,0,1,0,차대차 - 측면충돌,신호위반,건조,맑음,단일로 - 지하차도(도로)내,승용,남,55세,상해없음,이륜,남,24세,경상
2022011400100348,2022년 1월 14일 16시,금요일,부산광역시 강서구 대저1동,중상사고,0,2,2,0,차대차 - 추돌,안전운전불이행,건조,맑음,단일로 - 기타,승용,여,40세,상해없음,승용,남,43세,중상
2022011400100392,2022년 1월 14일 17시,금요일,부산광역시 해운대구 반송동,경상사고,0,0,1,0,차대차 - 측면충돌,안전운전불이행,건조,맑음,단일로 - 기타,화물,남,60세,상해없음,승용,남,38세,경상
2022011400100393,2022년 1월 14일 17시,금요일,부산광역시 기장군 철마면,중상사고,0,1,0,0,차대차 - 추돌,안전운전불이행,건조,맑음,교차로 - 교차로안,승용,남,77세,상해없음,이륜,남,57세,중상
2022011400100429,2022년 1월 14일 18시,금요일,부산광역시 북구 금곡동,경상사고,0,0,1,0,차대차 - 추돌,안전운전불이행,건조,맑음,단일로 - 기타,화물,남,61세,상해없음,승용,남,42세,경상
2.02201E+15,2022년 1월 14일 18시,금요일,부산광역시 강서구 범방동,경상사고,0,0,2,0,차대차 - 기타,중앙선침범,건조,맑음,단일로 - 기타,승용,남,66세,상해없음,승용,남,25세,경상
2022011400100431,2022년 1월 14일 18시,금요일,부산광역시 강서구 명지동,경상사고,0,0,1,0,차대차 - 기타,안전운전불이행,건조,맑음,교차로 - 교차로안,승용,여,35세,상해없음,승용,여,32세,경상
2022011400100432,2022년 1월 14일 18시,금요일,부산광역시 강서구 신호동,경상사고,0,0,1,0,차대차 - 기타,안전운전불이행,건조,맑음,교차로 - 교차로안,이륜,남,38세,기타불명,승용,남,32세,경상
2022011400100433,2022년 1월 14일 18시,금요일,부산광역시 사상구 괘법동,경상사고,0,0,1,0,차대사람 - 횡단중,보행자보호의무위반,건조,맑음,교차로 - 교차로횡단보도내,승용,남,42세,상해없음,보행자,남,14세,경상
2022011400100434,2022년 1월 14일 18시,금요일,부산광역시 기장군 일광읍,중상사고,0,1,0,0,차대차 - 기타,안전운전불이행,건조,맑음,교차로 - 교차로안,승용,남,48세,상해없음,이륜,남,53세,중상
2022011400100504,2022년 1월 14일 19시,금요일,부산광역시 해운대구 우동,경상사고,0,0,1,0,차대차 - 측면충돌,기타,건조,맑음,교차로 - 교차로안,승용,남,26세,상해없음,이륜,남,41세,경상
2022011400100557,2022년 1월 14일 20시,금요일,부산광역시 부산진구 당감동,경상사고,0,0,1,0,차대차 - 측면충돌,안전거리미확보,건조,맑음,단일로 - 고가도로위,특수,남,50세,상해없음,승용,여,29세,경상
2.02201E+15,2022년 1월 14일 21시,금요일,부산광역시 부산진구 가야동,경상사고,0,0,1,0,차대차 - 추돌,안전운전불이행,건조,맑음,교차로 - 교차로부근,승용,남,59세,상해없음,이륜,남,36세,상해없음
2022011400100601,2022년 1월 14일 21시,금요일,부산광역시 부산진구 전포동,경상사고,0,0,2,0,차대차 - 추돌,안전운전불이행,건조,맑음,교차로 - 교차로부근,승용,남,38세,기타불명,승용,남,62세,경상
2022011400100602,2022년 1월 14일 21시,금요일,부산광역시 강서구 생곡동,중상사고,0,1,0,0,차대차 - 측면충돌,신호위반,건조,맑음,교차로 - 교차로안,승용,여,51세,상해없음,승용,남,47세,중상
2022011400100603,2022년 1월 14일 21시,금요일,부산광역시 기장군 정관읍,사망사고,1,0,0,0,차대차 - 기타,안전운전불이행,건조,맑음,단일로 - 기타,이륜,남,50세,사망,화물,남,54세,기타불명
2022011400100646,2022년 1월 14일 22시,금요일,부산광역시 수영구 민락동,경상사고,0,0,1,0,차대사람 - 보도통행중,신호위반,건조,맑음,단일로 - 기타,승용,남,57세,상해없음,보행자,여,53세,경상
2022011400100647,2022년 1월 14일 22시,금요일,부산광역시 동래구 온천동,경상사고,0,0,1,0,차대차 - 추돌,기타,건조,맑음,교차로 - 교차로부근,승용,남,21세,상해없음,승용,남,32세,경상
2022011400100648,2022년 1월 14일 22시,금요일,부산광역시 해운대구 석대동,중상사고,0,2,1,0,차대차 - 기타,신호위반,건조,맑음,교차로 - 교차로안,승용,남,68세,중상,승용,남,69세,경상
2022011400100671,2022년 1월 14일 23시,금요일,부산광역시 영도구 동삼동,경상사고,0,0,1,0,차대차 - 기타,안전운전불이행,건조,맑음,교차로 - 교차로안,승용,남,53세,상해없음,승용,남,24세,상해없음
2022011500100004,2022년 1월 15일 00시,토요일,부산광역시 부산진구 범천동,경상사고,0,0,1,0,차대차 - 추돌,안전운전불이행,건조,맑음,교차로 - 교차로부근,승용,남,33세,상해없음,이륜,남,27세,경상
2022011500100005,2022년 1월 15일 00시,토요일,부산광역시 부산진구 범천동,경상사고,0,0,1,0,차대차 - 기타,신호위반,건조,맑음,교차로 - 교차로안,이륜,기타불명,미분류,기타불명,이륜,남,48세,경상
2022011500100039,2022년 1월 15일 07시,토요일,부산광역시 부산진구 개금동,경상사고,0,0,2,0,차대차 - 측면충돌,신호위반,건조,맑음,교차로 - 교차로안,화물,남,60세,상해없음,승용,남,68세,경상
2022011500100074,2022년 1월 15일 09시,토요일,부산광역시 동구 좌천동,경상사고,0,0,2,0,차대차 - 기타,차로위반,건조,맑음,단일로 - 고가도로위,특수,남,54세,상해없음,승용,남,62세,경상
2022011500100075,2022년 1월 15일 09시,토요일,부산광역시 남구 우암동,경상사고,0,0,1,0,차대차 - 측면충돌,교차로운행방법위반,건조,맑음,단일로 - 기타,승용,남,57세,상해없음,승용,여,57세,경상
2022011500100076,2022년 1월 15일 09시,토요일,부산광역시 해운대구 재송동,경상사고,0,0,1,0,차대차 - 기타,안전운전불이행,건조,맑음,단일로 - 터널,이륜,남,64세,경상,승용,남,59세,상해없음
2022011500100077,2022년 1월 15일 09시,토요일,부산광역시 부산진구 부전동,경상사고,0,0,1,0,차대사람 - 길가장자리구역통행중,안전운전불이행,건조,맑음,단일로 - 기타,승용,여,49세,상해없음,보행자,남,56세,경상
2022011500100098,2022년 1월 15일 10시,토요일,부산광역시 영도구 대교동2가,부상신고사고,0,0,0,1,차대차 - 기타,안전운전불이행,건조,맑음,교차로 - 교차로안,기타불명,기타불명,미분류,기타불명,이륜,남,60세,부상신고
2022011500100099,2022년 1월 15일 10시,토요일,부산광역시 금정구 부곡동,부상신고사고,0,0,0,1,차대차 - 측면충돌,신호위반,건조,맑음,단일로 - 기타,원동기,남,22세,상해없음,원동기,남,44세,부상신고
2022011500100124,2022년 1월 15일 11시,토요일,부산광역시 동래구 온천동,부상신고사고,0,0,0,1,차대차 - 측면충돌,안전운전불이행,건조,맑음,단일로 - 기타,승용,남,72세,상해없음,승합,남,36세,상해없음
2022011500100125,2022년 1월 15일 11시,토요일,부산광역시 기장군 철마면,경상사고,0,0,1,0,차대차 - 추돌,안전운전불이행,건조,맑음,단일로 - 기타,승용,여,28세,상해없음,승용,여,33세,경상
2.02201E+15,2022년 1월 15일 12시,토요일,부산광역시 강서구 명지동,중상사고,0,1,0,0,차대차 - 기타,신호위반,건조,맑음,교차로 - 교차로부근,승용,남,40세,상해없음,이륜,남,49세,중상
2022011500100187,2022년 1월 15일 13시,토요일,부산광역시 수영구 남천동,중상사고,0,1,0,0,차대사람 - 보도통행중,기타,건조,맑음,단일로 - 기타,개인형이동수단(PM),남,17세,상해없음,보행자,남,9세,중상
2022011500100188,2022년 1월 15일 13시,토요일,부산광역시 강서구 대저1동,경상사고,0,0,2,0,차대차 - 추돌,안전운전불이행,건조,맑음,단일로 - 기타,화물,남,69세,상해없음,승용,남,32세,경상
2022011500100218,2022년 1월 15일 14시,토요일,부산광역시 부산진구 부암동,중상사고,0,2,1,0,차대차 - 추돌,안전운전불이행,건조,맑음,단일로 - 기타,승용,남,47세,상해없음,승용,여,35세,중상
2022011500100219,2022년 1월 15일 14시,토요일,부산광역시 사하구 하단동,경상사고,0,0,3,0,차대차 - 추돌,안전운전불이행,건조,맑음,교차로 - 교차로부근,승용,남,49세,상해없음,승용,남,54세,경상
2.02201E+15,2022년 1월 15일 14시,토요일,부산광역시 연제구 연산동,경상사고,0,0,1,0,차대차 - 추돌,안전운전불이행,건조,맑음,단일로 - 기타,승용,남,72세,상해없음,승용,남,36세,경상
2022011500100279,2022년 1월 15일 16시,토요일,부산광역시 동래구 낙민동,경상사고,0,0,1,0,차대차 - 측면충돌,신호위반,건조,맑음,교차로 - 교차로안,승용,남,54세,상해없음,이륜,여,72세,경상
2.02201E+15,2022년 1월 15일 16시,토요일,부산광역시 동래구 안락동,경상사고,0,0,1,0,차대차 - 기타,교차로운행방법위반,건조,맑음,교차로 - 교차로안,승용,남,77세,상해없음,이륜,남,34세,경상
2022011500100281,2022년 1월 15일 16시,토요일,부산광역시 사하구 괴정동,중상사고,0,1,0,0,차대사람 - 횡단중,안전운전불이행,건조,맑음,교차로 - 교차로안,승용,남,61세,상해없음,보행자,남,78세,중상
2022011500100313,2022년 1월 15일 17시,토요일,부산광역시 수영구 광안동,경상사고,0,0,1,0,차대차 - 측면충돌,안전운전불이행,건조,맑음,단일로 - 기타,화물,남,46세,상해없음,사륜오토바이(ATV),남,37세,경상
2022011500100314,2022년 1월 15일 17시,토요일,부산광역시 부산진구 부전동,중상사고,0,1,0,0,차대사람 - 차도통행중,안전운전불이행,건조,맑음,교차로 - 교차로부근,승용,여,26세,상해없음,보행자,여,30세,중상
2022011500100358,2022년 1월 15일 18시,토요일,부산광역시 서구 남부민동,중상사고,0,2,1,0,차대차 - 추돌,안전운전불이행,건조,맑음,단일로 - 기타,승용,남,52세,상해없음,승용,남,60세,경상
2022011500100359,2022년 1월 15일 18시,토요일,부산광역시 해운대구 우동,중상사고,0,1,0,0,차대사람 - 차도통행중,안전운전불이행,건조,맑음,단일로 - 기타,승용,남,28세,상해없음,보행자,여,66세,중상
2.02201E+15,2022년 1월 15일 18시,토요일,부산광역시 부산진구 전포동,경상사고,0,0,1,0,차대차 - 기타,안전운전불이행,건조,맑음,교차로 - 교차로안,승합,남,36세,상해없음,승용,남,23세,경상
2022011500100403,2022년 1월 15일 19시,토요일,부산광역시 해운대구 좌동,중상사고,0,1,0,0,차대차 - 측면충돌,신호위반,건조,맑음,교차로 - 교차로안,승용,남,33세,상해없음,이륜,남,34세,중상
2022011500100404,2022년 1월 15일 19시,토요일,부산광역시 기장군 정관읍,경상사고,0,0,2,2,차대차 - 기타,안전거리미확보,건조,맑음,교차로 - 교차로부근,화물,남,27세,상해없음,승용,남,31세,경상
2022011500100486,2022년 1월 15일 21시,토요일,부산광역시 해운대구 우동,경상사고,0,0,2,0,차대차 - 추돌,안전운전불이행,건조,맑음,단일로 - 기타,승용,여,28세,상해없음,승용,여,64세,경상
2022011500100487,2022년 1월 15일 21시,토요일,부산광역시 연제구 거제동,경상사고,0,0,1,0,차대차 - 추돌,안전운전불이행,건조,맑음,단일로 - 기타,승용,남,59세,기타불명,승용,여,49세,경상
2022011500100528,2022년 1월 15일 22시,토요일,부산광역시 부산진구 양정동,경상사고,0,0,1,1,차대차 - 측면충돌,불법유턴,건조,맑음,단일로 - 기타,개인형이동수단(PM),남,36세,부상신고,이륜,남,26세,경상
2022011500100529,2022년 1월 15일 22시,토요일,부산광역시 부산진구 부암동,경상사고,0,0,1,1,차대차 - 측면충돌,중앙선침범,건조,맑음,교차로 - 교차로안,이륜,남,45세,부상신고,승용,남,57세,경상
2.02201E+15,2022년 1월 15일 22시,토요일,부산광역시 연제구 연산동,경상사고,0,0,1,0,차대차 - 기타,불법유턴,건조,맑음,교차로 - 교차로부근,승용,남,23세,상해없음,승용,남,22세,경상
2022011600100048,2022년 1월 16일 09시,일요일,부산광역시 부산진구 부암동,경상사고,0,0,1,0,차대차 - 측면충돌,교차로운행방법위반,건조,맑음,교차로 - 교차로안,승용,여,57세,상해없음,승용,여,28세,경상
2.02201E+15,2022년 1월 16일 10시,일요일,부산광역시 해운대구 송정동,경상사고,0,0,1,0,차대차 - 기타,기타,건조,맑음,단일로 - 기타,승용,남,28세,상해없음,승용,남,39세,상해없음
2022011600100079,2022년 1월 16일 11시,일요일,부산광역시 부산진구 개금동,경상사고,0,0,1,0,차대차 - 추돌,안전운전불이행,건조,맑음,단일로 - 기타,승용,여,46세,상해없음,승용,남,46세,상해없음
2.02201E+15,2022년 1월 16일 11시,일요일,부산광역시 사하구 장림동,경상사고,0,0,9,0,차대차 - 추돌,안전거리미확보,건조,맑음,단일로 - 기타,승용,여,45세,상해없음,승용,여,36세,경상
2022011600100109,2022년 1월 16일 12시,일요일,부산광역시 남구 문현동,경상사고,0,0,1,0,차대차 - 기타,안전운전불이행,건조,맑음,기타 - 기타,승용,남,45세,상해없음,승용,남,66세,경상
2.02201E+15,2022년 1월 16일 12시,일요일,부산광역시 영도구 대교동1가,경상사고,0,0,2,0,차대차 - 측면충돌,신호위반,건조,맑음,교차로 - 교차로안,이륜,남,46세,경상,승용,남,54세,경상
2022011600100111,2022년 1월 16일 12시,일요일,부산광역시 해운대구 우동,경상사고,0,0,1,0,차대사람 - 길가장자리구역통행중,안전운전불이행,건조,맑음,단일로 - 기타,기타불명,기타불명,미분류,기타불명,보행자,여,19세,경상
2022011600100112,2022년 1월 16일 12시,일요일,부산광역시 부산진구 전포동,중상사고,0,1,0,0,차대차 - 측면충돌,교차로운행방법위반,건조,맑음,교차로 - 교차로안,승용,남,26세,상해없음,원동기,남,24세,중상
2022011600100187,2022년 1월 16일 15시,일요일,부산광역시 부산진구 당감동,중상사고,0,1,0,0,차대차 - 측면충돌,기타,건조,맑음,단일로 - 기타,승용,여,54세,상해없음,이륜,남,40세,중상
2022011600100214,2022년 1월 16일 16시,일요일,부산광역시 해운대구 중동,경상사고,0,0,2,0,차대차 - 측면충돌,안전운전불이행,건조,맑음,교차로 - 교차로안,승용,남,35세,상해없음,승용,남,45세,경상
2022011600100238,2022년 1월 16일 17시,일요일,부산광역시 사상구 삼락동,경상사고,0,0,1,0,차대차 - 측면충돌,안전운전불이행,건조,맑음,교차로 - 교차로안,승용,여,51세,상해없음,승용,남,55세,경상
2022011600100258,2022년 1월 16일 18시,일요일,부산광역시 북구 화명동,경상사고,0,0,1,0,차대사람 - 기타,보행자보호의무위반,건조,맑음,단일로 - 기타,승용,남,34세,상해없음,보행자,남,56세,경상
2022011600100259,2022년 1월 16일 18시,일요일,부산광역시 해운대구 우동,경상사고,0,0,1,0,차대차 - 측면충돌,안전운전불이행,건조,맑음,단일로 - 기타,승용,남,60세,상해없음,이륜,남,27세,경상
2.02201E+15,2022년 1월 16일 18시,일요일,부산광역시 부산진구 부전동,중상사고,0,1,0,0,차대차 - 기타,안전운전불이행,건조,맑음,단일로 - 기타,이륜,남,78세,중상,기타불명,남,45세,상해없음
2022011600100286,2022년 1월 16일 19시,일요일,부산광역시 서구 토성동4가,경상사고,0,0,1,0,차대사람 - 횡단중,보행자보호의무위반,건조,맑음,교차로 - 교차로횡단보도내,승용,여,65세,상해없음,보행자,남,63세,경상
2022011600100287,2022년 1월 16일 19시,일요일,부산광역시 남구 대연동,경상사고,0,0,2,0,차대차 - 추돌,안전운전불이행,건조,맑음,교차로 - 교차로안,승용,여,20세,경상,승용,여,59세,경상
2022011600100288,2022년 1월 16일 19시,일요일,부산광역시 수영구 남천동,경상사고,0,0,1,0,차대차 - 측면충돌,안전거리미확보,건조,맑음,교차로 - 교차로안,승용,여,50세,상해없음,승용,남,38세,경상
2022011600100289,2022년 1월 16일 19시,일요일,부산광역시 남구 대연동,경상사고,0,0,1,0,차대차 - 기타,안전운전불이행,건조,맑음,교차로 - 교차로안,승용,남,39세,상해없음,승용,여,69세,경상
2022011600100291,2022년 1월 16일 19시,일요일,부산광역시 금정구 부곡동,중상사고,0,1,0,0,차대차 - 측면충돌,안전거리미확보,건조,맑음,교차로 - 교차로부근,승용,남,23세,상해없음,이륜,남,32세,중상
2022011600100336,2022년 1월 16일 21시,일요일,부산광역시 금정구 장전동,경상사고,0,0,1,0,차대사람 - 기타,기타,건조,맑음,교차로 - 교차로부근,승용,남,40세,상해없음,보행자,여,22세,경상
2.02201E+15,2022년 1월 16일 22시,일요일,부산광역시 금정구 서동,부상신고사고,0,0,0,1,차대사람 - 차도통행중,안전운전불이행,건조,맑음,교차로 - 교차로부근,승용,여,25세,상해없음,보행자,여,64세,부상신고
2022011600100361,2022년 1월 16일 22시,일요일,부산광역시 사상구 학장동,경상사고,0,0,1,0,차대차 - 측면충돌,안전운전불이행,건조,맑음,교차로 - 교차로안,승용,남,43세,상해없음,승용,남,22세,경상
2022011600100377,2022년 1월 16일 23시,일요일,부산광역시 해운대구 우동,경상사고,0,0,1,0,차대차 - 기타,신호위반,건조,흐림,교차로 - 교차로안,이륜,남,17세,경상,승용,여,51세,상해없음
2.02201E+15,2022년 1월 17일 06시,월요일,부산광역시 금정구 회동동,경상사고,0,0,1,0,차대차 - 측면충돌,교차로운행방법위반,건조,맑음,교차로 - 교차로안,건설기계,남,59세,상해없음,화물,남,65세,경상
2022011700100041,2022년 1월 17일 07시,월요일,부산광역시 동래구 수안동,부상신고사고,0,0,0,1,차대차 - 추돌,안전운전불이행,건조,맑음,단일로 - 기타,승용,남,49세,상해없음,승용,남,30세,부상신고
2022011700100095,2022년 1월 17일 09시,월요일,부산광역시 남구 대연동,경상사고,0,0,1,0,차대차 - 기타,안전운전불이행,건조,맑음,교차로 - 교차로안,승용,남,64세,상해없음,승합,남,61세,상해없음
2022011700100096,2022년 1월 17일 09시,월요일,부산광역시 동래구 온천동,중상사고,0,1,0,0,차대차 - 기타,신호위반,건조,맑음,교차로 - 교차로안,승용,여,58세,상해없음,승용,여,41세,중상
2022011700100118,2022년 1월 17일 10시,월요일,부산광역시 남구 용호동,경상사고,0,0,1,0,차대차 - 기타,안전운전불이행,건조,맑음,기타 - 기타,이륜,남,41세,상해없음,승용,여,50세,경상
2022011700100119,2022년 1월 17일 10시,월요일,부산광역시 수영구 민락동,경상사고,0,0,1,0,차대차 - 기타,안전운전불이행,건조,맑음,단일로 - 기타,승용,남,72세,상해없음,승용,남,56세,상해없음
2.02201E+15,2022년 1월 17일 10시,월요일,부산광역시 해운대구 송정동,중상사고,0,1,0,0,차대차 - 측면충돌,안전운전불이행,건조,맑음,교차로 - 교차로안,승용,남,47세,상해없음,자전거,남,80세,중상
2022011700100143,2022년 1월 17일 11시,월요일,부산광역시 동래구 온천동,경상사고,0,0,3,0,차대차 - 추돌,안전운전불이행,건조,맑음,단일로 - 기타,승용,남,55세,경상,승용,여,41세,경상
2022011700100161,2022년 1월 17일 12시,월요일,부산광역시 중구 보수동1가,중상사고,0,1,0,0,차대사람 - 횡단중,안전운전불이행,건조,맑음,교차로 - 교차로부근,승용,남,67세,상해없음,보행자,여,70세,중상
2022011700100162,2022년 1월 17일 12시,월요일,부산광역시 부산진구 부전동,부상신고사고,0,0,0,1,차대차 - 기타,신호위반,건조,맑음,교차로 - 교차로안,이륜,남,43세,부상신고,승용,여,57세,상해없음
2022011700100163,2022년 1월 17일 12시,월요일,부산광역시 금정구 금사동,경상사고,0,0,1,0,차대사람 - 횡단중,안전운전불이행,건조,맑음,교차로 - 교차로안,이륜,남,51세,상해없음,보행자,남,6세,경상
2022011700100164,2022년 1월 17일 12시,월요일,부산광역시 사하구 하단동,경상사고,0,0,1,0,차대차 - 측면충돌,신호위반,건조,맑음,교차로 - 교차로안,이륜,남,23세,상해없음,승용,여,52세,경상
2022011700100188,2022년 1월 17일 13시,월요일,부산광역시 동래구 온천동,중상사고,0,1,0,0,차대차 - 추돌,안전운전불이행,건조,맑음,단일로 - 기타,승합,남,42세,상해없음,승용,남,58세,중상
2022011700100189,2022년 1월 17일 13시,월요일,부산광역시 사하구 하단동,중상사고,0,1,0,0,차대차 - 측면충돌,안전운전불이행,건조,맑음,단일로 - 기타,승용,남,46세,상해없음,자전거,남,85세,중상
2.02201E+15,2022년 1월 17일 14시,월요일,부산광역시 남구 대연동,경상사고,0,0,2,0,차대차 - 추돌,안전운전불이행,건조,맑음,교차로 - 교차로부근,승용,남,47세,상해없음,승용,남,43세,경상
2022011700100261,2022년 1월 17일 15시,월요일,부산광역시 중구 부평동2가,경상사고,0,0,1,0,차대사람 - 기타,안전운전불이행,건조,맑음,교차로 - 교차로부근,승용,남,28세,상해없음,보행자,남,36세,경상
2022011700100263,2022년 1월 17일 15시,월요일,부산광역시 부산진구 가야동,경상사고,0,0,1,0,차대차 - 정면충돌,안전거리미확보,건조,맑음,교차로 - 교차로부근,승용,남,69세,상해없음,이륜,남,25세,경상
2.02201E+15,2022년 1월 17일 18시,월요일,부산광역시 북구 구포동,중상사고,0,1,2,0,차대차 - 추돌,안전운전불이행,건조,맑음,교차로 - 교차로부근,화물,남,40세,상해없음,승용,남,64세,중상
2022011700100371,2022년 1월 17일 18시,월요일,부산광역시 부산진구 부전동,중상사고,0,1,0,0,차대사람 - 기타,보행자보호의무위반,건조,맑음,단일로 - 기타,이륜,기타불명,미분류,기타불명,보행자,여,24세,중상
2022011700100409,2022년 1월 17일 19시,월요일,부산광역시 북구 만덕동,경상사고,0,0,1,0,차대차 - 추돌,안전운전불이행,건조,맑음,교차로 - 교차로부근,승용,여,42세,상해없음,승용,여,54세,경상
2.02201E+15,2022년 1월 17일 19시,월요일,부산광역시 사하구 장림동,경상사고,0,0,1,0,차대차 - 기타,안전운전불이행,건조,맑음,단일로 - 기타,이륜,남,52세,경상,승용,남,54세,상해없음
2022011700100437,2022년 1월 17일 20시,월요일,부산광역시 금정구 장전동,경상사고,0,0,1,0,차대차 - 측면충돌,신호위반,건조,맑음,교차로 - 교차로안,이륜,여,38세,상해없음,이륜,남,25세,경상
2022011700100461,2022년 1월 17일 21시,월요일,부산광역시 북구 금곡동,경상사고,0,0,1,0,차대차 - 정면충돌,안전운전불이행,건조,맑음,교차로 - 교차로안,승합,남,60세,상해없음,이륜,남,38세,경상
2022011700100462,2022년 1월 17일 21시,월요일,부산광역시 강서구 명지동,경상사고,0,0,1,0,차대차 - 측면충돌,신호위반,건조,맑음,교차로 - 교차로안,승용,남,39세,상해없음,승용,여,57세,경상
2022011700100497,2022년 1월 17일 22시,월요일,부산광역시 사하구 감천동,중상사고,0,1,0,0,차대차 - 정면충돌,중앙선침범,건조,맑음,교차로 - 교차로부근,승용,남,29세,상해없음,이륜,남,59세,중상
2022011700100517,2022년 1월 17일 23시,월요일,부산광역시 사하구 하단동,중상사고,0,1,0,0,차대사람 - 횡단중,안전운전불이행,건조,맑음,교차로 - 교차로부근,승용,남,67세,상해없음,보행자,남,26세,중상
2022011800100022,2022년 1월 18일 06시,화요일,부산광역시 영도구 동삼동,중상사고,0,1,1,0,차대차 - 정면충돌,기타,건조,맑음,교차로 - 교차로안,승용,남,62세,상해없음,승용,여,38세,중상
2022011800100023,2022년 1월 18일 06시,화요일,부산광역시 사하구 하단동,중상사고,0,1,0,0,차대차 - 기타,안전운전불이행,건조,맑음,기타 - 기타,자전거,남,79세,중상,승합,남,60세,상해없음
2022011800100024,2022년 1월 18일 06시,화요일,부산광역시 연제구 연산동,부상신고사고,0,0,0,1,차대차 - 추돌,신호위반,건조,맑음,교차로 - 교차로안,이륜,남,29세,부상신고,화물,남,68세,상해없음
2022011800100025,2022년 1월 18일 06시,화요일,부산광역시 연제구 연산동,경상사고,0,0,1,0,차대차 - 기타,안전운전불이행,건조,맑음,교차로 - 교차로부근,승용,남,57세,상해없음,승용,남,42세,경상