사고번호,사고일시,요일,시군구,사고내용,사망자수,중상자수,경상자수,부상신고자수,사고유형,법규위반,노면상태,기상상태,도로형태,가해운전자 차종,가해운전자 성별,가해운전자 연령,가해운전자 상해정도,피해운전자 차종,피해운전자 성별,피해운전자 연령,피해운전자 상해정도
2.02201E+15,2022년 1월 22일 13시,토요일,부산광역시 북구 덕천동,경상사고,0,0,2,0,차대차 - 기타,안전운전불이행,건조,맑음,단일로 - 기타,승합,남,43세,기타불명,승용,여,48세,경상
2022012200100201,2022년 1월 22일 13시,토요일,부산광역시 금정구 구서동,경상사고,0,0,1,0,차대사람 - 횡단중,안전운전불이행,건조,맑음,교차로 - 교차로부근,승용,여,45세,상해없음,보행자,여,43세,경상
2022012200100202,2022년 1월 22일 13시,토요일,부산광역시 금정구 구서동,경상사고,0,0,2,0,차대차 - 측면충돌,신호위반,건조,맑음,교차로 - 교차로안,승용,남,87세,기타불명,승용,남,65세,경상
2022012200100237,2022년 1월 22일 14시,토요일,부산광역시 금정구 부곡동,중상사고,0,1,1,0,차대차 - 기타,안전거리미확보,건조,맑음,단일로 - 기타,이륜,남,48세,경상,이륜,남,63세,중상
2022012200100263,2022년 1월 22일 15시,토요일,부산광역시 중구 남포동5가,중상사고,0,1,2,0,차대차 - 기타,기타,건조,맑음,단일로 - 기타,화물,남,66세,상해없음,이륜,여,70세,중상
2022012200100264,2022년 1월 22일 15시,토요일,부산광역시 연제구 거제동,경상사고,0,0,3,0,차대차 - 기타,차로위반,건조,맑음,단일로 - 기타,승용,남,69세,상해없음,승용,남,37세,상해없음
2.02201E+15,2022년 1월 22일 16시,토요일,부산광역시 사하구 장림동,경상사고,0,0,1,0,차대차 - 기타,안전거리미확보,건조,맑음,교차로 - 교차로부근,화물,남,38세,경상,승용,남,61세,상해없음
2022012200100326,2022년 1월 22일 17시,토요일,부산광역시 부산진구 부전동,중상사고,0,1,0,0,차대차 - 측면충돌,안전거리미확보,건조,맑음,단일로 - 기타,승용,남,68세,상해없음,이륜,남,23세,중상
2022012200100327,2022년 1월 22일 17시,토요일,부산광역시 부산진구 연지동,경상사고,0,0,1,0,차대차 - 측면충돌,신호위반,건조,맑음,교차로 - 교차로부근,승합,남,69세,상해없음,승용,남,68세,경상
2022012200100328,2022년 1월 22일 17시,토요일,부산광역시 사하구 하단동,경상사고,0,0,1,0,차대사람 - 차도통행중,안전운전불이행,건조,맑음,단일로 - 기타,승용,남,43세,상해없음,보행자,남,69세,경상
2022012200100329,2022년 1월 22일 17시,토요일,부산광역시 사하구 하단동,경상사고,0,0,1,0,차대차 - 추돌,안전운전불이행,건조,맑음,단일로 - 기타,승용,남,64세,상해없음,승용,남,46세,경상
2022012200100347,2022년 1월 22일 18시,토요일,부산광역시 해운대구 석대동,경상사고,0,0,1,0,차대차 - 측면충돌,안전거리미확보,건조,맑음,단일로 - 고가도로위,승용,남,25세,상해없음,승용,남,33세,경상
2022012200100348,2022년 1월 22일 18시,토요일,부산광역시 부산진구 양정동,경상사고,0,0,2,0,차대차 - 기타,신호위반,건조,맑음,교차로 - 교차로안,승용,남,20세,상해없음,승합,남,61세,경상
2022012200100396,2022년 1월 22일 19시,토요일,부산광역시 북구 화명동,경상사고,0,0,1,0,차대차 - 기타,안전운전불이행,건조,맑음,단일로 - 기타,승용,남,38세,기타불명,승용,남,43세,경상
2022012200100502,2022년 1월 22일 22시,토요일,부산광역시 동구 초량동,경상사고,0,0,1,0,차대차 - 측면충돌,신호위반,건조,맑음,단일로 - 기타,승용,남,20세,상해없음,승합,남,48세,경상
2.02201E+15,2022년 1월 22일 23시,토요일,부산광역시 중구 중앙동6가,중상사고,0,1,2,0,차대차 - 측면충돌,신호위반,건조,맑음,교차로 - 교차로부근,승용,남,72세,상해없음,승합,남,43세,경상
2022012300100002,2022년 1월 23일 00시,일요일,부산광역시 해운대구 우동,경상사고,0,0,1,0,차대차 - 추돌,안전운전불이행,건조,맑음,단일로 - 기타,승용,남,32세,상해없음,이륜,남,33세,경상
2022012300100003,2022년 1월 23일 00시,일요일,부산광역시 금정구 구서동,경상사고,0,0,1,0,차대차 - 측면충돌,안전운전불이행,건조,맑음,교차로 - 교차로안,승용,남,29세,상해없음,승용,여,24세,경상
2022012300100004,2022년 1월 23일 00시,일요일,부산광역시 사하구 하단동,경상사고,0,0,2,0,차대차 - 추돌,안전운전불이행,건조,맑음,단일로 - 기타,화물,남,27세,상해없음,승용,남,25세,경상
2022012300100081,2022년 1월 23일 12시,일요일,부산광역시 사하구 당리동,경상사고,0,0,1,0,차대차 - 기타,교차로운행방법위반,건조,맑음,교차로 - 교차로안,승용,남,71세,기타불명,승용,여,49세,경상
2022012300100141,2022년 1월 23일 14시,일요일,부산광역시 강서구 명지동,중상사고,0,1,0,0,차대차 - 기타,안전운전불이행,건조,맑음,기타 - 기타,자전거,남,59세,중상,자전거,남,62세,상해없음
2022012300100177,2022년 1월 23일 15시,일요일,부산광역시 기장군 일광읍,경상사고,0,0,2,0,차대차 - 추돌,안전운전불이행,건조,맑음,단일로 - 기타,승용,여,47세,상해없음,승용,여,62세,경상
2022012300100206,2022년 1월 23일 16시,일요일,부산광역시 수영구 광안동,경상사고,0,0,1,0,차대차 - 측면충돌,안전운전불이행,건조,맑음,교차로 - 교차로부근,승용,여,24세,상해없음,승용,여,25세,경상
2022012300100232,2022년 1월 23일 17시,일요일,부산광역시 해운대구 석대동,경상사고,0,0,2,0,차대차 - 기타,안전운전불이행,건조,맑음,교차로 - 교차로부근,화물,남,47세,상해없음,이륜,남,60세,경상
2022012300100233,2022년 1월 23일 17시,일요일,부산광역시 사하구 당리동,중상사고,0,1,2,0,차대차 - 추돌,교차로운행방법위반,건조,맑음,교차로 - 교차로안,승용,남,45세,상해없음,승용,남,26세,경상
2.02201E+15,2022년 1월 23일 19시,일요일,부산광역시 강서구 명지동,경상사고,0,0,1,0,차대차 - 추돌,안전운전불이행,건조,맑음,단일로 - 기타,승용,남,55세,상해없음,승용,남,62세,경상
2022012300100332,2022년 1월 23일 20시,일요일,부산광역시 부산진구 부전동,경상사고,0,0,1,0,차대사람 - 횡단중,안전운전불이행,건조,맑음,단일로 - 기타,이륜,남,21세,상해없음,보행자,남,61세,경상
2022012300100333,2022년 1월 23일 20시,일요일,부산광역시 부산진구 범천동,경상사고,0,0,4,0,차대차 - 기타,신호위반,건조,맑음,교차로 - 교차로안,승용,남,34세,경상,승용,남,37세,경상
2022012300100363,2022년 1월 23일 21시,일요일,부산광역시 중구 영주동,중상사고,0,1,0,0,차대차 - 측면충돌,교차로운행방법위반,건조,맑음,교차로 - 교차로안,이륜,남,60세,상해없음,승용,남,23세,중상
2022012300100364,2022년 1월 23일 21시,일요일,부산광역시 부산진구 당감동,중상사고,0,1,1,0,차대차 - 추돌,안전운전불이행,건조,맑음,단일로 - 기타,이륜,남,18세,중상,승용,여,44세,경상
2022012300100404,2022년 1월 23일 23시,일요일,부산광역시 부산진구 부전동,경상사고,0,0,1,0,차대차 - 측면충돌,안전거리미확보,건조,맑음,교차로 - 교차로안,이륜,여,28세,경상,화물,남,58세,상해없음
2022012400100029,2022년 1월 24일 06시,월요일,부산광역시 동래구 온천동,경상사고,0,0,1,0,차대차 - 측면충돌,차로위반,건조,맑음,교차로 - 교차로부근,승용,남,70세,상해없음,승용,남,45세,경상
2022012400100069,2022년 1월 24일 08시,월요일,부산광역시 남구 대연동,사망사고,1,0,0,0,차대사람 - 보도통행중,보행자보호의무위반,건조,흐림,단일로 - 기타,승용,남,62세,상해없음,보행자,남,74세,사망
2.02201E+15,2022년 1월 24일 08시,월요일,부산광역시 수영구 광안동,경상사고,0,0,1,0,차대차 - 측면충돌,안전운전불이행,건조,맑음,기타 - 기타,화물,남,75세,기타불명,승용,여,33세,경상
2022012400100071,2022년 1월 24일 08시,월요일,부산광역시 금정구 부곡동,중상사고,0,1,0,0,차대사람 - 횡단중,안전운전불이행,건조,맑음,단일로 - 기타,승용,남,72세,상해없음,보행자,여,89세,중상
2022012400100072,2022년 1월 24일 08시,월요일,부산광역시 기장군 기장읍,경상사고,0,0,1,0,차대차 - 추돌,안전운전불이행,건조,맑음,단일로 - 교량,승용,남,37세,상해없음,승용,남,46세,경상
2022012400100121,2022년 1월 24일 09시,월요일,부산광역시 금정구 금사동,경상사고,0,0,1,0,차대차 - 기타,안전운전불이행,건조,맑음,기타 - 기타,건설기계,남,59세,상해없음,승용,여,44세,경상
2022012400100122,2022년 1월 24일 09시,월요일,부산광역시 강서구 강동동,경상사고,0,0,1,0,차대차 - 기타,안전운전불이행,건조,맑음,단일로 - 기타,승용,여,68세,상해없음,승용,여,57세,경상
2022012400100181,2022년 1월 24일 11시,월요일,부산광역시 수영구 광안동,중상사고,0,1,0,0,차대차 - 측면충돌,안전운전불이행,건조,맑음,교차로 - 교차로안,승용,남,67세,상해없음,이륜,남,80세,중상
2022012400100182,2022년 1월 24일 11시,월요일,부산광역시 동래구 낙민동,중상사고,0,1,0,0,차대차 - 측면충돌,안전거리미확보,건조,맑음,단일로 - 기타,승용,여,47세,기타불명,승용,여,59세,중상
2022012400100183,2022년 1월 24일 11시,월요일,부산광역시 강서구 대저2동,경상사고,0,0,1,0,차대차 - 측면충돌,신호위반,건조,맑음,교차로 - 교차로안,승용,남,49세,상해없음,원동기,남,62세,경상
2022012400100184,2022년 1월 24일 11시,월요일,부산광역시 기장군 기장읍,중상사고,0,1,0,0,차대차 - 측면충돌,안전운전불이행,건조,맑음,단일로 - 기타,원동기,남,51세,중상,화물,남,53세,상해없음
2022012400100225,2022년 1월 24일 12시,월요일,부산광역시 남구 대연동,중상사고,0,1,0,0,차대차 - 측면충돌,안전운전불이행,건조,맑음,교차로 - 교차로부근,승용,남,20세,기타불명,이륜,남,22세,중상
2022012400100226,2022년 1월 24일 12시,월요일,부산광역시 북구 덕천동,경상사고,0,0,1,0,차대차 - 기타,안전운전불이행,건조,맑음,단일로 - 기타,화물,남,22세,상해없음,승용,남,34세,경상
2022012400100227,2022년 1월 24일 12시,월요일,부산광역시 금정구 장전동,경상사고,0,0,2,0,차대차 - 기타,신호위반,건조,맑음,교차로 - 교차로안,이륜,남,41세,경상,승용,남,52세,경상
2022012400100228,2022년 1월 24일 12시,월요일,부산광역시 연제구 거제동,부상신고사고,0,0,0,1,차대차 - 추돌,안전운전불이행,건조,맑음,단일로 - 기타,이륜,남,58세,부상신고,화물,남,42세,상해없음
2022012400100258,2022년 1월 24일 13시,월요일,부산광역시 기장군 일광읍,경상사고,0,0,1,0,차대차 - 추돌,안전운전불이행,건조,맑음,교차로 - 교차로안,승용,여,56세,상해없음,승용,남,27세,경상
2022012400100312,2022년 1월 24일 15시,월요일,부산광역시 사하구 감천동,경상사고,0,0,1,0,차대차 - 측면충돌,중앙선침범,건조,맑음,단일로 - 기타,승용,여,60세,상해없음,이륜,남,19세,경상
2022012400100313,2022년 1월 24일 15시,월요일,부산광역시 수영구 망미동,경상사고,0,0,1,0,차대차 - 기타,교차로운행방법위반,건조,맑음,단일로 - 기타,이륜,남,27세,상해없음,승용,남,31세,경상
2022012400100335,2022년 1월 24일 16시,월요일,부산광역시 북구 금곡동,경상사고,0,0,1,0,차대차 - 기타,신호위반,건조,맑음,교차로 - 교차로횡단보도내,승용,여,42세,상해없음,자전거,여,47세,경상
2022012400100359,2022년 1월 24일 17시,월요일,부산광역시 금정구 서동,중상사고,0,1,0,0,차대사람 - 기타,안전운전불이행,건조,맑음,단일로 - 기타,승용,남,76세,상해없음,보행자,여,44세,중상
2.02201E+15,2022년 1월 24일 17시,월요일,부산광역시 강서구 구랑동,중상사고,0,2,0,0,차대차 - 기타,안전운전불이행,건조,맑음,단일로 - 기타,특수,남,48세,상해없음,승용,여,48세,중상
2022012400100395,2022년 1월 24일 18시,월요일,부산광역시 해운대구 재송동,경상사고,0,0,2,0,차대차 - 추돌,안전운전불이행,건조,맑음,단일로 - 기타,승용,여,26세,상해없음,승용,여,56세,경상
2022012400100396,2022년 1월 24일 18시,월요일,부산광역시 강서구 녹산동,중상사고,0,1,0,0,차량단독 - 기타,안전운전불이행,건조,맑음,단일로 - 지하차도(도로)내,이륜,남,17세,중상,,,,
2022012400100455,2022년 1월 24일 19시,월요일,부산광역시 동구 초량동,중상사고,0,1,0,0,차대차 - 정면충돌,교차로운행방법위반,건조,맑음,교차로 - 교차로안,승용,남,31세,상해없음,승용,여,53세,중상
2022012400100456,2022년 1월 24일 19시,월요일,부산광역시 서구 암남동,중상사고,0,1,0,0,차대차 - 추돌,안전거리미확보,건조,맑음,단일로 - 기타,승용,남,52세,상해없음,승합,남,61세,상해없음
2022012400100457,2022년 1월 24일 19시,월요일,부산광역시 북구 금곡동,경상사고,0,0,1,0,차대차 - 기타,안전운전불이행,건조,맑음,교차로 - 교차로안,승용,여,46세,상해없음,승용,여,35세,경상
2.02201E+15,2022년 1월 24일 21시,월요일,부산광역시 북구 화명동,경상사고,0,0,1,0,차대차 - 기타,신호위반,건조,맑음,교차로 - 교차로안,승용,남,36세,상해없음,이륜,남,18세,경상
2022012400100511,2022년 1월 24일 21시,월요일,부산광역시 북구 구포동,경상사고,0,0,1,0,차대차 - 기타,안전운전불이행,건조,맑음,기타 - 기타,화물,남,49세,상해없음,자전거,남,56세,경상
2022012400100512,2022년 1월 24일 21시,월요일,부산광역시 동래구 명륜동,경상사고,0,0,1,0,차대차 - 측면충돌,안전운전불이행,건조,맑음,교차로 - 교차로부근,승용,여,26세,상해없음,이륜,남,35세,경상
2022012400100547,2022년 1월 24일 22시,월요일,부산광역시 북구 덕천동,경상사고,0,0,1,0,차대사람 - 기타,안전운전불이행,건조,맑음,단일로 - 기타,승용,남,39세,상해없음,보행자,남,28세,경상
2022012400100548,2022년 1월 24일 22시,월요일,부산광역시 동래구 온천동,경상사고,0,0,1,0,차대차 - 추돌,안전운전불이행,건조,맑음,단일로 - 기타,승용,남,64세,상해없음,승용,여,28세,경상
2022012400100559,2022년 1월 24일 23시,월요일,부산광역시 남구 대연동,경상사고,0,0,1,0,차대차 - 정면충돌,직진우회전진행방해,건조,맑음,교차로 - 교차로안,승용,남,53세,상해없음,이륜,남,45세,경상
2022012500100016,2022년 1월 25일 05시,화요일,부산광역시 북구 만덕동,부상신고사고,0,0,0,1,차대차 - 기타,신호위반,건조,맑음,교차로 - 교차로안,원동기,기타불명,미분류,기타불명,승용,남,62세,부상신고
2022012500100042,2022년 1월 25일 07시,화요일,부산광역시 부산진구 부전동,경상사고,0,0,1,0,차대차 - 추돌,안전운전불이행,건조,맑음,교차로 - 교차로부근,승용,남,51세,상해없음,승용,여,39세,상해없음
2022012500100043,2022년 1월 25일 07시,화요일,부산광역시 사하구 괴정동,경상사고,0,0,1,0,차대차 - 기타,안전운전불이행,건조,맑음,단일로 - 기타,승용,남,63세,기타불명,승용,여,19세,경상
2022012500100067,2022년 1월 25일 08시,화요일,부산광역시 동구 초량동,경상사고,0,0,2,0,차대차 - 추돌,안전운전불이행,건조,맑음,단일로 - 기타,승용,여,53세,상해없음,승용,남,71세,경상
2022012500100068,2022년 1월 25일 08시,화요일,부산광역시 부산진구 개금동,경상사고,0,0,1,0,차대사람 - 횡단중,신호위반,건조,맑음,단일로 - 기타,승용,남,77세,상해없음,보행자,여,56세,경상
2022012500100069,2022년 1월 25일 08시,화요일,부산광역시 사하구 하단동,중상사고,0,1,0,0,차대차 - 기타,안전운전불이행,건조,맑음,단일로 - 지하차도(도로)내,승용,남,45세,기타불명,승용,남,49세,중상
2.02201E+15,2022년 1월 25일 08시,화요일,부산광역시 사하구 다대동,경상사고,0,0,1,0,차대차 - 추돌,안전운전불이행,건조,맑음,단일로 - 기타,승용,여,47세,상해없음,승용,여,48세,경상
2022012500100099,2022년 1월 25일 09시,화요일,부산광역시 수영구 광안동,경상사고,0,0,2,0,차대차 - 추돌,안전운전불이행,건조,맑음,단일로 - 기타,승용,남,36세,상해없음,승용,남,65세,상해없음
2022012500100116,2022년 1월 25일 10시,화요일,부산광역시 동구 좌천동,경상사고,0,0,1,0,차대차 - 측면충돌,안전거리미확보,건조,맑음,단일로 - 지하차도(도로)내,승용,여,55세,상해없음,화물,남,63세,경상
2022012500100117,2022년 1월 25일 10시,화요일,부산광역시 수영구 남천동,경상사고,0,0,1,0,차대사람 - 기타,안전운전불이행,건조,맑음,교차로 - 교차로부근,화물,남,55세,상해없음,보행자,여,72세,경상
2022012500100118,2022년 1월 25일 10시,화요일,부산광역시 수영구 광안동,중상사고,0,1,0,0,차대사람 - 기타,안전운전불이행,건조,맑음,기타 - 기타,기타불명,기타불명,미분류,기타불명,보행자,여,67세,중상
2022012500100119,2022년 1월 25일 10시,화요일,부산광역시 남구 대연동,경상사고,0,0,2,0,차대차 - 측면충돌,교차로운행방법위반,건조,맑음,교차로 - 교차로안,승용,남,78세,상해없음,화물,남,43세,경상
2.02201E+15,2022년 1월 25일 10시,화요일,부산광역시 해운대구 우동,중상사고,0,1,0,0,차대사람 - 횡단중,안전운전불이행,건조,흐림,교차로 - 교차로안,승용,남,60세,상해없음,보행자,여,81세,중상
2022012500100121,2022년 1월 25일 10시,화요일,부산광역시 부산진구 부전동,경상사고,0,0,1,0,차대사람 - 기타,안전운전불이행,건조,맑음,단일로 - 기타,승용,남,25세,상해없음,보행자,남,63세,경상
2022012500100122,2022년 1월 25일 10시,화요일,부산광역시 강서구 대저2동,경상사고,0,0,1,0,차대차 - 측면충돌,신호위반,건조,맑음,교차로 - 교차로안,승용,남,71세,상해없음,승용,남,77세,경상
2.02201E+15,2022년 1월 25일 11시,화요일,부산광역시 동래구 안락동,부상신고사고,0,0,0,1,차대차 - 기타,직진우회전진행방해,건조,맑음,교차로 - 교차로안,승용,여,62세,상해없음,이륜,남,65세,부상신고
2022012500100151,2022년 1월 25일 11시,화요일,부산광역시 영도구 동삼동,경상사고,0,0,1,0,차대차 - 후진중충돌,안전운전불이행,건조,맑음,단일로 - 기타,승용,여,27세,상해없음,승용,남,40세,기타불명
2022012500100185,2022년 1월 25일 12시,화요일,부산광역시 남구 용호동,경상사고,0,0,1,0,차대차 - 측면충돌,신호위반,건조,맑음,단일로 - 기타,승용,여,29세,상해없음,화물,남,59세,경상
2022012500100215,2022년 1월 25일 13시,화요일,부산광역시 남구 대연동,경상사고,0,0,1,0,차대사람 - 보도통행중,기타,건조,맑음,단일로 - 기타,승용,남,76세,상해없음,보행자,여,26세,경상
2022012500100246,2022년 1월 25일 14시,화요일,부산광역시 남구 용호동,중상사고,0,1,0,0,차대사람 - 기타,안전운전불이행,건조,맑음,교차로 - 교차로안,승용,여,39세,상해없음,보행자,여,86세,중상
2022012500100247,2022년 1월 25일 14시,화요일,부산광역시 사상구 모라동,경상사고,0,0,1,0,차대차 - 추돌,안전운전불이행,건조,맑음,단일로 - 기타,승용,남,27세,상해없음,승용,여,31세,경상
2022012500100275,2022년 1월 25일 15시,화요일,부산광역시 서구 남부민동,중상사고,0,1,0,0,차대차 - 정면충돌,차로위반,건조,맑음,교차로 - 교차로부근,화물,남,68세,상해없음,이륜,남,50세,중상
2022012500100276,2022년 1월 25일 15시,화요일,부산광역시 해운대구 좌동,중상사고,0,1,0,0,차대차 - 측면충돌,신호위반,건조,맑음,교차로 - 교차로부근,승용,남,73세,상해없음,이륜,남,51세,중상
2022012500100277,2022년 1월 25일 15시,화요일,부산광역시 부산진구 범천동,경상사고,0,0,2,0,차대차 - 기타,안전운전불이행,건조,맑음,교차로 - 교차로부근,승용,남,60세,상해없음,승용,남,63세,경상
2022012500100278,2022년 1월 25일 15시,화요일,부산광역시 연제구 연산동,경상사고,0,0,2,0,차대차 - 추돌,안전운전불이행,건조,맑음,단일로 - 기타,화물,남,48세,상해없음,승용,남,55세,경상
2022012500100304,2022년 1월 25일 16시,화요일,부산광역시 사상구 학장동,경상사고,0,0,2,0,차대차 - 측면충돌,안전운전불이행,건조,맑음,주차장 - 주차장,승용,남,49세,상해없음,승용,여,44세,경상
2022012500100337,2022년 1월 25일 17시,화요일,부산광역시 동래구 수안동,경상사고,0,0,1,0,차대사람 - 차도통행중,안전운전불이행,건조,맑음,단일로 - 기타,이륜,남,19세,상해없음,보행자,남,55세,경상
2022012500100424,2022년 1월 25일 19시,화요일,부산광역시 북구 덕천동,중상사고,0,1,1,0,차대차 - 측면충돌,안전운전불이행,건조,맑음,단일로 - 기타,승용,남,46세,중상,승용,남,31세,경상
2022012500100425,2022년 1월 25일 19시,화요일,부산광역시 연제구 연산동,경상사고,0,0,1,0,차대차 - 기타,안전거리미확보,건조,맑음,교차로 - 교차로안,승용,여,33세,상해없음,화물,남,32세,경상
2022012500100461,2022년 1월 25일 20시,화요일,부산광역시 해운대구 반여동,중상사고,0,1,0,0,차대사람 - 기타,기타,건조,맑음,단일로 - 기타,화물,남,69세,상해없음,보행자,남,57세,중상
2022012500100462,2022년 1월 25일 20시,화요일,부산광역시 사하구 괴정동,중상사고,0,1,0,0,차대사람 - 횡단중,신호위반,건조,맑음,교차로 - 교차로부근,승용,남,30세,상해없음,보행자,여,28세,중상
2022012500100491,2022년 1월 25일 21시,화요일,부산광역시 부산진구 당감동,경상사고,0,0,2,0,차대차 - 추돌,안전운전불이행,건조,맑음,교차로 - 교차로부근,승용,여,26세,상해없음,승용,남,69세,경상
2022012600100027,2022년 1월 26일 05시,수요일,부산광역시 사상구 학장동,중상사고,0,1,0,0,차대차 - 추돌,안전운전불이행,건조,맑음,단일로 - 기타,승용,남,60세,상해없음,자전거,남,66세,중상
2022012600100041,2022년 1월 26일 06시,수요일,부산광역시 부산진구 전포동,경상사고,0,0,1,0,차대차 - 추돌,안전거리미확보,건조,맑음,단일로 - 기타,승합,남,62세,상해없음,승합,남,56세,경상
2022012600100081,2022년 1월 26일 08시,수요일,부산광역시 서구 동대신동3가,경상사고,0,0,2,0,차대차 - 측면충돌,신호위반,건조,맑음,교차로 - 교차로안,승용,여,43세,상해없음,이륜,남,40세,경상
2022012600100115,2022년 1월 26일 09시,수요일,부산광역시 수영구 남천동,경상사고,0,0,1,0,차대차 - 기타,기타,건조,맑음,교차로 - 교차로횡단보도내,승용,여,51세,상해없음,자전거,여,21세,경상
2022012600100116,2022년 1월 26일 09시,수요일,부산광역시 남구 용당동,부상신고사고,0,0,0,1,차량단독 - 공작물충돌,안전운전불이행,건조,맑음,단일로 - 기타,승용,남,58세,상해없음,,,,
2022012600100139,2022년 1월 26일 10시,수요일,부산광역시 연제구 연산동,경상사고,0,0,1,0,차대차 - 측면충돌,안전운전불이행,건조,맑음,교차로 - 교차로부근,승용,남,72세,상해없음,승용,남,63세,경상
2022012600100174,2022년 1월 26일 11시,수요일,부산광역시 연제구 연산동,경상사고,0,0,1,0,차대차 - 기타,차로위반,건조,맑음,단일로 - 기타,승용,남,42세,상해없음,승용,남,50세,경상
2022012600100175,2022년 1월 26일 11시,수요일,부산광역시 강서구 구랑동,경상사고,0,0,2,0,차대차 - 측면충돌,안전거리미확보,건조,맑음,단일로 - 기타,특수,남,68세,상해없음,승용,남,50세,경상
2022012600100197,2022년 1월 26일 12시,수요일,부산광역시 금정구 장전동,중상사고,0,1,0,0,차대차 - 기타,중앙선침범,건조,맑음,단일로 - 기타,승용,남,44세,상해없음,화물,남,40세,중상
2022012600100198,2022년 1월 26일 12시,수요일,부산광역시 강서구 명지동,경상사고,0,0,1,0,차대차 - 추돌,안전운전불이행,건조,맑음,단일로 - 기타,승용,남,69세,상해없음,승용,여,40세,경상
2022012600100236,2022년 1월 26일 13시,수요일,부산광역시 금정구 장전동,경상사고,0,0,1,0,차대사람 - 기타,안전운전불이행,건조,맑음,기타 - 기타,승용,여,44세,상해없음,보행자,여,28세,경상
2022012600100264,2022년 1월 26일 14시,수요일,부산광역시 남구 대연동,경상사고,0,0,1,0,차대사람 - 횡단중,신호위반,건조,맑음,교차로 - 교차로안,승용,여,33세,상해없음,보행자,여,64세,경상
2022012600100265,2022년 1월 26일 14시,수요일,부산광역시 수영구 광안동,경상사고,0,0,1,1,차대차 - 추돌,안전운전불이행,건조,맑음,단일로 - 기타,자전거,남,14세,부상신고,승용,남,28세,경상
2022012600100303,2022년 1월 26일 15시,수요일,부산광역시 부산진구 당감동,중상사고,0,1,0,0,차대차 - 후진중충돌,안전운전불이행,건조,맑음,교차로 - 교차로안,화물,남,59세,상해없음,이륜,남,19세,중상
2022012600100304,2022년 1월 26일 15시,수요일,부산광역시 부산진구 범전동,경상사고,0,0,4,0,차대차 - 측면충돌,교차로운행방법위반,건조,맑음,교차로 - 교차로안,승용,여,24세,경상,승합,남,63세,상해없음
2022012600100328,2022년 1월 26일 16시,수요일,부산광역시 해운대구 반송동,중상사고,0,1,0,0,차대사람 - 횡단중,안전운전불이행,건조,맑음,단일로 - 기타,승용,여,53세,상해없음,보행자,남,11세,중상
2022012600100364,2022년 1월 26일 17시,수요일,부산광역시 사하구 다대동,경상사고,0,0,1,0,차대차 - 측면충돌,안전운전불이행,건조,맑음,교차로 - 교차로안,승용,여,41세,상해없음,이륜,남,49세,경상
2022012600100365,2022년 1월 26일 17시,수요일,부산광역시 사하구 하단동,경상사고,0,0,1,0,차대차 - 측면충돌,안전거리미확보,건조,맑음,단일로 - 기타,승용,여,66세,상해없음,승용,남,46세,경상
2022012600100406,2022년 1월 26일 18시,수요일,부산광역시 사상구 학장동,중상사고,0,1,0,0,차대차 - 정면충돌,신호위반,건조,맑음,교차로 - 교차로부근,승용,남,46세,상해없음,승용,남,52세,중상
2022012600100449,2022년 1월 26일 19시,수요일,부산광역시 부산진구 전포동,경상사고,0,0,2,0,차대차 - 측면충돌,안전거리미확보,건조,맑음,단일로 - 기타,승용,남,61세,상해없음,승용,남,46세,경상
2.02201E+15,2022년 1월 26일 19시,수요일,부산광역시 부산진구 초읍동,경상사고,0,0,1,0,차대차 - 기타,기타,건조,맑음,단일로 - 기타,원동기,남,36세,경상,승용,남,59세,상해없음
2022012600100488,2022년 1월 26일 20시,수요일,부산광역시 부산진구 부전동,경상사고,0,0,1,0,차대사람 - 기타,안전운전불이행,건조,맑음,교차로 - 교차로부근,승용,남,51세,상해없음,보행자,남,46세,경상
2022012600100521,2022년 1월 26일 21시,수요일,부산광역시 강서구 명지동,경상사고,0,0,1,0,차대차 - 측면충돌,기타,건조,맑음,교차로 - 교차로안,승용,남,24세,상해없음,승용,남,38세,경상
2022012600100522,2022년 1월 26일 21시,수요일,부산광역시 기장군 정관읍,경상사고,0,0,1,0,차대차 - 측면충돌,안전운전불이행,건조,맑음,단일로 - 기타,승용,남,39세,상해없음,승용,남,44세,경상
2022012600100563,2022년 1월 26일 23시,수요일,부산광역시 해운대구 우동,중상사고,0,1,0,0,차대차 - 추돌,교차로운행방법위반,건조,맑음,교차로 - 교차로안,승용,남,36세,상해없음,이륜,남,49세,중상
2022012700100018,2022년 1월 27일 05시,목요일,부산광역시 사상구 학장동,중상사고,0,1,0,0,차대사람 - 보도통행중,보행자보호의무위반,건조,맑음,교차로 - 교차로부근,승용,남,74세,상해없음,보행자,여,61세,중상
2022012700100025,2022년 1월 27일 06시,목요일,부산광역시 해운대구 좌동,중상사고,0,1,0,0,차대차 - 정면충돌,신호위반,건조,맑음,단일로 - 기타,이륜,남,16세,중상,화물,남,54세,상해없음
2.02201E+15,2022년 1월 27일 07시,목요일,부산광역시 동래구 칠산동,중상사고,0,2,0,0,차대사람 - 보도통행중,기타,건조,맑음,단일로 - 기타,화물,남,55세,상해없음,보행자,여,65세,중상