사고번호,사고일시,요일,시군구,사고내용,사망자수,중상자수,경상자수,부상신고자수,사고유형,법규위반,노면상태,기상상태,도로형태,가해운전자 차종,가해운전자 성별,가해운전자 연령,가해운전자 상해정도,피해운전자 차종,피해운전자 성별,피해운전자 연령,피해운전자 상해정도
2022012700100041,2022년 1월 27일 07시,목요일,부산광역시 강서구 화전동,중상사고,0,1,0,0,차대차 - 추돌,안전운전불이행,건조,맑음,교차로 - 교차로부근,승용,남,36세,상해없음,승용,여,43세,중상
2022012700100063,2022년 1월 27일 08시,목요일,부산광역시 동구 초량동,경상사고,0,0,1,0,차대차 - 추돌,안전거리미확보,건조,맑음,교차로 - 교차로부근,승용,남,32세,상해없음,승용,남,60세,경상
2022012700100097,2022년 1월 27일 09시,목요일,부산광역시 연제구 연산동,경상사고,0,0,2,0,차대차 - 기타,교차로운행방법위반,건조,맑음,교차로 - 교차로안,승용,남,64세,상해없음,승용,남,84세,경상
2022012700100123,2022년 1월 27일 10시,목요일,부산광역시 강서구 명지동,중상사고,0,1,0,0,차대차 - 측면충돌,신호위반,건조,맑음,교차로 - 교차로횡단보도내,승용,남,75세,상해없음,승용,여,35세,중상
2022012700100151,2022년 1월 27일 11시,목요일,부산광역시 부산진구 가야동,중상사고,0,1,0,0,차대차 - 기타,안전거리미확보,건조,맑음,단일로 - 기타,승용,남,59세,상해없음,승합,남,61세,상해없음
2022012700100152,2022년 1월 27일 11시,목요일,부산광역시 사하구 감천동,경상사고,0,0,1,0,차대차 - 기타,신호위반,기타,맑음,교차로 - 교차로안,승용,여,68세,상해없음,이륜,남,60세,경상
2022012700100153,2022년 1월 27일 11시,목요일,부산광역시 사상구 모라동,중상사고,0,1,0,0,차대차 - 측면충돌,안전거리미확보,건조,맑음,단일로 - 기타,이륜,남,73세,중상,승용,남,61세,상해없음
2022012700100154,2022년 1월 27일 11시,목요일,부산광역시 금정구 두구동,중상사고,0,1,1,0,차대차 - 기타,안전운전불이행,건조,맑음,단일로 - 기타,건설기계,남,55세,상해없음,화물,남,52세,중상
2.02201E+15,2022년 1월 27일 14시,목요일,부산광역시 부산진구 전포동,경상사고,0,0,1,0,차대차 - 측면충돌,안전거리미확보,건조,맑음,교차로 - 교차로안,승용,여,59세,기타불명,승용,여,32세,경상
2022012700100241,2022년 1월 27일 14시,목요일,부산광역시 부산진구 전포동,경상사고,0,0,1,0,차대차 - 측면충돌,안전운전불이행,건조,맑음,기타 - 기타,승용,남,29세,상해없음,승용,여,29세,경상
2022012700100281,2022년 1월 27일 15시,목요일,부산광역시 북구 화명동,중상사고,0,1,1,0,차대차 - 추돌,안전거리미확보,건조,맑음,단일로 - 기타,승용,남,52세,상해없음,승합,남,32세,상해없음
2022012700100282,2022년 1월 27일 15시,목요일,부산광역시 북구 금곡동,경상사고,0,0,2,0,차대차 - 추돌,안전운전불이행,건조,맑음,단일로 - 기타,승용,여,57세,상해없음,승용,남,35세,경상
2022012700100283,2022년 1월 27일 15시,목요일,부산광역시 북구 덕천동,경상사고,0,0,1,0,차대차 - 기타,안전운전불이행,건조,맑음,단일로 - 기타,승용,여,66세,상해없음,화물,남,51세,경상
2022012700100284,2022년 1월 27일 15시,목요일,부산광역시 부산진구 전포동,경상사고,0,0,1,0,차대사람 - 기타,안전운전불이행,건조,맑음,단일로 - 기타,승용,여,40세,상해없음,보행자,여,20세,경상
2022012700100285,2022년 1월 27일 15시,목요일,부산광역시 부산진구 전포동,경상사고,0,0,2,0,차대차 - 기타,안전운전불이행,건조,기타,단일로 - 기타,승용,남,37세,상해없음,승용,남,55세,상해없음
2022012700100286,2022년 1월 27일 15시,목요일,부산광역시 사상구 엄궁동,경상사고,0,0,2,0,차대차 - 추돌,안전운전불이행,건조,맑음,단일로 - 기타,화물,남,52세,상해없음,승용,남,46세,경상
2022012700100323,2022년 1월 27일 16시,목요일,부산광역시 해운대구 반여동,경상사고,0,0,1,0,차대차 - 기타,안전거리미확보,건조,맑음,교차로 - 교차로부근,승용,여,52세,상해없음,승합,남,50세,상해없음
2022012700100353,2022년 1월 27일 17시,목요일,부산광역시 부산진구 가야동,중상사고,0,1,0,0,차대사람 - 횡단중,안전운전불이행,건조,맑음,기타 - 기타,승용,남,64세,상해없음,보행자,남,10세,중상
2022012700100354,2022년 1월 27일 17시,목요일,부산광역시 사상구 감전동,중상사고,0,2,0,0,차대차 - 측면충돌,교차로운행방법위반,건조,맑음,교차로 - 교차로안,화물,남,71세,상해없음,승용,남,64세,중상
2.02201E+15,2022년 1월 27일 18시,목요일,부산광역시 동래구 온천동,경상사고,0,0,1,0,차대사람 - 횡단중,안전운전불이행,건조,맑음,교차로 - 교차로부근,승용,남,67세,상해없음,보행자,남,40세,경상
2022012700100391,2022년 1월 27일 18시,목요일,부산광역시 영도구 동삼동,경상사고,0,0,2,0,차대차 - 기타,직진우회전진행방해,건조,맑음,교차로 - 교차로안,승용,남,59세,상해없음,승용,남,34세,경상
2022012700100392,2022년 1월 27일 18시,목요일,부산광역시 사상구 엄궁동,경상사고,0,0,1,0,차대차 - 측면충돌,안전운전불이행,건조,맑음,교차로 - 교차로부근,승용,남,45세,상해없음,승용,남,62세,경상
2.02201E+15,2022년 1월 27일 19시,목요일,부산광역시 부산진구 범천동,경상사고,0,0,2,0,차대사람 - 횡단중,안전운전불이행,건조,맑음,교차로 - 교차로안,승용,남,81세,상해없음,보행자,여,67세,경상
2022012700100468,2022년 1월 27일 20시,목요일,부산광역시 중구 남포동6가,경상사고,0,0,1,0,차대차 - 측면충돌,교차로운행방법위반,건조,맑음,교차로 - 교차로안,이륜,남,65세,경상,승용,남,65세,상해없음
2022012700100502,2022년 1월 27일 21시,목요일,부산광역시 북구 덕천동,중상사고,0,1,0,0,차대차 - 추돌,안전운전불이행,건조,맑음,교차로 - 교차로부근,이륜,남,37세,중상,승용,남,64세,상해없음
2022012700100503,2022년 1월 27일 21시,목요일,부산광역시 기장군 장안읍,경상사고,0,0,1,0,차대차 - 추돌,안전운전불이행,건조,맑음,교차로 - 교차로부근,화물,남,54세,기타불명,승용,남,63세,경상
2022012700100531,2022년 1월 27일 22시,목요일,부산광역시 북구 구포동,중상사고,0,1,1,1,차대차 - 측면충돌,신호위반,건조,맑음,교차로 - 교차로안,이륜,남,19세,중상,승용,남,54세,상해없음
2022012700100532,2022년 1월 27일 22시,목요일,부산광역시 사하구 신평동,경상사고,0,0,2,0,차대차 - 추돌,안전운전불이행,건조,맑음,단일로 - 기타,승용,여,51세,상해없음,승용,남,46세,경상
2022012700100548,2022년 1월 27일 23시,목요일,부산광역시 동래구 명장동,중상사고,0,1,0,0,차대차 - 추돌,안전운전불이행,젖음/습기,맑음,단일로 - 기타,승용,남,30세,상해없음,승용,남,42세,중상
2022012800100014,2022년 1월 28일 05시,금요일,부산광역시 남구 용당동,중상사고,0,1,0,0,차대사람 - 기타,안전운전불이행,건조,맑음,단일로 - 기타,승용,남,70세,상해없음,보행자,여,66세,중상
2022012800100031,2022년 1월 28일 07시,금요일,부산광역시 동구 범일동,중상사고,0,1,0,0,차대사람 - 기타,안전운전불이행,건조,맑음,교차로 - 교차로안,화물,남,59세,상해없음,보행자,여,62세,중상
2022012800100111,2022년 1월 28일 10시,금요일,부산광역시 중구 영주동,경상사고,0,0,1,1,차대차 - 측면충돌,차로위반,건조,맑음,단일로 - 기타,승용,남,68세,경상,승용,남,67세,부상신고
2022012800100112,2022년 1월 28일 10시,금요일,부산광역시 연제구 연산동,경상사고,0,0,1,0,차대차 - 측면충돌,중앙선침범,건조,맑음,단일로 - 기타,승용,여,54세,상해없음,이륜,남,50세,경상
2022012800100113,2022년 1월 28일 10시,금요일,부산광역시 사상구 엄궁동,경상사고,0,0,5,0,차대차 - 측면충돌,교차로운행방법위반,건조,맑음,교차로 - 교차로안,승용,남,69세,상해없음,승용,남,37세,경상
2022012800100148,2022년 1월 28일 11시,금요일,부산광역시 영도구 동삼동,경상사고,0,0,1,0,차대사람 - 횡단중,보행자보호의무위반,건조,맑음,교차로 - 교차로횡단보도내,승용,여,46세,상해없음,보행자,남,25세,경상
2022012800100149,2022년 1월 28일 11시,금요일,부산광역시 부산진구 전포동,경상사고,0,0,1,0,차대차 - 측면충돌,안전운전불이행,건조,맑음,단일로 - 기타,승용,여,61세,상해없음,승용,여,60세,경상
2022012800100151,2022년 1월 28일 11시,금요일,부산광역시 사하구 다대동,중상사고,0,1,0,0,차대사람 - 횡단중,신호위반,건조,맑음,교차로 - 교차로안,원동기,남,83세,상해없음,보행자,여,33세,중상
2022012800100152,2022년 1월 28일 11시,금요일,부산광역시 수영구 수영동,경상사고,0,0,1,1,차대사람 - 기타,안전운전불이행,건조,맑음,기타 - 기타,자전거,남,51세,부상신고,보행자,여,52세,경상
2022012800100181,2022년 1월 28일 12시,금요일,부산광역시 서구 암남동,중상사고,0,1,0,0,차대차 - 기타,신호위반,건조,맑음,교차로 - 교차로안,화물,남,65세,상해없음,이륜,남,21세,중상
2022012800100182,2022년 1월 28일 12시,금요일,부산광역시 남구 대연동,중상사고,0,1,0,0,차대차 - 추돌,안전운전불이행,건조,맑음,단일로 - 기타,이륜,남,30세,중상,화물,남,36세,상해없음
2022012800100183,2022년 1월 28일 12시,금요일,부산광역시 부산진구 부전동,중상사고,0,1,0,0,차대사람 - 기타,안전운전불이행,건조,맑음,단일로 - 기타,승용,남,28세,상해없음,보행자,남,62세,중상
2022012800100184,2022년 1월 28일 12시,금요일,부산광역시 강서구 지사동,중상사고,0,1,0,0,차대차 - 기타,안전운전불이행,건조,맑음,교차로 - 교차로부근,승용,남,57세,상해없음,자전거,남,34세,중상
2022012800100225,2022년 1월 28일 13시,금요일,부산광역시 수영구 남천동,경상사고,0,0,2,0,차대차 - 측면충돌,신호위반,건조,맑음,교차로 - 교차로안,승용,남,51세,상해없음,승용,남,70세,경상
2022012800100226,2022년 1월 28일 13시,금요일,부산광역시 금정구 오륜동,중상사고,0,1,2,0,차대차 - 추돌,안전운전불이행,건조,맑음,단일로 - 터널,승용,여,30세,상해없음,승용,남,56세,중상
2022012800100227,2022년 1월 28일 13시,금요일,부산광역시 금정구 구서동,경상사고,0,0,1,0,차대차 - 추돌,안전거리미확보,건조,맑음,단일로 - 기타,승용,남,60세,상해없음,승용,남,37세,경상
2022012800100228,2022년 1월 28일 13시,금요일,부산광역시 사상구 주례동,경상사고,0,0,1,0,차대차 - 측면충돌,안전거리미확보,건조,맑음,단일로 - 지하차도(도로)내,이륜,남,59세,상해없음,승용,여,53세,경상
2022012800100265,2022년 1월 28일 14시,금요일,부산광역시 금정구 서동,중상사고,0,1,0,0,차대사람 - 기타,보행자보호의무위반,건조,맑음,교차로 - 교차로부근,화물,남,45세,상해없음,보행자,남,71세,중상
2022012800100307,2022년 1월 28일 15시,금요일,부산광역시 영도구 청학동,중상사고,0,1,0,0,차대사람 - 횡단중,안전운전불이행,건조,맑음,단일로 - 기타,화물,남,37세,상해없음,보행자,여,55세,중상
2022012800100352,2022년 1월 28일 16시,금요일,부산광역시 서구 토성동5가,부상신고사고,0,0,0,1,차대차 - 측면충돌,신호위반,건조,맑음,교차로 - 교차로안,자전거,여,66세,부상신고,화물,남,36세,상해없음
2022012800100353,2022년 1월 28일 16시,금요일,부산광역시 동래구 안락동,경상사고,0,0,1,0,차대차 - 추돌,안전운전불이행,건조,맑음,단일로 - 기타,승용,남,45세,상해없음,승용,여,67세,경상
2022012800100354,2022년 1월 28일 16시,금요일,부산광역시 강서구 명지동,중상사고,0,1,0,0,차대사람 - 기타,안전운전불이행,건조,맑음,기타 - 기타,자전거,남,9세,상해없음,보행자,여,44세,중상
2022012800100393,2022년 1월 28일 17시,금요일,부산광역시 남구 대연동,경상사고,0,0,1,0,차대차 - 측면충돌,안전운전불이행,건조,맑음,단일로 - 기타,승용,남,49세,상해없음,승용,남,30세,경상
2022012800100394,2022년 1월 28일 17시,금요일,부산광역시 금정구 장전동,경상사고,0,0,1,0,차대차 - 기타,신호위반,건조,맑음,교차로 - 교차로안,승용,여,28세,상해없음,승용,남,42세,경상
2022012800100395,2022년 1월 28일 17시,금요일,부산광역시 강서구 대저2동,경상사고,0,0,2,0,차대차 - 측면충돌,직진우회전진행방해,건조,맑음,교차로 - 교차로안,승용,남,59세,경상,승용,남,38세,경상
2022012800100435,2022년 1월 28일 18시,금요일,부산광역시 동구 좌천동,중상사고,0,1,1,0,차대차 - 기타,차로위반,건조,맑음,단일로 - 기타,승용,남,31세,중상,이륜,남,66세,상해없음
2022012800100436,2022년 1월 28일 18시,금요일,부산광역시 서구 동대신동1가,경상사고,0,0,1,0,차대차 - 측면충돌,안전운전불이행,건조,맑음,교차로 - 교차로부근,승용,남,63세,상해없음,이륜,남,36세,경상
2022012800100437,2022년 1월 28일 18시,금요일,부산광역시 부산진구 연지동,중상사고,0,1,1,0,차대차 - 정면충돌,신호위반,건조,맑음,교차로 - 교차로안,승용,남,62세,상해없음,승용,남,42세,중상
2022012800100438,2022년 1월 28일 18시,금요일,부산광역시 부산진구 가야동,경상사고,0,0,2,0,차대차 - 측면충돌,안전운전불이행,건조,맑음,단일로 - 기타,특수,남,49세,상해없음,승용,남,68세,경상
2022012800100439,2022년 1월 28일 18시,금요일,부산광역시 부산진구 가야동,경상사고,0,0,1,1,차대차 - 추돌,안전운전불이행,건조,기타,교차로 - 교차로부근,이륜,남,22세,부상신고,승용,여,49세,경상
2022012800100441,2022년 1월 28일 18시,금요일,부산광역시 사하구 괴정동,경상사고,0,0,1,0,차대차 - 기타,교차로운행방법위반,건조,맑음,교차로 - 교차로안,승용,남,58세,상해없음,이륜,남,32세,경상
2.02201E+15,2022년 1월 28일 19시,금요일,부산광역시 부산진구 가야동,경상사고,0,0,1,0,차대차 - 정면충돌,신호위반,건조,맑음,교차로 - 교차로안,승용,남,63세,상해없음,이륜,남,29세,경상
2022012800100511,2022년 1월 28일 19시,금요일,부산광역시 부산진구 부전동,중상사고,0,1,0,0,차대차 - 기타,교차로운행방법위반,건조,맑음,교차로 - 교차로안,승용,남,34세,상해없음,승용,남,67세,중상
2022012800100543,2022년 1월 28일 20시,금요일,부산광역시 사하구 신평동,중상사고,0,1,0,0,차대차 - 추돌,안전운전불이행,건조,맑음,단일로 - 기타,승용,여,60세,상해없음,승용,남,65세,중상
2022012800100577,2022년 1월 28일 21시,금요일,부산광역시 서구 토성동3가,경상사고,0,0,1,0,차대차 - 추돌,안전운전불이행,건조,맑음,교차로 - 교차로부근,승용,남,23세,상해없음,이륜,남,52세,경상
2022012800100578,2022년 1월 28일 21시,금요일,부산광역시 수영구 광안동,부상신고사고,0,0,0,1,차대사람 - 차도통행중,안전운전불이행,건조,맑음,교차로 - 교차로부근,승용,남,30세,기타불명,보행자,여,26세,부상신고
2022012800100579,2022년 1월 28일 21시,금요일,부산광역시 부산진구 부전동,경상사고,0,0,2,0,차대사람 - 길가장자리구역통행중,안전운전불이행,건조,맑음,단일로 - 기타,승용,남,39세,상해없음,보행자,여,25세,경상
2.02201E+15,2022년 1월 28일 21시,금요일,부산광역시 부산진구 부전동,경상사고,0,0,1,0,차대사람 - 기타,안전운전불이행,건조,맑음,교차로 - 교차로안,이륜,남,24세,상해없음,보행자,여,27세,경상
2.02201E+15,2022년 1월 28일 23시,금요일,부산광역시 남구 대연동,경상사고,0,0,2,0,차대차 - 추돌,안전거리미확보,건조,맑음,교차로 - 교차로부근,승용,남,31세,상해없음,승용,여,24세,경상
2022012900100004,2022년 1월 29일 00시,토요일,부산광역시 남구 대연동,경상사고,0,0,1,0,차대차 - 추돌,안전운전불이행,건조,맑음,단일로 - 기타,승용,여,40세,상해없음,승용,남,34세,경상
2022012900100011,2022년 1월 29일 01시,토요일,부산광역시 수영구 광안동,경상사고,0,0,2,0,차대차 - 추돌,불법유턴,건조,맑음,교차로 - 교차로부근,승용,남,29세,상해없음,승용,남,28세,경상
2022012900100012,2022년 1월 29일 01시,토요일,부산광역시 부산진구 부전동,경상사고,0,0,1,0,차대차 - 측면충돌,안전거리미확보,건조,맑음,교차로 - 교차로안,승용,남,26세,상해없음,승용,남,24세,경상
2022012900100027,2022년 1월 29일 06시,토요일,부산광역시 서구 서대신동3가,중상사고,0,1,0,0,차대사람 - 횡단중,안전운전불이행,건조,맑음,교차로 - 교차로부근,승용,남,37세,상해없음,보행자,여,60세,중상
2022012900100028,2022년 1월 29일 06시,토요일,부산광역시 해운대구 우동,중상사고,0,1,0,0,차대차 - 정면충돌,신호위반,건조,맑음,교차로 - 교차로안,승용,남,67세,상해없음,승용,여,56세,중상
2022012900100039,2022년 1월 29일 07시,토요일,부산광역시 중구 영주동,경상사고,0,0,1,0,차량단독 - 기타,기타,건조,맑음,단일로 - 기타,승합,남,50세,상해없음,,,,
2.02201E+15,2022년 1월 29일 08시,토요일,부산광역시 남구 감만동,중상사고,0,1,0,0,차대차 - 기타,안전운전불이행,건조,맑음,단일로 - 기타,이륜,남,36세,중상,승용,남,42세,상해없음
2022012900100061,2022년 1월 29일 09시,토요일,부산광역시 금정구 서동,경상사고,0,0,1,0,차대사람 - 횡단중,안전운전불이행,건조,맑음,교차로 - 교차로안,승용,남,35세,상해없음,보행자,남,60세,경상
2022012900100075,2022년 1월 29일 10시,토요일,부산광역시 금정구 구서동,경상사고,0,0,1,0,차대차 - 측면충돌,중앙선침범,건조,맑음,단일로 - 기타,승용,여,59세,상해없음,승용,남,60세,경상
2022012900100076,2022년 1월 29일 10시,토요일,부산광역시 강서구 송정동,사망사고,1,0,0,0,차대차 - 측면충돌,안전운전불이행,건조,맑음,교차로 - 교차로안,승용,남,57세,상해없음,이륜,남,66세,사망
2022012900100104,2022년 1월 29일 11시,토요일,부산광역시 강서구 송정동,중상사고,0,1,0,0,차대차 - 추돌,안전운전불이행,건조,맑음,단일로 - 기타,승용,남,70세,중상,건설기계,남,59세,상해없음
2022012900100105,2022년 1월 29일 11시,토요일,부산광역시 사상구 괘법동,경상사고,0,0,1,1,차대차 - 측면충돌,안전운전불이행,건조,맑음,교차로 - 교차로부근,승용,남,66세,부상신고,승용,여,56세,경상
2022012900100135,2022년 1월 29일 12시,토요일,부산광역시 동구 초량동,경상사고,0,0,1,0,차대사람 - 차도통행중,안전운전불이행,건조,맑음,단일로 - 기타,승용,남,60세,상해없음,보행자,여,80세,경상
2022012900100136,2022년 1월 29일 12시,토요일,부산광역시 남구 대연동,경상사고,0,0,1,0,차대차 - 측면충돌,안전운전불이행,건조,맑음,교차로 - 교차로안,이륜,남,61세,상해없음,이륜,남,21세,경상
2022012900100174,2022년 1월 29일 13시,토요일,부산광역시 동래구 온천동,경상사고,0,0,2,0,차대차 - 측면충돌,교차로운행방법위반,건조,맑음,교차로 - 교차로안,승용,남,52세,상해없음,승용,여,50세,경상
2022012900100202,2022년 1월 29일 14시,토요일,부산광역시 중구 중앙동4가,경상사고,0,0,1,0,차대차 - 측면충돌,교차로운행방법위반,건조,맑음,교차로 - 교차로부근,승용,남,32세,상해없음,승용,여,40세,경상
2022012900100203,2022년 1월 29일 14시,토요일,부산광역시 수영구 민락동,중상사고,0,1,1,0,차대차 - 기타,안전운전불이행,건조,맑음,교차로 - 교차로안,화물,남,52세,상해없음,승용,남,69세,중상
2022012900100204,2022년 1월 29일 14시,토요일,부산광역시 부산진구 전포동,경상사고,0,0,1,0,차대차 - 추돌,안전운전불이행,건조,맑음,기타 - 기타,승용,여,55세,상해없음,화물,남,46세,경상
2022012900100258,2022년 1월 29일 16시,토요일,부산광역시 동래구 안락동,중상사고,0,1,0,0,차대사람 - 차도통행중,안전운전불이행,건조,맑음,단일로 - 기타,화물,남,35세,상해없음,보행자,남,69세,중상
2022012900100259,2022년 1월 29일 16시,토요일,부산광역시 동래구 복천동,경상사고,0,0,1,0,차대사람 - 차도통행중,안전운전불이행,건조,맑음,단일로 - 기타,승용,여,76세,상해없음,보행자,여,59세,경상
2.02201E+15,2022년 1월 29일 16시,토요일,부산광역시 동래구 사직동,경상사고,0,0,1,0,차대사람 - 횡단중,안전운전불이행,건조,맑음,교차로 - 교차로부근,화물,남,70세,상해없음,보행자,남,55세,경상
2022012900100261,2022년 1월 29일 16시,토요일,부산광역시 금정구 장전동,경상사고,0,0,1,0,차대차 - 측면충돌,교차로운행방법위반,건조,맑음,교차로 - 교차로안,승용,남,66세,상해없음,이륜,남,25세,경상
2022012900100262,2022년 1월 29일 16시,토요일,부산광역시 금정구 청룡동,부상신고사고,0,0,0,3,차량단독 - 기타,안전운전불이행,건조,맑음,단일로 - 기타,승용,남,34세,부상신고,,,,
2022012900100329,2022년 1월 29일 18시,토요일,부산광역시 사하구 다대동,경상사고,0,0,1,0,차대차 - 정면충돌,중앙선침범,건조,맑음,단일로 - 기타,승용,남,59세,상해없음,승용,남,48세,상해없음
2022012900100356,2022년 1월 29일 19시,토요일,부산광역시 북구 구포동,경상사고,0,0,2,0,차대차 - 측면충돌,안전거리미확보,건조,맑음,단일로 - 기타,승용,남,64세,상해없음,승용,남,28세,경상
2022012900100386,2022년 1월 29일 20시,토요일,부산광역시 사하구 괴정동,경상사고,0,0,1,0,차대차 - 추돌,안전거리미확보,건조,맑음,단일로 - 기타,승용,여,41세,상해없음,이륜,남,37세,경상
2022012900100387,2022년 1월 29일 20시,토요일,부산광역시 강서구 신호동,부상신고사고,0,0,0,1,차대사람 - 기타,안전운전불이행,건조,맑음,교차로 - 교차로부근,승용,남,56세,상해없음,보행자,여,22세,부상신고
2022012900100413,2022년 1월 29일 21시,토요일,부산광역시 중구 부평동4가,경상사고,0,0,2,0,차대차 - 측면충돌,신호위반,건조,맑음,교차로 - 교차로부근,승용,남,59세,상해없음,승용,남,48세,경상
2022012900100414,2022년 1월 29일 21시,토요일,부산광역시 북구 덕천동,중상사고,0,1,1,0,차대차 - 기타,중앙선침범,건조,맑음,단일로 - 기타,승용,남,59세,상해없음,승용,남,34세,경상
2022012900100415,2022년 1월 29일 21시,토요일,부산광역시 부산진구 범천동,경상사고,0,0,1,0,차대차 - 측면충돌,안전거리미확보,건조,맑음,단일로 - 교량,승용,남,26세,상해없음,승용,남,56세,경상
2022012900100416,2022년 1월 29일 21시,토요일,부산광역시 부산진구 전포동,경상사고,0,0,3,0,차대차 - 측면충돌,안전거리미확보,건조,맑음,교차로 - 교차로부근,승용,남,64세,상해없음,승용,여,30세,경상
2022012900100417,2022년 1월 29일 21시,토요일,부산광역시 사하구 장림동,중상사고,0,1,0,0,차대사람 - 횡단중,보행자보호의무위반,건조,맑음,단일로 - 기타,승용,남,59세,상해없음,보행자,남,63세,중상
2022012900100444,2022년 1월 29일 22시,토요일,부산광역시 동래구 명장동,중상사고,0,1,0,0,차대차 - 측면충돌,중앙선침범,건조,맑음,단일로 - 기타,승용,남,55세,상해없음,승용,남,37세,중상
2022012900100445,2022년 1월 29일 22시,토요일,부산광역시 영도구 신선동1가,중상사고,0,1,0,0,차대차 - 기타,안전운전불이행,건조,맑음,단일로 - 기타,승용,남,53세,상해없음,이륜,남,60세,중상
2022012900100446,2022년 1월 29일 22시,토요일,부산광역시 부산진구 부전동,경상사고,0,0,1,0,차대차 - 기타,안전운전불이행,건조,맑음,단일로 - 기타,승용,남,20세,상해없음,승용,남,38세,경상
2022013000100014,2022년 1월 30일 01시,일요일,부산광역시 동래구 온천동,경상사고,0,0,2,0,차대차 - 추돌,안전운전불이행,건조,맑음,단일로 - 기타,승용,남,24세,상해없음,승용,남,60세,경상
2022013000100026,2022년 1월 30일 06시,일요일,부산광역시 해운대구 반여동,중상사고,0,1,0,0,차대차 - 기타,신호위반,건조,맑음,교차로 - 교차로안,승용,남,66세,상해없음,자전거,남,67세,중상
2022013000100032,2022년 1월 30일 08시,일요일,부산광역시 연제구 연산동,경상사고,0,0,1,0,차대차 - 기타,안전운전불이행,건조,맑음,교차로 - 교차로부근,승용,남,60세,상해없음,자전거,남,68세,경상
2022013000100036,2022년 1월 30일 09시,일요일,부산광역시 동래구 온천동,경상사고,0,0,1,0,차대사람 - 횡단중,안전운전불이행,건조,맑음,교차로 - 교차로안,화물,남,66세,상해없음,보행자,여,49세,경상
2022013000100048,2022년 1월 30일 10시,일요일,부산광역시 동구 범일동,중상사고,0,1,0,0,차대차 - 측면충돌,교차로운행방법위반,건조,맑음,교차로 - 교차로부근,이륜,남,73세,중상,승용,여,38세,상해없음
2022013000100063,2022년 1월 30일 11시,일요일,부산광역시 동래구 온천동,경상사고,0,0,1,0,차대차 - 추돌,안전거리미확보,건조,맑음,교차로 - 교차로부근,승용,남,34세,상해없음,승용,여,25세,경상
2022013000100064,2022년 1월 30일 11시,일요일,부산광역시 금정구 부곡동,경상사고,0,0,3,0,차대차 - 기타,중앙선침범,건조,맑음,단일로 - 기타,승용,남,50세,상해없음,승용,여,61세,경상
2022013000100065,2022년 1월 30일 11시,일요일,부산광역시 기장군 기장읍,경상사고,0,0,1,0,차대사람 - 기타,안전운전불이행,건조,맑음,단일로 - 기타,승용,남,44세,상해없음,보행자,남,59세,경상
2022013000100084,2022년 1월 30일 12시,일요일,부산광역시 수영구 광안동,경상사고,0,0,1,0,차대차 - 측면충돌,안전운전불이행,건조,맑음,교차로 - 교차로부근,승용,남,28세,상해없음,승용,남,42세,상해없음
2022013000100085,2022년 1월 30일 12시,일요일,부산광역시 동래구 온천동,중상사고,0,1,1,0,차대차 - 정면충돌,안전운전불이행,건조,맑음,단일로 - 기타,승용,여,51세,상해없음,승용,남,47세,중상
2022013000100086,2022년 1월 30일 12시,일요일,부산광역시 해운대구 중동,경상사고,0,0,1,0,차대차 - 측면충돌,안전거리미확보,건조,맑음,단일로 - 기타,승용,남,72세,상해없음,이륜,남,26세,경상
2022013000100087,2022년 1월 30일 12시,일요일,부산광역시 연제구 연산동,경상사고,0,0,1,0,차대차 - 기타,안전운전불이행,건조,맑음,교차로 - 교차로안,이륜,남,59세,경상,승용,여,58세,상해없음
2022013000100109,2022년 1월 30일 13시,일요일,부산광역시 부산진구 전포동,경상사고,0,0,1,0,차대차 - 추돌,기타,건조,맑음,단일로 - 기타,승용,남,44세,상해없음,이륜,남,30세,경상
2.02201E+15,2022년 1월 30일 13시,일요일,부산광역시 기장군 기장읍,경상사고,0,0,1,0,차대차 - 기타,안전운전불이행,건조,맑음,교차로 - 교차로안,승용,남,69세,상해없음,이륜,남,42세,경상
2.02201E+15,2022년 1월 30일 14시,일요일,부산광역시 금정구 두구동,중상사고,0,1,0,0,차대사람 - 기타,안전운전불이행,건조,맑음,교차로 - 교차로안,승용,남,64세,상해없음,보행자,남,73세,중상
2.02201E+15,2022년 1월 30일 15시,일요일,부산광역시 금정구 서동,경상사고,0,0,1,0,차대차 - 후진중충돌,안전운전불이행,건조,맑음,단일로 - 기타,승용,여,81세,상해없음,화물,여,66세,경상
2022013000100171,2022년 1월 30일 15시,일요일,부산광역시 금정구 선동,중상사고,0,1,6,0,차대차 - 측면충돌,안전거리미확보,건조,맑음,단일로 - 기타,특수,남,55세,상해없음,승용,남,29세,경상
2022013000100202,2022년 1월 30일 16시,일요일,부산광역시 중구 보수동2가,부상신고사고,0,0,0,1,차대차 - 정면충돌,안전운전불이행,건조,맑음,교차로 - 교차로안,이륜,남,21세,부상신고,승용,남,36세,상해없음
2022013000100225,2022년 1월 30일 17시,일요일,부산광역시 수영구 광안동,중상사고,0,1,0,0,차량단독 - 기타,안전운전불이행,건조,맑음,교차로 - 교차로부근,승합,남,62세,상해없음,,,,