사고번호,사고일시,요일,시군구,사고내용,사망자수,중상자수,경상자수,부상신고자수,사고유형,법규위반,노면상태,기상상태,도로형태,가해운전자 차종,가해운전자 성별,가해운전자 연령,가해운전자 상해정도,피해운전자 차종,피해운전자 성별,피해운전자 연령,피해운전자 상해정도
2022013000100226,2022년 1월 30일 17시,일요일,부산광역시 동래구 사직동,경상사고,0,0,1,0,차대차 - 후진중충돌,안전운전불이행,건조,맑음,교차로 - 교차로부근,승용,남,56세,상해없음,이륜,남,19세,경상
2022013000100256,2022년 1월 30일 18시,일요일,부산광역시 사하구 다대동,중상사고,0,1,1,0,차대차 - 추돌,안전운전불이행,건조,맑음,교차로 - 교차로부근,승용,여,27세,상해없음,승용,남,50세,경상
2022013000100278,2022년 1월 30일 19시,일요일,부산광역시 서구 동대신동1가,경상사고,0,0,1,3,차대차 - 추돌,안전운전불이행,건조,맑음,단일로 - 기타,화물,남,52세,상해없음,승용,남,49세,부상신고
2022013000100303,2022년 1월 30일 20시,일요일,부산광역시 사상구 학장동,경상사고,0,0,1,0,차대차 - 기타,기타,건조,맑음,교차로 - 교차로부근,승합,남,61세,상해없음,기타불명,기타불명,미분류,기타불명
2022013000100328,2022년 1월 30일 21시,일요일,부산광역시 중구 동광동3가,중상사고,0,1,0,0,차대차 - 측면충돌,신호위반,건조,맑음,교차로 - 교차로안,이륜,남,51세,상해없음,승용,남,68세,상해없음
2022013000100329,2022년 1월 30일 21시,일요일,부산광역시 수영구 광안동,경상사고,0,0,1,0,차대차 - 기타,안전운전불이행,건조,맑음,단일로 - 기타,이륜,남,23세,경상,승용,남,27세,상해없음
2.02201E+15,2022년 1월 30일 21시,일요일,부산광역시 북구 구포동,경상사고,0,0,1,0,차대차 - 추돌,안전운전불이행,건조,맑음,교차로 - 교차로안,승용,남,21세,상해없음,이륜,남,19세,경상
2022013000100331,2022년 1월 30일 21시,일요일,부산광역시 동래구 안락동,경상사고,0,0,2,0,차대차 - 추돌,안전운전불이행,건조,맑음,단일로 - 기타,승용,남,40세,상해없음,원동기,남,17세,경상
2022013000100332,2022년 1월 30일 21시,일요일,부산광역시 부산진구 양정동,중상사고,0,1,0,0,차대차 - 측면충돌,안전운전불이행,건조,맑음,교차로 - 교차로안,승용,남,71세,상해없음,이륜,남,20세,중상
2022013000100333,2022년 1월 30일 21시,일요일,부산광역시 사상구 괘법동,경상사고,0,0,1,0,차대사람 - 차도통행중,안전운전불이행,건조,맑음,교차로 - 교차로부근,승용,남,64세,상해없음,보행자,남,64세,경상
2022013000100357,2022년 1월 30일 22시,일요일,부산광역시 해운대구 우동,경상사고,0,0,2,0,차대차 - 후진중충돌,안전운전불이행,건조,맑음,주차장 - 주차장,승용,남,22세,상해없음,승용,남,26세,경상
2022013000100365,2022년 1월 30일 23시,일요일,부산광역시 남구 대연동,사망사고,1,0,0,0,차대사람 - 보도통행중,안전운전불이행,건조,맑음,교차로 - 교차로횡단보도내,승용,남,62세,상해없음,보행자,남,79세,사망
2.02201E+15,2022년 1월 31일 01시,월요일,부산광역시 부산진구 부전동,경상사고,0,0,2,0,차대차 - 측면충돌,신호위반,건조,맑음,교차로 - 교차로안,승용,남,67세,상해없음,승용,남,55세,경상
2022013100100016,2022년 1월 31일 03시,월요일,부산광역시 부산진구 양정동,경상사고,0,0,1,0,차대차 - 측면충돌,교차로운행방법위반,건조,맑음,교차로 - 교차로안,승합,남,46세,상해없음,승용,여,51세,경상
2022013100100084,2022년 1월 31일 12시,월요일,부산광역시 사상구 모라동,경상사고,0,0,1,0,차대차 - 측면충돌,신호위반,건조,맑음,교차로 - 교차로안,승용,남,78세,상해없음,원동기,남,29세,경상
2022013100100095,2022년 1월 31일 13시,월요일,부산광역시 동구 범일동,경상사고,0,0,1,1,차대차 - 기타,중앙선침범,건조,맑음,단일로 - 기타,승용,남,20세,부상신고,승용,남,73세,경상
2022013100100127,2022년 1월 31일 14시,월요일,부산광역시 동구 수정동,경상사고,0,0,3,0,차대차 - 측면충돌,교차로운행방법위반,건조,맑음,교차로 - 교차로안,승용,여,54세,상해없음,승용,남,32세,경상
2022013100100128,2022년 1월 31일 14시,월요일,부산광역시 수영구 광안동,경상사고,0,0,1,0,차량단독 - 기타,안전운전불이행,건조,맑음,단일로 - 기타,승합,남,33세,상해없음,,,,
2022013100100148,2022년 1월 31일 15시,월요일,부산광역시 수영구 망미동,경상사고,0,0,1,0,차대사람 - 기타,안전운전불이행,건조,맑음,단일로 - 기타,승용,남,68세,상해없음,보행자,남,31세,경상
2022013100100149,2022년 1월 31일 15시,월요일,부산광역시 강서구 녹산동,경상사고,0,0,2,0,차대차 - 기타,안전운전불이행,건조,맑음,교차로 - 교차로안,승용,남,28세,상해없음,승용,여,32세,상해없음
2022013100100175,2022년 1월 31일 16시,월요일,부산광역시 강서구 구랑동,경상사고,0,0,1,0,차대차 - 측면충돌,신호위반,건조,맑음,교차로 - 교차로안,이륜,남,17세,기타불명,승용,여,49세,경상
2022013100100217,2022년 1월 31일 18시,월요일,부산광역시 남구 용당동,중상사고,0,1,0,0,차대사람 - 길가장자리구역통행중,안전운전불이행,건조,맑음,교차로 - 교차로부근,승합,남,57세,상해없음,보행자,남,68세,중상
2.02201E+15,2022년 1월 31일 19시,월요일,부산광역시 영도구 청학동,경상사고,0,0,1,0,차대차 - 후진중충돌,안전운전불이행,건조,맑음,단일로 - 기타,승용,여,49세,상해없음,이륜,남,24세,경상
2022013100100241,2022년 1월 31일 19시,월요일,부산광역시 부산진구 부전동,중상사고,0,1,0,0,차대차 - 측면충돌,안전운전불이행,건조,맑음,단일로 - 기타,승용,여,52세,상해없음,이륜,남,22세,중상
2022013100100262,2022년 1월 31일 20시,월요일,부산광역시 중구 대청동2가,경상사고,0,0,1,0,차량단독 - 전도전복 - 전도,안전운전불이행,건조,맑음,교차로 - 교차로안,이륜,남,63세,경상,,,,
2022013100100263,2022년 1월 31일 20시,월요일,부산광역시 서구 남부민동,중상사고,0,1,0,0,차대차 - 추돌,안전운전불이행,건조,맑음,단일로 - 기타,이륜,남,38세,중상,승용,남,34세,기타불명
2022013100100292,2022년 1월 31일 21시,월요일,부산광역시 부산진구 부전동,경상사고,0,0,1,0,차대차 - 측면충돌,안전운전불이행,건조,맑음,교차로 - 교차로안,승용,남,41세,상해없음,승용,남,28세,경상
2022020100100022,2022년 2월 1일 08시,화요일,부산광역시 해운대구 재송동,경상사고,0,0,2,0,차대차 - 측면충돌,안전거리미확보,건조,맑음,교차로 - 교차로부근,승용,남,73세,상해없음,승용,남,44세,경상
2022020100100029,2022년 2월 1일 09시,화요일,부산광역시 북구 만덕동,경상사고,0,0,1,0,차대차 - 기타,안전운전불이행,건조,맑음,교차로 - 교차로안,승용,남,62세,상해없음,승용,남,61세,경상
2.02202E+15,2022년 2월 1일 11시,화요일,부산광역시 동구 범일동,경상사고,0,0,2,0,차대차 - 측면충돌,차로위반,건조,맑음,교차로 - 교차로부근,승용,남,74세,상해없음,승용,남,40세,경상
2022020100100051,2022년 2월 1일 11시,화요일,부산광역시 수영구 광안동,중상사고,0,1,0,0,차대차 - 측면충돌,신호위반,건조,맑음,단일로 - 기타,승용,남,79세,상해없음,이륜,남,53세,중상
2022020100100052,2022년 2월 1일 11시,화요일,부산광역시 부산진구 부전동,중상사고,0,1,1,0,차대차 - 기타,신호위반,건조,맑음,교차로 - 교차로안,이륜,남,30세,경상,이륜,남,39세,중상
2022020100100053,2022년 2월 1일 11시,화요일,부산광역시 수영구 망미동,경상사고,0,0,1,0,차대사람 - 기타,안전운전불이행,건조,맑음,단일로 - 기타,승합,남,52세,상해없음,보행자,여,63세,경상
2022020100100073,2022년 2월 1일 12시,화요일,부산광역시 북구 덕천동,경상사고,0,0,3,0,차대차 - 기타,안전운전불이행,건조,맑음,교차로 - 교차로안,승용,남,55세,경상,승용,남,58세,상해없음
2022020100100074,2022년 2월 1일 12시,화요일,부산광역시 강서구 대저2동,중상사고,0,1,0,0,차대차 - 측면충돌,신호위반,건조,맑음,교차로 - 교차로안,승용,여,38세,상해없음,승합,여,60세,중상
2022020100100075,2022년 2월 1일 12시,화요일,부산광역시 기장군 기장읍,경상사고,0,0,2,0,차대차 - 추돌,안전운전불이행,건조,맑음,교차로 - 교차로부근,이륜,남,20세,상해없음,승용,남,63세,경상
2022020100100094,2022년 2월 1일 13시,화요일,부산광역시 연제구 거제동,경상사고,0,0,2,0,차대차 - 기타,안전운전불이행,건조,맑음,단일로 - 기타,승용,남,33세,경상,승용,여,49세,기타불명
2022020100100095,2022년 2월 1일 13시,화요일,부산광역시 강서구 대저1동,경상사고,0,0,5,0,차대차 - 추돌,안전운전불이행,건조,맑음,단일로 - 기타,승용,남,74세,상해없음,승용,여,24세,경상
2022020100100126,2022년 2월 1일 15시,화요일,부산광역시 부산진구 당감동,경상사고,0,0,3,0,차대차 - 추돌,신호위반,건조,맑음,단일로 - 기타,승용,남,61세,상해없음,승용,여,39세,경상
2022020100100127,2022년 2월 1일 15시,화요일,부산광역시 사하구 하단동,경상사고,0,0,1,0,차대차 - 기타,안전운전불이행,건조,맑음,단일로 - 지하차도(도로)내,승용,남,19세,상해없음,승용,여,59세,경상
2022020100100169,2022년 2월 1일 18시,화요일,부산광역시 동래구 명륜동,중상사고,0,1,0,0,차대차 - 기타,안전운전불이행,건조,맑음,단일로 - 기타,승용,남,38세,상해없음,승용,남,67세,중상
2022020100100219,2022년 2월 1일 21시,화요일,부산광역시 북구 화명동,경상사고,0,0,2,0,차대차 - 측면충돌,신호위반,건조,맑음,교차로 - 교차로안,승용,남,21세,상해없음,승용,남,36세,경상
2022020100100237,2022년 2월 1일 22시,화요일,부산광역시 해운대구 우동,경상사고,0,0,1,0,차대차 - 측면충돌,안전거리미확보,건조,맑음,교차로 - 교차로안,승용,남,45세,상해없음,승용,남,33세,경상
2022020100100238,2022년 2월 1일 22시,화요일,부산광역시 부산진구 부전동,경상사고,0,0,1,0,차대차 - 측면충돌,안전운전불이행,건조,맑음,교차로 - 교차로안,승용,남,23세,상해없음,승용,여,23세,경상
2022020200100004,2022년 2월 2일 00시,수요일,부산광역시 동래구 안락동,경상사고,0,0,2,0,차대차 - 기타,안전운전불이행,건조,맑음,단일로 - 기타,승용,남,23세,상해없음,승용,남,37세,상해없음
2022020200100011,2022년 2월 2일 01시,수요일,부산광역시 사하구 장림동,중상사고,0,1,0,0,차대사람 - 기타,안전운전불이행,건조,맑음,단일로 - 지하차도(도로)내,이륜,남,21세,기타불명,보행자,남,67세,중상
2022020200100019,2022년 2월 2일 04시,수요일,부산광역시 기장군 정관읍,사망사고,1,0,0,0,차량단독 - 공작물충돌,안전운전불이행,건조,맑음,교차로 - 교차로부근,화물,남,40세,사망,,,,
2022020200100043,2022년 2월 2일 10시,수요일,부산광역시 서구 서대신동3가,중상사고,0,1,2,0,차대차 - 측면충돌,중앙선침범,건조,맑음,단일로 - 기타,승용,남,29세,경상,승용,여,73세,중상
2022020200100044,2022년 2월 2일 10시,수요일,부산광역시 금정구 부곡동,경상사고,0,0,1,1,차대차 - 측면충돌,신호위반,건조,맑음,교차로 - 교차로안,원동기,남,56세,부상신고,승용,남,57세,경상
2022020200100057,2022년 2월 2일 11시,수요일,부산광역시 금정구 장전동,경상사고,0,0,2,1,차대차 - 측면충돌,신호위반,건조,맑음,교차로 - 교차로안,이륜,남,22세,부상신고,승용,남,65세,경상
2022020200100113,2022년 2월 2일 14시,수요일,부산광역시 수영구 광안동,중상사고,0,1,0,0,차대차 - 측면충돌,기타,건조,맑음,단일로 - 기타,승용,여,24세,상해없음,이륜,남,50세,중상
2022020200100204,2022년 2월 2일 18시,수요일,부산광역시 서구 동대신동3가,경상사고,0,0,1,0,차대차 - 측면충돌,중앙선침범,건조,맑음,단일로 - 기타,승용,남,50세,상해없음,승용,남,58세,경상
2022020200100284,2022년 2월 2일 21시,수요일,부산광역시 동래구 사직동,중상사고,0,1,1,0,차량단독 - 공작물충돌,안전운전불이행,건조,맑음,단일로 - 기타,승용,남,68세,상해없음,,,,
2022020200100285,2022년 2월 2일 21시,수요일,부산광역시 부산진구 양정동,중상사고,0,1,0,0,차대사람 - 길가장자리구역통행중,안전운전불이행,건조,맑음,교차로 - 교차로부근,승용,남,68세,상해없음,보행자,남,25세,중상
2022020200100286,2022년 2월 2일 21시,수요일,부산광역시 사상구 덕포동,사망사고,1,0,0,0,차대사람 - 횡단중,기타,건조,맑음,단일로 - 지하차도(도로)내,승용,남,34세,상해없음,보행자,남,63세,사망
2.02202E+15,2022년 2월 2일 22시,수요일,부산광역시 남구 대연동,경상사고,0,0,1,0,차대차 - 추돌,안전거리미확보,건조,맑음,교차로 - 교차로부근,이륜,남,37세,경상,승용,남,64세,기타불명
2022020300100017,2022년 2월 3일 06시,목요일,부산광역시 북구 금곡동,경상사고,0,0,1,0,차대차 - 측면충돌,안전운전불이행,건조,맑음,교차로 - 교차로안,승용,남,65세,상해없음,승용,남,62세,경상
2022020300100081,2022년 2월 3일 09시,목요일,부산광역시 수영구 남천동,경상사고,0,0,2,0,차대차 - 측면충돌,안전거리미확보,건조,맑음,단일로 - 기타,승용,남,65세,상해없음,이륜,남,20세,경상
2022020300100082,2022년 2월 3일 09시,목요일,부산광역시 수영구 민락동,경상사고,0,0,1,0,차대차 - 기타,안전거리미확보,건조,맑음,교차로 - 교차로부근,화물,남,45세,상해없음,승용,남,29세,경상
2022020300100083,2022년 2월 3일 09시,목요일,부산광역시 부산진구 범천동,경상사고,0,0,1,0,차대차 - 측면충돌,신호위반,건조,기타,교차로 - 교차로안,승용,여,44세,상해없음,승용,남,40세,경상
2022020300100084,2022년 2월 3일 09시,목요일,부산광역시 금정구 회동동,경상사고,0,0,1,0,차대차 - 기타,신호위반,건조,맑음,단일로 - 기타,특수,남,59세,상해없음,승용,남,29세,경상
2022020300100109,2022년 2월 3일 10시,목요일,부산광역시 북구 덕천동,경상사고,0,0,1,0,차대차 - 측면충돌,안전운전불이행,건조,맑음,기타 - 기타,화물,남,61세,상해없음,승용,남,45세,경상
2022020300100162,2022년 2월 3일 12시,목요일,부산광역시 동구 초량동,중상사고,0,1,0,0,차대차 - 기타,교차로운행방법위반,건조,맑음,교차로 - 교차로안,승용,여,64세,상해없음,이륜,남,63세,중상
2022020300100163,2022년 2월 3일 12시,목요일,부산광역시 해운대구 반여동,경상사고,0,0,1,0,차대차 - 측면충돌,교차로운행방법위반,건조,맑음,교차로 - 교차로안,승용,남,60세,상해없음,이륜,남,38세,경상
2022020300100195,2022년 2월 3일 13시,목요일,부산광역시 해운대구 우동,경상사고,0,0,1,0,차대차 - 추돌,안전운전불이행,건조,맑음,교차로 - 교차로부근,승용,남,29세,상해없음,승용,남,53세,경상
2022020300100196,2022년 2월 3일 13시,목요일,부산광역시 금정구 서동,중상사고,0,1,1,0,차대사람 - 횡단중,안전운전불이행,건조,맑음,단일로 - 기타,이륜,남,43세,경상,보행자,여,24세,중상
2022020300100252,2022년 2월 3일 15시,목요일,부산광역시 사하구 다대동,중상사고,0,1,0,0,차대차 - 측면충돌,안전운전불이행,건조,맑음,기타 - 기타,건설기계,남,56세,상해없음,승용,남,63세,중상
2022020300100282,2022년 2월 3일 16시,목요일,부산광역시 강서구 대저1동,중상사고,0,1,0,0,차대차 - 측면충돌,안전운전불이행,건조,맑음,단일로 - 기타,화물,남,67세,상해없음,승용,여,67세,중상
2022020300100335,2022년 2월 3일 18시,목요일,부산광역시 사하구 감천동,경상사고,0,0,1,0,차대차 - 측면충돌,신호위반,건조,맑음,교차로 - 교차로안,승용,여,50세,상해없음,승용,남,41세,경상
2022020300100336,2022년 2월 3일 18시,목요일,부산광역시 강서구 대저1동,경상사고,0,0,1,0,차대차 - 기타,안전운전불이행,건조,맑음,단일로 - 기타,화물,남,41세,상해없음,승용,남,30세,경상
2022020300100371,2022년 2월 3일 19시,목요일,부산광역시 중구 남포동5가,경상사고,0,0,2,0,차대차 - 측면충돌,안전운전불이행,건조,맑음,단일로 - 기타,승용,남,56세,경상,승용,남,58세,상해없음
2022020300100372,2022년 2월 3일 19시,목요일,부산광역시 부산진구 전포동,중상사고,0,1,1,0,차대차 - 기타,신호위반,건조,맑음,교차로 - 교차로안,이륜,남,45세,중상,승용,남,27세,경상
2022020300100373,2022년 2월 3일 19시,목요일,부산광역시 부산진구 당감동,경상사고,0,0,1,0,차량단독 - 기타,안전운전불이행,건조,맑음,기타 - 기타,이륜,남,21세,경상,,,,
2022020300100397,2022년 2월 3일 20시,목요일,부산광역시 남구 우암동,경상사고,0,0,1,0,차대차 - 기타,안전운전불이행,건조,맑음,단일로 - 기타,특수,남,47세,상해없음,승용,남,33세,경상
2022020400100011,2022년 2월 4일 01시,금요일,부산광역시 금정구 서동,경상사고,0,0,1,0,차대차 - 측면충돌,안전운전불이행,건조,맑음,단일로 - 기타,승용,여,30세,상해없음,화물,남,66세,경상
2022020400100014,2022년 2월 4일 04시,금요일,부산광역시 부산진구 가야동,경상사고,0,0,1,0,차대차 - 기타,안전운전불이행,건조,맑음,교차로 - 교차로안,승용,남,52세,상해없음,승용,남,63세,경상
2022020400100015,2022년 2월 4일 04시,금요일,부산광역시 사하구 장림동,경상사고,0,0,2,1,차대차 - 측면충돌,신호위반,건조,맑음,교차로 - 교차로안,승용,여,49세,부상신고,승용,여,48세,경상
2022020400100054,2022년 2월 4일 08시,금요일,부산광역시 동래구 안락동,중상사고,0,1,0,0,차대사람 - 횡단중,안전운전불이행,건조,맑음,교차로 - 교차로안,승용,여,45세,상해없음,보행자,여,67세,중상
2022020400100055,2022년 2월 4일 08시,금요일,부산광역시 해운대구 반여동,경상사고,0,0,1,0,차대차 - 측면충돌,안전운전불이행,건조,맑음,단일로 - 기타,화물,남,67세,상해없음,승용,여,48세,경상
2022020400100056,2022년 2월 4일 08시,금요일,부산광역시 금정구 부곡동,경상사고,0,0,1,0,차대사람 - 기타,보행자보호의무위반,건조,맑음,교차로 - 교차로안,승용,남,33세,상해없음,보행자,남,56세,경상
2022020400100077,2022년 2월 4일 09시,금요일,부산광역시 강서구 명지동,경상사고,0,0,1,0,차대차 - 측면충돌,안전거리미확보,건조,맑음,교차로 - 교차로안,승합,여,64세,상해없음,승용,여,24세,경상
2022020400100078,2022년 2월 4일 09시,금요일,부산광역시 기장군 기장읍,경상사고,0,0,4,0,차대차 - 추돌,안전운전불이행,건조,맑음,교차로 - 교차로부근,화물,남,59세,상해없음,승용,여,37세,경상
2022020400100104,2022년 2월 4일 10시,금요일,부산광역시 남구 용호동,중상사고,0,1,0,0,차대차 - 추돌,신호위반,건조,맑음,교차로 - 교차로안,승합,남,67세,상해없음,자전거,남,69세,중상
2022020400100105,2022년 2월 4일 10시,금요일,부산광역시 부산진구 개금동,경상사고,0,0,1,0,차대사람 - 기타,안전운전불이행,건조,맑음,단일로 - 기타,승용,남,57세,상해없음,보행자,여,22세,경상
2022020400100106,2022년 2월 4일 10시,금요일,부산광역시 금정구 회동동,부상신고사고,0,0,0,1,차대차 - 기타,안전거리미확보,건조,맑음,단일로 - 기타,승용,여,24세,상해없음,승용,남,48세,부상신고
2022020400100107,2022년 2월 4일 10시,금요일,부산광역시 연제구 거제동,중상사고,0,1,0,0,차대차 - 기타,교차로운행방법위반,건조,맑음,교차로 - 교차로안,승합,남,71세,상해없음,이륜,남,54세,중상
2.02202E+15,2022년 2월 4일 11시,금요일,부산광역시 수영구 민락동,경상사고,0,0,1,0,차대차 - 측면충돌,안전운전불이행,건조,맑음,단일로 - 기타,화물,남,34세,상해없음,승용,여,27세,경상
2022020400100131,2022년 2월 4일 11시,금요일,부산광역시 동래구 안락동,경상사고,0,0,1,0,차대사람 - 기타,보행자보호의무위반,건조,맑음,단일로 - 기타,승합,남,38세,상해없음,보행자,여,84세,경상
2022020400100192,2022년 2월 4일 13시,금요일,부산광역시 동래구 사직동,중상사고,0,1,0,0,차대차 - 기타,신호위반,건조,맑음,교차로 - 교차로안,승용,여,31세,상해없음,자전거,여,63세,중상
2022020400100193,2022년 2월 4일 13시,금요일,부산광역시 부산진구 부암동,경상사고,0,0,1,0,차대사람 - 기타,안전운전불이행,건조,맑음,주차장 - 주차장,승용,남,54세,상해없음,보행자,여,74세,경상
2022020400100194,2022년 2월 4일 13시,금요일,부산광역시 강서구 송정동,경상사고,0,0,1,0,차대차 - 정면충돌,안전운전불이행,건조,맑음,교차로 - 교차로안,승용,여,59세,상해없음,화물,남,56세,경상
2022020400100219,2022년 2월 4일 14시,금요일,부산광역시 해운대구 반송동,중상사고,0,2,1,0,차대차 - 기타,안전운전불이행,건조,맑음,교차로 - 교차로부근,승용,남,60세,상해없음,승용,남,30세,경상
2.02202E+15,2022년 2월 4일 14시,금요일,부산광역시 금정구 서동,부상신고사고,0,0,0,1,차대차 - 기타,안전운전불이행,건조,맑음,단일로 - 기타,이륜,남,43세,부상신고,승용,남,61세,상해없음
2022020400100221,2022년 2월 4일 14시,금요일,부산광역시 사하구 장림동,경상사고,0,0,1,0,차대차 - 기타,안전운전불이행,건조,맑음,단일로 - 지하차도(도로)내,화물,남,59세,상해없음,이륜,남,39세,경상
2022020400100242,2022년 2월 4일 15시,금요일,부산광역시 수영구 광안동,중상사고,0,1,0,0,차대사람 - 횡단중,안전운전불이행,건조,맑음,교차로 - 교차로안,화물,남,81세,상해없음,보행자,남,92세,중상
2022020400100243,2022년 2월 4일 15시,금요일,부산광역시 동래구 안락동,경상사고,0,0,1,0,차대차 - 측면충돌,안전운전불이행,건조,맑음,단일로 - 기타,화물,남,57세,상해없음,원동기,남,52세,경상
2022020400100244,2022년 2월 4일 15시,금요일,부산광역시 금정구 서동,중상사고,0,1,0,0,차대사람 - 기타,기타,건조,맑음,단일로 - 기타,승용,남,48세,상해없음,보행자,남,60세,중상
2022020400100273,2022년 2월 4일 16시,금요일,부산광역시 중구 중앙동4가,경상사고,0,0,2,0,차대차 - 측면충돌,안전거리미확보,건조,맑음,교차로 - 교차로부근,승용,여,63세,상해없음,승용,남,26세,경상
2.02202E+15,2022년 2월 4일 17시,금요일,부산광역시 북구 구포동,경상사고,0,0,1,0,차대차 - 측면충돌,안전거리미확보,건조,맑음,단일로 - 교량,승용,남,66세,상해없음,승용,남,23세,경상
2022020400100301,2022년 2월 4일 17시,금요일,부산광역시 사상구 주례동,경상사고,0,0,1,0,차대차 - 추돌,안전운전불이행,건조,맑음,단일로 - 기타,승용,남,73세,상해없음,승용,여,48세,경상
2.02202E+15,2022년 2월 4일 18시,금요일,부산광역시 해운대구 반여동,중상사고,0,1,0,0,차대차 - 측면충돌,중앙선침범,건조,맑음,단일로 - 기타,승용,여,41세,상해없음,이륜,남,60세,중상
2022020400100341,2022년 2월 4일 18시,금요일,부산광역시 부산진구 범천동,경상사고,0,0,1,0,차대차 - 추돌,안전운전불이행,건조,맑음,교차로 - 교차로안,승용,여,38세,상해없음,승용,여,41세,경상
2022020400100342,2022년 2월 4일 18시,금요일,부산광역시 수영구 망미동,경상사고,0,0,1,0,차대차 - 기타,교차로운행방법위반,건조,맑음,교차로 - 교차로부근,화물,남,69세,상해없음,승용,남,70세,경상
2022020400100386,2022년 2월 4일 19시,금요일,부산광역시 해운대구 반여동,경상사고,0,0,1,0,차대차 - 추돌,안전운전불이행,건조,맑음,교차로 - 교차로부근,승용,여,54세,상해없음,이륜,남,43세,경상
2022020400100387,2022년 2월 4일 19시,금요일,부산광역시 연제구 연산동,경상사고,0,0,1,0,차대차 - 기타,차로위반,건조,맑음,단일로 - 기타,승용,여,69세,상해없음,승용,남,27세,경상
2022020400100418,2022년 2월 4일 20시,금요일,부산광역시 연제구 연산동,부상신고사고,0,0,0,1,차대차 - 기타,신호위반,건조,맑음,교차로 - 교차로부근,원동기,남,21세,상해없음,승용,남,44세,부상신고
2022020400100447,2022년 2월 4일 21시,금요일,부산광역시 남구 감만동,경상사고,0,0,4,0,차대차 - 추돌,안전운전불이행,건조,맑음,교차로 - 교차로부근,승용,남,61세,상해없음,승합,남,47세,경상
2022020400100448,2022년 2월 4일 21시,금요일,부산광역시 수영구 광안동,경상사고,0,0,1,0,차대사람 - 차도통행중,안전운전불이행,건조,맑음,교차로 - 교차로부근,승용,여,59세,상해없음,보행자,남,74세,경상
2022020400100449,2022년 2월 4일 21시,금요일,부산광역시 연제구 연산동,경상사고,0,0,1,0,차대차 - 측면충돌,안전거리미확보,건조,맑음,교차로 - 교차로부근,이륜,남,42세,상해없음,승용,남,36세,경상
2022020400100483,2022년 2월 4일 22시,금요일,부산광역시 해운대구 우동,경상사고,0,0,1,0,차대차 - 추돌,안전운전불이행,건조,맑음,교차로 - 교차로부근,승용,남,23세,상해없음,승용,남,57세,경상
2022020400100484,2022년 2월 4일 22시,금요일,부산광역시 부산진구 연지동,경상사고,0,0,1,0,차대차 - 추돌,안전거리미확보,건조,맑음,단일로 - 기타,이륜,남,42세,상해없음,승용,남,82세,경상
2022020500100006,2022년 2월 5일 00시,토요일,부산광역시 기장군 기장읍,경상사고,0,0,1,0,차대차 - 추돌,안전운전불이행,건조,맑음,단일로 - 기타,화물,남,43세,상해없음,이륜,남,41세,경상
2022020500100038,2022년 2월 5일 08시,토요일,부산광역시 금정구 금사동,중상사고,0,1,0,0,차대차 - 기타,안전운전불이행,건조,맑음,단일로 - 기타,화물,남,61세,상해없음,승용,여,67세,중상
2022020500100048,2022년 2월 5일 09시,토요일,부산광역시 동구 범일동,경상사고,0,0,2,0,차대차 - 추돌,안전운전불이행,건조,맑음,단일로 - 기타,승용,남,65세,상해없음,승용,남,56세,경상
2022020500100064,2022년 2월 5일 10시,토요일,부산광역시 중구 중앙동4가,중상사고,0,1,1,0,차대차 - 추돌,안전운전불이행,건조,맑음,단일로 - 기타,승용,남,56세,상해없음,이륜,남,45세,경상
2022020500100081,2022년 2월 5일 11시,토요일,부산광역시 부산진구 가야동,경상사고,0,0,2,0,차대차 - 측면충돌,안전운전불이행,건조,맑음,교차로 - 교차로안,이륜,남,26세,경상,승용,남,71세,경상
2022020500100082,2022년 2월 5일 11시,토요일,부산광역시 금정구 구서동,경상사고,0,0,4,0,차대차 - 측면충돌,신호위반,건조,맑음,교차로 - 교차로안,승용,여,53세,상해없음,승용,여,37세,경상
2.02202E+15,2022년 2월 5일 12시,토요일,부산광역시 남구 용당동,경상사고,0,0,1,0,차대사람 - 차도통행중,안전운전불이행,건조,맑음,단일로 - 기타,화물,남,57세,상해없음,보행자,남,55세,경상
2022020500100101,2022년 2월 5일 12시,토요일,부산광역시 부산진구 부전동,경상사고,0,0,1,0,차대차 - 추돌,안전운전불이행,건조,맑음,단일로 - 기타,승용,남,80세,상해없음,원동기,남,35세,경상
2022020500100102,2022년 2월 5일 12시,토요일,부산광역시 연제구 거제동,경상사고,0,0,2,0,차대차 - 기타,안전운전불이행,건조,맑음,단일로 - 기타,화물,남,40세,경상,이륜,남,39세,경상
2022020500100135,2022년 2월 5일 13시,토요일,부산광역시 동래구 온천동,경상사고,0,0,1,0,차대차 - 측면충돌,안전운전불이행,건조,맑음,단일로 - 기타,이륜,남,53세,상해없음,승합,남,65세,경상
2022020500100136,2022년 2월 5일 13시,토요일,부산광역시 사하구 하단동,경상사고,0,0,2,0,차대차 - 기타,안전거리미확보,건조,맑음,교차로 - 교차로부근,승합,남,62세,경상,특수,남,38세,경상
2022020500100168,2022년 2월 5일 14시,토요일,부산광역시 사하구 괴정동,경상사고,0,0,2,0,차대차 - 측면충돌,안전운전불이행,건조,맑음,교차로 - 교차로안,화물,남,60세,상해없음,승용,여,37세,경상
2022020500100217,2022년 2월 5일 16시,토요일,부산광역시 금정구 노포동,경상사고,0,0,1,0,차대차 - 측면충돌,안전운전불이행,건조,맑음,단일로 - 기타,자전거,남,74세,경상,승합,남,46세,상해없음