사고번호,사고일시,요일,시군구,사고내용,사망자수,중상자수,경상자수,부상신고자수,사고유형,법규위반,노면상태,기상상태,도로형태,가해운전자 차종,가해운전자 성별,가해운전자 연령,가해운전자 상해정도,피해운전자 차종,피해운전자 성별,피해운전자 연령,피해운전자 상해정도
2022020500100243,2022년 2월 5일 17시,토요일,부산광역시 동래구 낙민동,경상사고,0,0,1,0,차대차 - 측면충돌,안전운전불이행,건조,맑음,교차로 - 교차로안,승용,남,68세,경상,승용,남,47세,상해없음
2022020500100244,2022년 2월 5일 17시,토요일,부산광역시 사하구 괴정동,경상사고,0,0,1,0,차대차 - 측면충돌,안전운전불이행,건조,맑음,단일로 - 기타,승합,남,82세,상해없음,승용,남,54세,경상
2022020500100286,2022년 2월 5일 19시,토요일,부산광역시 수영구 민락동,경상사고,0,0,1,0,차대차 - 추돌,직진우회전진행방해,건조,맑음,교차로 - 교차로안,승용,남,67세,기타불명,승용,여,47세,경상
2022020500100287,2022년 2월 5일 19시,토요일,부산광역시 사상구 감전동,경상사고,0,0,1,0,차대차 - 측면충돌,안전운전불이행,건조,맑음,단일로 - 기타,승용,남,26세,상해없음,원동기,남,18세,경상
2022020500100317,2022년 2월 5일 20시,토요일,부산광역시 금정구 장전동,경상사고,0,0,1,1,차대차 - 기타,신호위반,건조,맑음,교차로 - 교차로안,이륜,남,27세,부상신고,원동기,남,34세,경상
2022020500100342,2022년 2월 5일 21시,토요일,부산광역시 해운대구 우동,경상사고,0,0,1,0,차대사람 - 기타,안전운전불이행,건조,맑음,단일로 - 기타,승용,남,25세,상해없음,보행자,여,29세,경상
2022020500100343,2022년 2월 5일 21시,토요일,부산광역시 해운대구 우동,부상신고사고,0,0,0,1,차대사람 - 기타,안전운전불이행,건조,맑음,단일로 - 교량,기타불명,기타불명,미분류,기타불명,보행자,여,29세,부상신고
2022020500100376,2022년 2월 5일 22시,토요일,부산광역시 서구 남부민동,경상사고,0,0,3,0,차대차 - 기타,안전운전불이행,건조,맑음,단일로 - 기타,승용,남,55세,상해없음,이륜,남,65세,상해없음
2022020500100377,2022년 2월 5일 22시,토요일,부산광역시 금정구 두구동,경상사고,0,0,2,0,차대차 - 측면충돌,안전거리미확보,건조,맑음,단일로 - 기타,화물,남,53세,상해없음,승용,여,19세,경상
2022020600100011,2022년 2월 6일 04시,일요일,부산광역시 기장군 기장읍,중상사고,0,1,0,0,차대사람 - 길가장자리구역통행중,안전운전불이행,건조,맑음,단일로 - 기타,승합,남,33세,상해없음,보행자,여,98세 이상,중상
2022020600100021,2022년 2월 6일 08시,일요일,부산광역시 동래구 온천동,경상사고,0,0,2,0,차대차 - 기타,차로위반,건조,맑음,단일로 - 기타,승용,남,39세,경상,승용,남,49세,경상
2022020600100025,2022년 2월 6일 09시,일요일,부산광역시 강서구 명지동,경상사고,0,0,1,0,차대차 - 추돌,신호위반,건조,맑음,교차로 - 교차로안,승용,남,62세,상해없음,승용,남,51세,경상
2022020600100034,2022년 2월 6일 10시,일요일,부산광역시 동래구 온천동,경상사고,0,0,1,0,차대차 - 측면충돌,안전운전불이행,건조,맑음,단일로 - 기타,승용,남,59세,상해없음,승용,남,34세,상해없음
2022020600100079,2022년 2월 6일 13시,일요일,부산광역시 금정구 금사동,경상사고,0,0,1,0,차량단독 - 공작물충돌,안전운전불이행,건조,맑음,교차로 - 교차로안,승용,여,53세,상해없음,,,,
2.02202E+15,2022년 2월 6일 14시,일요일,부산광역시 영도구 남항동3가,경상사고,0,0,1,0,차대차 - 기타,안전운전불이행,건조,맑음,교차로 - 교차로안,승용,남,63세,상해없음,자전거,남,72세,경상
2022020600100101,2022년 2월 6일 14시,일요일,부산광역시 사하구 당리동,중상사고,0,1,1,0,차대차 - 추돌,안전운전불이행,건조,맑음,단일로 - 기타,승용,남,31세,상해없음,승용,남,35세,중상
2022020600100102,2022년 2월 6일 14시,일요일,부산광역시 연제구 거제동,경상사고,0,0,1,0,차대차 - 기타,교차로운행방법위반,건조,맑음,교차로 - 교차로부근,승용,여,50세,상해없음,이륜,남,24세,경상
2022020600100122,2022년 2월 6일 15시,일요일,부산광역시 연제구 거제동,경상사고,0,0,1,0,차대차 - 측면충돌,교차로운행방법위반,건조,맑음,교차로 - 교차로안,승용,남,51세,상해없음,이륜,남,28세,경상
2022020600100123,2022년 2월 6일 15시,일요일,부산광역시 연제구 거제동,중상사고,0,1,1,0,차대차 - 기타,직진우회전진행방해,건조,맑음,교차로 - 교차로부근,이륜,남,43세,중상,승용,남,40세,경상
2022020600100187,2022년 2월 6일 18시,일요일,부산광역시 북구 금곡동,중상사고,0,1,0,0,차대사람 - 횡단중,보행자보호의무위반,건조,맑음,단일로 - 지하차도(도로)내,승용,남,71세,상해없음,보행자,여,55세,중상
2022020600100188,2022년 2월 6일 18시,일요일,부산광역시 강서구 화전동,경상사고,0,0,1,0,차대차 - 측면충돌,직진우회전진행방해,건조,맑음,교차로 - 교차로안,승용,남,48세,상해없음,승용,여,52세,경상
2022020600100211,2022년 2월 6일 19시,일요일,부산광역시 사상구 학장동,중상사고,0,1,0,0,차량단독 - 공작물충돌,안전운전불이행,건조,맑음,단일로 - 기타,승용,남,56세,중상,,,,
2022020600100212,2022년 2월 6일 19시,일요일,부산광역시 기장군 정관읍,중상사고,0,1,0,0,차대사람 - 횡단중,보행자보호의무위반,건조,맑음,교차로 - 교차로횡단보도내,승용,남,69세,상해없음,보행자,남,78세,중상
2022020600100249,2022년 2월 6일 21시,일요일,부산광역시 중구 부평동2가,중상사고,0,1,1,0,차대사람 - 횡단중,신호위반,건조,맑음,교차로 - 교차로안,이륜,남,20세,상해없음,보행자,남,47세,중상
2022020600100266,2022년 2월 6일 22시,일요일,부산광역시 부산진구 양정동,경상사고,0,0,1,0,차대사람 - 기타,안전운전불이행,건조,맑음,단일로 - 기타,승용,남,76세,상해없음,보행자,남,64세,경상
2022020600100275,2022년 2월 6일 23시,일요일,부산광역시 기장군 일광읍,경상사고,0,0,1,0,차대차 - 기타,신호위반,건조,맑음,단일로 - 기타,이륜,남,23세,상해없음,승용,남,27세,경상
2022020700100033,2022년 2월 7일 07시,월요일,부산광역시 강서구 명지동,중상사고,0,4,3,0,차대차 - 추돌,안전운전불이행,건조,맑음,단일로 - 기타,승합,남,63세,상해없음,승용,남,62세,경상
2022020700100052,2022년 2월 7일 08시,월요일,부산광역시 사상구 주례동,경상사고,0,0,1,0,차대사람 - 기타,안전운전불이행,건조,맑음,단일로 - 기타,승용,남,34세,상해없음,보행자,여,33세,경상
2022020700100076,2022년 2월 7일 09시,월요일,부산광역시 남구 용호동,경상사고,0,0,1,0,차대차 - 측면충돌,안전운전불이행,건조,맑음,교차로 - 교차로부근,승용,남,51세,상해없음,승용,남,61세,경상
2022020700100077,2022년 2월 7일 09시,월요일,부산광역시 해운대구 송정동,경상사고,0,0,1,0,차대사람 - 횡단중,보행자보호의무위반,건조,맑음,교차로 - 교차로안,승용,여,64세,상해없음,보행자,여,66세,경상
2022020700100078,2022년 2월 7일 09시,월요일,부산광역시 부산진구 범천동,부상신고사고,0,0,0,1,차대차 - 측면충돌,안전운전불이행,건조,맑음,교차로 - 교차로부근,승용,남,35세,상해없음,승용,남,71세,부상신고
2022020700100079,2022년 2월 7일 09시,월요일,부산광역시 사하구 신평동,중상사고,0,1,0,0,차대차 - 기타,안전운전불이행,건조,맑음,교차로 - 교차로안,승용,여,27세,기타불명,이륜,남,70세,중상
2022020700100118,2022년 2월 7일 11시,월요일,부산광역시 중구 남포동1가,중상사고,0,1,0,0,차량단독 - 기타,안전운전불이행,건조,맑음,교차로 - 교차로부근,승합,남,31세,상해없음,,,,
2022020700100119,2022년 2월 7일 11시,월요일,부산광역시 동래구 명장동,경상사고,0,0,1,0,차대사람 - 차도통행중,안전운전불이행,건조,맑음,단일로 - 기타,승용,여,39세,상해없음,보행자,여,23세,경상
2022020700100139,2022년 2월 7일 12시,월요일,부산광역시 영도구 대교동1가,부상신고사고,0,0,0,3,차대차 - 측면충돌,안전운전불이행,건조,맑음,단일로 - 기타,승용,여,47세,상해없음,승용,남,48세,부상신고
2.02202E+15,2022년 2월 7일 12시,월요일,부산광역시 금정구 남산동,경상사고,0,0,1,0,차대사람 - 길가장자리구역통행중,안전운전불이행,건조,맑음,단일로 - 기타,승용,여,44세,상해없음,보행자,여,89세,경상
2022020700100141,2022년 2월 7일 12시,월요일,부산광역시 수영구 망미동,경상사고,0,0,1,0,차대차 - 기타,안전거리미확보,건조,맑음,단일로 - 기타,승용,여,38세,상해없음,승용,남,27세,경상
2022020700100142,2022년 2월 7일 12시,월요일,부산광역시 연제구 연산동,경상사고,0,0,1,0,차대차 - 기타,안전거리미확보,건조,맑음,단일로 - 기타,승용,남,39세,상해없음,승용,남,37세,경상
2022020700100143,2022년 2월 7일 12시,월요일,부산광역시 기장군 기장읍,경상사고,0,0,1,0,차대차 - 기타,기타,건조,맑음,단일로 - 기타,승용,남,41세,상해없음,승합,남,50세,경상
2022020700100144,2022년 2월 7일 12시,월요일,부산광역시 기장군 기장읍,경상사고,0,0,1,0,차대사람 - 기타,안전운전불이행,건조,맑음,단일로 - 기타,승용,여,66세,상해없음,보행자,남,46세,경상
2022020700100165,2022년 2월 7일 13시,월요일,부산광역시 사상구 주례동,경상사고,0,0,3,0,차대차 - 추돌,안전운전불이행,건조,맑음,교차로 - 교차로부근,화물,남,29세,상해없음,승용,남,54세,경상
2022020700100182,2022년 2월 7일 14시,월요일,부산광역시 사하구 장림동,부상신고사고,0,0,0,1,차대차 - 측면충돌,안전운전불이행,건조,맑음,교차로 - 교차로부근,화물,남,33세,부상신고,건설기계,남,60세,상해없음
2022020700100204,2022년 2월 7일 15시,월요일,부산광역시 동래구 온천동,경상사고,0,0,1,0,차대사람 - 횡단중,보행자보호의무위반,건조,맑음,교차로 - 교차로횡단보도내,승용,남,57세,상해없음,보행자,여,42세,경상
2022020700100205,2022년 2월 7일 15시,월요일,부산광역시 연제구 연산동,중상사고,0,1,0,0,차대차 - 기타,신호위반,건조,맑음,교차로 - 교차로부근,이륜,남,48세,상해없음,이륜,남,44세,중상
2022020700100206,2022년 2월 7일 15시,월요일,부산광역시 기장군 장안읍,중상사고,0,1,0,0,차대차 - 기타,안전운전불이행,건조,맑음,단일로 - 기타,승용,여,30세,상해없음,특수,남,29세,중상
2022020700100233,2022년 2월 7일 16시,월요일,부산광역시 동구 수정동,중상사고,0,1,0,0,차대사람 - 기타,안전운전불이행,건조,맑음,단일로 - 기타,승합,남,63세,상해없음,보행자,여,17세,중상
2022020700100234,2022년 2월 7일 16시,월요일,부산광역시 사상구 학장동,경상사고,0,0,1,0,차대차 - 정면충돌,안전운전불이행,건조,맑음,단일로 - 기타,화물,남,57세,기타불명,승용,남,28세,경상
2022020700100235,2022년 2월 7일 16시,월요일,부산광역시 강서구 봉림동,경상사고,0,0,1,0,차대차 - 기타,안전거리미확보,건조,맑음,단일로 - 기타,화물,남,72세,상해없음,승용,남,43세,경상
2022020700100259,2022년 2월 7일 17시,월요일,부산광역시 강서구 범방동,경상사고,0,0,1,0,차대차 - 측면충돌,안전운전불이행,건조,맑음,단일로 - 기타,특수,남,56세,상해없음,승용,남,54세,경상
2022020700100292,2022년 2월 7일 18시,월요일,부산광역시 수영구 민락동,경상사고,0,0,1,0,차대차 - 측면충돌,안전거리미확보,건조,맑음,단일로 - 기타,승용,남,34세,기타불명,승용,여,49세,경상
2022020700100319,2022년 2월 7일 19시,월요일,부산광역시 중구 부평동2가,경상사고,0,0,1,0,차대차 - 기타,교차로운행방법위반,건조,맑음,교차로 - 교차로안,승용,남,67세,상해없음,이륜,남,39세,경상
2.02202E+15,2022년 2월 7일 21시,월요일,부산광역시 남구 대연동,경상사고,0,0,1,0,차대차 - 추돌,안전운전불이행,건조,맑음,단일로 - 기타,승용,여,38세,상해없음,승용,여,34세,경상
2022020700100395,2022년 2월 7일 22시,월요일,부산광역시 남구 문현동,경상사고,0,0,1,0,차대차 - 기타,안전운전불이행,건조,맑음,단일로 - 기타,승합,남,25세,상해없음,승용,남,31세,경상
2022020700100407,2022년 2월 7일 23시,월요일,부산광역시 사하구 장림동,경상사고,0,0,1,0,차대차 - 추돌,안전운전불이행,건조,맑음,단일로 - 지하차도(도로)내,승용,여,45세,상해없음,승용,여,39세,경상
2022020700100408,2022년 2월 7일 23시,월요일,부산광역시 연제구 연산동,부상신고사고,0,0,0,1,차량단독 - 기타,안전운전불이행,건조,맑음,단일로 - 기타,이륜,남,44세,부상신고,,,,
2022020800100003,2022년 2월 8일 00시,화요일,부산광역시 금정구 노포동,경상사고,0,0,1,0,차대차 - 추돌,안전운전불이행,건조,맑음,교차로 - 교차로부근,승용,남,36세,상해없음,승용,남,39세,경상
2022020800100024,2022년 2월 8일 04시,화요일,부산광역시 영도구 신선동1가,중상사고,0,1,0,0,차량단독 - 기타,기타,건조,맑음,단일로 - 기타,화물,남,21세,중상,,,,
2022020800100028,2022년 2월 8일 05시,화요일,부산광역시 강서구 범방동,중상사고,0,1,0,0,차대차 - 측면충돌,안전운전불이행,건조,맑음,교차로 - 교차로부근,화물,남,60세,상해없음,승용,남,50세,중상
2022020800100029,2022년 2월 8일 05시,화요일,부산광역시 사상구 주례동,경상사고,0,0,1,0,차대사람 - 횡단중,보행자보호의무위반,건조,맑음,교차로 - 교차로횡단보도내,승용,남,48세,상해없음,보행자,남,43세,경상
2.02202E+15,2022년 2월 8일 05시,화요일,부산광역시 기장군 정관읍,경상사고,0,0,2,1,차대차 - 추돌,안전운전불이행,건조,맑음,교차로 - 교차로부근,화물,남,53세,상해없음,승용,남,48세,경상
2022020800100034,2022년 2월 8일 06시,화요일,부산광역시 부산진구 초읍동,경상사고,0,0,1,0,차대사람 - 기타,안전운전불이행,건조,맑음,교차로 - 교차로안,화물,남,46세,상해없음,보행자,남,37세,경상
2022020800100035,2022년 2월 8일 06시,화요일,부산광역시 사하구 당리동,중상사고,0,1,0,0,차대사람 - 횡단중,보행자보호의무위반,건조,맑음,교차로 - 교차로횡단보도내,화물,남,68세,상해없음,보행자,남,71세,중상
2022020800100036,2022년 2월 8일 06시,화요일,부산광역시 강서구 송정동,경상사고,0,0,1,0,차대차 - 기타,안전운전불이행,건조,맑음,교차로 - 교차로부근,화물,남,65세,상해없음,승용,남,52세,경상
2022020800100073,2022년 2월 8일 08시,화요일,부산광역시 강서구 송정동,경상사고,0,0,1,0,차대차 - 측면충돌,직진우회전진행방해,건조,맑음,교차로 - 교차로안,승용,남,37세,상해없음,승용,남,40세,경상
2022020800100107,2022년 2월 8일 09시,화요일,부산광역시 동구 좌천동,중상사고,0,1,2,0,차대차 - 측면충돌,안전거리미확보,건조,맑음,단일로 - 기타,특수,남,68세,상해없음,승용,남,65세,중상
2022020800100126,2022년 2월 8일 10시,화요일,부산광역시 북구 덕천동,경상사고,0,0,1,0,차대차 - 기타,신호위반,건조,맑음,단일로 - 기타,화물,남,69세,상해없음,승용,여,61세,경상
2022020800100147,2022년 2월 8일 11시,화요일,부산광역시 서구 암남동,중상사고,0,1,4,0,차대차 - 추돌,안전운전불이행,건조,맑음,단일로 - 기타,승합,남,58세,상해없음,승합,남,48세,상해없음
2022020800100148,2022년 2월 8일 11시,화요일,부산광역시 북구 금곡동,중상사고,0,1,0,0,차대차 - 기타,신호위반,건조,맑음,교차로 - 교차로횡단보도내,이륜,남,23세,상해없음,자전거,남,73세,중상
2022020800100149,2022년 2월 8일 11시,화요일,부산광역시 강서구 명지동,경상사고,0,0,1,0,차대사람 - 기타,안전운전불이행,건조,맑음,단일로 - 기타,화물,남,29세,상해없음,보행자,남,43세,경상
2022020800100168,2022년 2월 8일 12시,화요일,부산광역시 해운대구 재송동,부상신고사고,0,0,0,1,차대사람 - 길가장자리구역통행중,안전운전불이행,건조,맑음,단일로 - 기타,승합,남,27세,상해없음,보행자,여,61세,부상신고
2022020800100169,2022년 2월 8일 12시,화요일,부산광역시 부산진구 부전동,경상사고,0,0,1,0,차대차 - 추돌,기타,건조,맑음,교차로 - 교차로안,승용,남,35세,상해없음,승용,남,74세,경상
2022020800100195,2022년 2월 8일 13시,화요일,부산광역시 서구 서대신동3가,중상사고,0,1,2,0,차대차 - 측면충돌,안전운전불이행,건조,맑음,교차로 - 교차로부근,승용,남,55세,경상,승용,남,62세,중상
2022020800100196,2022년 2월 8일 13시,화요일,부산광역시 부산진구 부전동,경상사고,0,0,1,0,차대사람 - 기타,안전운전불이행,건조,맑음,단일로 - 기타,승용,여,69세,상해없음,보행자,남,33세,경상
2022020800100225,2022년 2월 8일 14시,화요일,부산광역시 금정구 부곡동,중상사고,0,1,3,0,차대차 - 기타,안전거리미확보,건조,맑음,단일로 - 터널,승용,남,25세,기타불명,승용,남,53세,중상
2022020800100311,2022년 2월 8일 17시,화요일,부산광역시 동구 초량동,경상사고,0,0,1,0,차대사람 - 차도통행중,안전운전불이행,건조,맑음,단일로 - 기타,승용,여,66세,상해없음,보행자,여,44세,경상
2022020800100312,2022년 2월 8일 17시,화요일,부산광역시 남구 문현동,경상사고,0,0,1,0,차대차 - 측면충돌,안전운전불이행,건조,맑음,교차로 - 교차로안,승용,남,33세,상해없음,원동기,남,37세,경상
2022020800100313,2022년 2월 8일 17시,화요일,부산광역시 금정구 장전동,중상사고,0,1,1,0,차대차 - 기타,신호위반,건조,맑음,교차로 - 교차로안,이륜,남,70세,중상,승용,남,33세,경상
2022020800100314,2022년 2월 8일 17시,화요일,부산광역시 사하구 괴정동,중상사고,0,1,0,0,차대사람 - 횡단중,보행자보호의무위반,건조,맑음,교차로 - 교차로횡단보도내,승용,여,56세,상해없음,보행자,여,68세,중상
2022020800100315,2022년 2월 8일 17시,화요일,부산광역시 사상구 주례동,중상사고,0,1,0,0,차대차 - 측면충돌,차로위반,건조,맑음,단일로 - 기타,이륜,남,27세,중상,승용,남,26세,상해없음
2022020800100316,2022년 2월 8일 17시,화요일,부산광역시 사상구 감전동,경상사고,0,0,1,0,차대차 - 측면충돌,안전운전불이행,건조,맑음,교차로 - 교차로안,승용,여,40세,상해없음,원동기,남,26세,경상
2022020800100344,2022년 2월 8일 18시,화요일,부산광역시 남구 대연동,경상사고,0,0,1,0,차대차 - 측면충돌,안전운전불이행,건조,맑음,단일로 - 교량,승용,여,19세,기타불명,승용,남,69세,경상
2022020800100345,2022년 2월 8일 18시,화요일,부산광역시 해운대구 우동,경상사고,0,0,1,0,차대차 - 추돌,안전거리미확보,건조,맑음,단일로 - 기타,기타불명,기타불명,미분류,기타불명,원동기,남,27세,경상
2022020800100346,2022년 2월 8일 18시,화요일,부산광역시 해운대구 우동,중상사고,0,1,0,0,차대사람 - 횡단중,안전운전불이행,건조,맑음,교차로 - 교차로부근,승용,여,39세,상해없음,보행자,남,49세,중상
2022020800100347,2022년 2월 8일 18시,화요일,부산광역시 사하구 당리동,부상신고사고,0,0,0,1,차대차 - 기타,안전운전불이행,건조,맑음,교차로 - 교차로안,승용,남,73세,상해없음,원동기,남,47세,부상신고
2022020800100395,2022년 2월 8일 19시,화요일,부산광역시 수영구 수영동,경상사고,0,0,1,0,차대차 - 추돌,안전운전불이행,건조,맑음,교차로 - 교차로안,승용,남,59세,상해없음,승용,여,58세,경상
2022020800100396,2022년 2월 8일 19시,화요일,부산광역시 해운대구 재송동,경상사고,0,0,3,0,차대차 - 측면충돌,안전거리미확보,건조,맑음,단일로 - 지하차도(도로)내,승용,여,59세,상해없음,승용,남,43세,경상
2022020800100397,2022년 2월 8일 19시,화요일,부산광역시 부산진구 범천동,경상사고,0,0,2,0,차대차 - 측면충돌,안전운전불이행,건조,맑음,단일로 - 기타,이륜,남,24세,경상,승용,남,30세,경상
2022020800100436,2022년 2월 8일 20시,화요일,부산광역시 부산진구 개금동,중상사고,0,1,0,0,차대사람 - 횡단중,보행자보호의무위반,건조,맑음,교차로 - 교차로부근,승용,남,28세,상해없음,보행자,남,39세,중상
2022020800100437,2022년 2월 8일 20시,화요일,부산광역시 강서구 송정동,중상사고,0,1,0,0,차대차 - 측면충돌,안전운전불이행,건조,맑음,교차로 - 교차로안,승용,남,66세,상해없음,자전거,남,49세,중상
2022020800100494,2022년 2월 8일 22시,화요일,부산광역시 동구 초량동,경상사고,0,0,2,0,차대차 - 추돌,안전운전불이행,건조,맑음,단일로 - 기타,승용,남,52세,상해없음,승용,남,62세,경상
2022020800100495,2022년 2월 8일 22시,화요일,부산광역시 사하구 당리동,중상사고,0,1,0,0,차대차 - 측면충돌,신호위반,건조,맑음,단일로 - 기타,이륜,남,16세,상해없음,자전거,남,62세,중상
2022020800100514,2022년 2월 8일 23시,화요일,부산광역시 서구 서대신동1가,중상사고,0,1,0,0,차대차 - 정면충돌,신호위반,건조,맑음,교차로 - 교차로안,승용,남,42세,상해없음,원동기,남,21세,중상
2022020800100515,2022년 2월 8일 23시,화요일,부산광역시 부산진구 부전동,경상사고,0,0,1,0,차대차 - 기타,신호위반,건조,맑음,교차로 - 교차로안,승용,여,25세,상해없음,승용,남,54세,경상
2022020800100516,2022년 2월 8일 23시,화요일,부산광역시 부산진구 양정동,경상사고,0,0,3,0,차대차 - 기타,안전운전불이행,건조,맑음,단일로 - 기타,승용,남,54세,상해없음,승용,남,57세,경상
2022020800100517,2022년 2월 8일 23시,화요일,부산광역시 기장군 기장읍,경상사고,0,0,1,0,차대차 - 추돌,안전운전불이행,기타,기타,교차로 - 교차로안,승용,남,56세,상해없음,승용,남,58세,상해없음
2022020900100056,2022년 2월 9일 07시,수요일,부산광역시 북구 만덕동,경상사고,0,0,1,0,차대차 - 기타,교차로운행방법위반,건조,맑음,교차로 - 교차로안,화물,여,58세,상해없음,승용,여,28세,경상
2022020900100073,2022년 2월 9일 08시,수요일,부산광역시 해운대구 반송동,경상사고,0,0,1,0,차대차 - 측면충돌,교차로운행방법위반,건조,맑음,교차로 - 교차로안,승용,여,41세,상해없음,승합,남,33세,경상
2022020900100074,2022년 2월 9일 08시,수요일,부산광역시 부산진구 전포동,중상사고,0,1,0,0,차대사람 - 횡단중,안전운전불이행,건조,맑음,단일로 - 기타,승합,남,61세,상해없음,보행자,남,76세,중상
2022020900100075,2022년 2월 9일 08시,수요일,부산광역시 사하구 하단동,중상사고,0,1,0,0,차대차 - 기타,안전운전불이행,건조,맑음,단일로 - 기타,자전거,남,75세,중상,승용,남,36세,상해없음
2022020900100102,2022년 2월 9일 09시,수요일,부산광역시 동구 범일동,중상사고,0,1,0,0,차대차 - 측면충돌,차로위반,건조,맑음,교차로 - 교차로부근,이륜,남,72세,중상,승용,여,48세,상해없음
2022020900100103,2022년 2월 9일 09시,수요일,부산광역시 서구 남부민동,중상사고,0,1,0,0,차대사람 - 횡단중,보행자보호의무위반,건조,맑음,교차로 - 교차로횡단보도내,승용,여,60세,상해없음,보행자,여,89세,중상
2022020900100121,2022년 2월 9일 10시,수요일,부산광역시 부산진구 부전동,중상사고,0,1,0,0,차대차 - 추돌,신호위반,건조,맑음,교차로 - 교차로안,승용,남,38세,상해없음,이륜,남,50세,중상
2022020900100122,2022년 2월 9일 10시,수요일,부산광역시 사상구 학장동,경상사고,0,0,1,0,차대차 - 측면충돌,안전거리미확보,건조,맑음,단일로 - 기타,승용,여,51세,상해없음,승용,남,26세,경상
2022020900100147,2022년 2월 9일 11시,수요일,부산광역시 동구 초량동,중상사고,0,1,0,0,차대차 - 측면충돌,안전거리미확보,건조,맑음,단일로 - 기타,승용,여,48세,상해없음,승용,남,27세,중상
2022020900100148,2022년 2월 9일 11시,수요일,부산광역시 서구 암남동,경상사고,0,0,1,0,차대사람 - 횡단중,보행자보호의무위반,건조,맑음,단일로 - 기타,승용,남,56세,상해없음,보행자,남,52세,경상
2022020900100149,2022년 2월 9일 11시,수요일,부산광역시 서구 서대신동3가,경상사고,0,0,3,0,차대차 - 측면충돌,신호위반,건조,맑음,교차로 - 교차로안,원동기,남,59세,경상,승용,남,45세,경상
2022020900100206,2022년 2월 9일 13시,수요일,부산광역시 동구 초량동,경상사고,0,0,1,0,차대차 - 측면충돌,안전거리미확보,건조,맑음,교차로 - 교차로부근,승용,남,57세,상해없음,화물,남,27세,경상
2022020900100207,2022년 2월 9일 13시,수요일,부산광역시 사하구 다대동,경상사고,0,0,2,0,차대차 - 측면충돌,교차로운행방법위반,건조,맑음,교차로 - 교차로안,이륜,남,70세,경상,이륜,남,29세,경상
2022020900100236,2022년 2월 9일 14시,수요일,부산광역시 중구 보수동1가,경상사고,0,0,1,0,차대차 - 측면충돌,안전운전불이행,건조,맑음,단일로 - 기타,승용,여,52세,상해없음,승용,남,60세,경상
2022020900100257,2022년 2월 9일 15시,수요일,부산광역시 동구 초량동,경상사고,0,0,1,0,차량단독 - 기타,안전운전불이행,건조,맑음,단일로 - 지하차도(도로)내,승합,남,66세,상해없음,,,,
2022020900100296,2022년 2월 9일 16시,수요일,부산광역시 동래구 온천동,경상사고,0,0,1,0,차대사람 - 길가장자리구역통행중,안전운전불이행,건조,맑음,단일로 - 기타,승용,여,37세,상해없음,보행자,남,68세,경상
2022020900100297,2022년 2월 9일 16시,수요일,부산광역시 사하구 장림동,경상사고,0,0,1,0,차대차 - 측면충돌,직진우회전진행방해,건조,맑음,교차로 - 교차로안,승용,여,52세,상해없음,승용,남,33세,경상
2022020900100322,2022년 2월 9일 17시,수요일,부산광역시 연제구 거제동,경상사고,0,0,1,0,차대차 - 기타,안전거리미확보,건조,맑음,교차로 - 교차로부근,이륜,기타불명,미분류,기타불명,승합,남,59세,상해없음
2022020900100354,2022년 2월 9일 18시,수요일,부산광역시 금정구 구서동,경상사고,0,0,1,0,차대사람 - 횡단중,안전운전불이행,건조,맑음,교차로 - 교차로부근,승용,남,75세,상해없음,보행자,남,12세,경상
2022020900100355,2022년 2월 9일 18시,수요일,부산광역시 기장군 정관읍,경상사고,0,0,4,0,차대차 - 추돌,안전운전불이행,건조,맑음,교차로 - 교차로부근,승용,여,27세,상해없음,승용,남,67세,경상
2.02202E+15,2022년 2월 9일 19시,수요일,부산광역시 영도구 영선동2가,경상사고,0,0,1,0,차대사람 - 횡단중,보행자보호의무위반,건조,맑음,교차로 - 교차로횡단보도내,승용,남,65세,상해없음,보행자,남,60세,경상
2022020900100401,2022년 2월 9일 19시,수요일,부산광역시 사하구 감천동,중상사고,0,1,0,0,차대차 - 정면충돌,중앙선침범,건조,맑음,단일로 - 기타,승용,남,36세,상해없음,승용,남,68세,중상
2022020900100442,2022년 2월 9일 20시,수요일,부산광역시 수영구 망미동,중상사고,0,1,0,0,차대차 - 기타,안전운전불이행,건조,맑음,교차로 - 교차로안,승용,남,50세,상해없음,승용,여,55세,중상
2022020900100443,2022년 2월 9일 20시,수요일,부산광역시 기장군 일광읍,경상사고,0,0,1,0,차대차 - 기타,안전운전불이행,건조,맑음,교차로 - 교차로안,승용,남,46세,상해없음,이륜,여,17세,경상
2022020900100485,2022년 2월 9일 21시,수요일,부산광역시 부산진구 부전동,경상사고,0,0,1,0,차대차 - 측면충돌,신호위반,건조,맑음,단일로 - 기타,승용,남,38세,상해없음,이륜,남,30세,경상
2022020900100486,2022년 2월 9일 21시,수요일,부산광역시 부산진구 부전동,경상사고,0,0,1,0,차대사람 - 횡단중,보행자보호의무위반,건조,맑음,단일로 - 기타,승용,남,62세,상해없음,보행자,여,33세,경상
2022020900100519,2022년 2월 9일 22시,수요일,부산광역시 동래구 온천동,경상사고,0,0,1,0,차대사람 - 기타,안전운전불이행,건조,맑음,단일로 - 기타,승용,남,22세,상해없음,보행자,여,34세,경상