사고번호,사고일시,요일,시군구,사고내용,사망자수,중상자수,경상자수,부상신고자수,사고유형,법규위반,노면상태,기상상태,도로형태,가해운전자 차종,가해운전자 성별,가해운전자 연령,가해운전자 상해정도,피해운전자 차종,피해운전자 성별,피해운전자 연령,피해운전자 상해정도
2022021400100145,2022년 2월 14일 11시,월요일,부산광역시 중구 부평동2가,경상사고,0,0,1,0,차대사람 - 횡단중,신호위반,건조,맑음,교차로 - 교차로부근,승용,남,56세,상해없음,보행자,여,71세,경상
2022021400100178,2022년 2월 14일 12시,월요일,부산광역시 서구 동대신동1가,경상사고,0,0,1,0,차대차 - 측면충돌,신호위반,건조,맑음,교차로 - 교차로안,원동기,남,35세,상해없음,승용,여,63세,경상
2022021400100179,2022년 2월 14일 12시,월요일,부산광역시 기장군 일광면,경상사고,0,0,4,0,차대차 - 추돌,안전거리미확보,건조,맑음,단일로 - 기타,화물,남,47세,상해없음,승용,남,58세,경상
2022021400100206,2022년 2월 14일 13시,월요일,부산광역시 부산진구 양정동,경상사고,0,0,1,0,차대사람 - 기타,안전운전불이행,건조,맑음,단일로 - 기타,승용,여,66세,상해없음,보행자,남,61세,경상
2.02202E+15,2022년 2월 14일 15시,월요일,부산광역시 남구 문현동,경상사고,0,0,1,0,차대차 - 기타,안전운전불이행,건조,맑음,교차로 - 교차로부근,화물,남,32세,상해없음,이륜,남,52세,경상
2022021400100271,2022년 2월 14일 15시,월요일,부산광역시 해운대구 우동,경상사고,0,0,1,0,차대사람 - 횡단중,보행자보호의무위반,건조,맑음,단일로 - 기타,승용,남,73세,상해없음,보행자,남,50세,경상
2022021400100272,2022년 2월 14일 15시,월요일,부산광역시 해운대구 우동,중상사고,0,1,1,0,차대차 - 정면충돌,중앙선침범,건조,맑음,단일로 - 기타,승용,남,81세,중상,승용,남,48세,경상
2022021400100273,2022년 2월 14일 15시,월요일,부산광역시 부산진구 부전동,중상사고,0,1,0,0,차대차 - 측면충돌,안전거리미확보,건조,맑음,기타 - 기타,승용,남,80세,기타불명,승용,남,67세,중상
2022021400100366,2022년 2월 14일 18시,월요일,부산광역시 동구 좌천동,경상사고,0,0,2,0,차대차 - 측면충돌,신호위반,건조,맑음,단일로 - 기타,승용,남,27세,상해없음,승합,남,57세,상해없음
2022021400100367,2022년 2월 14일 18시,월요일,부산광역시 영도구 봉래동5가,중상사고,0,1,0,0,차대차 - 측면충돌,안전거리미확보,젖음/습기,흐림,단일로 - 고가도로위,특수,남,67세,상해없음,승용,여,61세,중상
2022021400100368,2022년 2월 14일 18시,월요일,부산광역시 기장군 장안읍,경상사고,0,0,1,1,차대차 - 추돌,안전거리미확보,건조,맑음,단일로 - 기타,승용,여,48세,상해없음,승용,여,41세,부상신고
2022021400100402,2022년 2월 14일 19시,월요일,부산광역시 서구 동대신동3가,경상사고,0,0,2,0,차대차 - 측면충돌,신호위반,건조,맑음,교차로 - 교차로안,원동기,남,26세,경상,원동기,남,46세,경상
2022021400100403,2022년 2월 14일 19시,월요일,부산광역시 북구 화명동,경상사고,0,0,1,0,차대차 - 추돌,안전거리미확보,건조,맑음,단일로 - 지하차도(도로)내,승용,남,54세,상해없음,승용,여,49세,경상
2022021400100404,2022년 2월 14일 19시,월요일,부산광역시 동래구 온천동,경상사고,0,0,1,0,차대사람 - 기타,안전운전불이행,건조,맑음,단일로 - 지하차도(도로)내,승용,남,59세,상해없음,보행자,여,22세,경상
2022021400100492,2022년 2월 14일 23시,월요일,부산광역시 부산진구 전포동,중상사고,0,1,0,0,차대사람 - 횡단중,안전운전불이행,건조,맑음,교차로 - 교차로부근,이륜,남,22세,상해없음,보행자,남,30세,중상
2022021400100493,2022년 2월 14일 23시,월요일,부산광역시 연제구 거제동,중상사고,0,1,0,0,차대차 - 측면충돌,신호위반,건조,맑음,단일로 - 기타,이륜,남,18세,상해없음,승용,남,71세,중상
2022021500100004,2022년 2월 15일 01시,화요일,부산광역시 서구 아미동2가,중상사고,0,1,3,0,차대차 - 추돌,기타,건조,맑음,단일로 - 기타,승용,여,36세,상해없음,화물,남,49세,기타불명
2022021500100008,2022년 2월 15일 04시,화요일,부산광역시 사하구 장림동,중상사고,0,1,0,0,차대사람 - 기타,안전운전불이행,건조,흐림,교차로 - 교차로부근,원동기,남,36세,상해없음,보행자,여,64세,중상
2022021500100019,2022년 2월 15일 06시,화요일,부산광역시 동구 초량동,경상사고,0,0,2,0,차대차 - 기타,안전운전불이행,건조,맑음,단일로 - 지하차도(도로)내,화물,남,55세,상해없음,건설기계,남,58세,상해없음
2022021500100027,2022년 2월 15일 07시,화요일,부산광역시 사상구 학장동,중상사고,0,1,0,0,차대사람 - 횡단중,신호위반,기타,맑음,교차로 - 교차로부근,승용,남,52세,상해없음,보행자,여,56세,중상
2022021500100043,2022년 2월 15일 08시,화요일,부산광역시 동구 초량동,경상사고,0,0,2,0,차대차 - 측면충돌,안전거리미확보,건조,맑음,단일로 - 지하차도(도로)내,건설기계,남,59세,경상,승용,남,67세,경상
2022021500100044,2022년 2월 15일 08시,화요일,부산광역시 강서구 대저1동,경상사고,0,0,1,1,차대차 - 측면충돌,신호위반,건조,맑음,교차로 - 교차로부근,승용,남,30세,부상신고,특수,남,43세,경상
2022021500100045,2022년 2월 15일 08시,화요일,부산광역시 강서구 범방동,중상사고,0,1,0,0,차대차 - 추돌,안전운전불이행,건조,맑음,교차로 - 교차로안,화물,남,66세,상해없음,승용,여,40세,중상
2.02202E+15,2022년 2월 15일 09시,화요일,부산광역시 동구 수정동,경상사고,0,0,1,0,차대사람 - 보도통행중,보행자보호의무위반,건조,맑음,단일로 - 기타,승용,남,60세,상해없음,보행자,남,79세,경상
2022021500100071,2022년 2월 15일 09시,화요일,부산광역시 연제구 연산동,중상사고,0,1,0,0,차대차 - 측면충돌,안전거리미확보,건조,맑음,단일로 - 기타,승용,남,77세,상해없음,승용,남,41세,중상
2022021500100089,2022년 2월 15일 10시,화요일,부산광역시 중구 중앙동6가,중상사고,0,1,0,0,차대사람 - 횡단중,안전운전불이행,건조,맑음,교차로 - 교차로부근,승용,남,45세,상해없음,보행자,남,42세,중상
2022021500100107,2022년 2월 15일 11시,화요일,부산광역시 부산진구 부암동,경상사고,0,0,2,0,차량단독 - 공작물충돌,기타,건조,맑음,단일로 - 기타,화물,남,63세,경상,,,,
2022021500100108,2022년 2월 15일 11시,화요일,부산광역시 부산진구 전포동,경상사고,0,0,3,0,차대차 - 추돌,안전운전불이행,건조,맑음,단일로 - 기타,승용,남,37세,경상,화물,남,36세,경상
2022021500100109,2022년 2월 15일 11시,화요일,부산광역시 사상구 모라동,경상사고,0,0,4,0,차대차 - 측면충돌,신호위반,건조,맑음,교차로 - 교차로안,승용,남,83세,기타불명,승용,남,71세,경상
2022021500100132,2022년 2월 15일 12시,화요일,부산광역시 수영구 광안동,경상사고,0,0,1,0,차대차 - 기타,신호위반,건조,맑음,단일로 - 기타,승용,남,58세,상해없음,이륜,남,52세,경상
2022021500100133,2022년 2월 15일 12시,화요일,부산광역시 금정구 두구동,경상사고,0,0,1,0,차대차 - 기타,안전거리미확보,건조,맑음,단일로 - 기타,승합,남,57세,상해없음,승용,남,61세,상해없음
2022021500100165,2022년 2월 15일 13시,화요일,부산광역시 금정구 노포동,경상사고,0,0,1,0,차대차 - 측면충돌,안전운전불이행,건조,맑음,단일로 - 기타,승용,여,39세,상해없음,승용,여,49세,경상
2022021500100166,2022년 2월 15일 13시,화요일,부산광역시 사하구 장림동,경상사고,0,0,1,0,차대차 - 기타,안전운전불이행,건조,맑음,단일로 - 기타,기타불명,기타불명,미분류,기타불명,승합,남,62세,상해없음
2022021500100167,2022년 2월 15일 13시,화요일,부산광역시 연제구 연산동,경상사고,0,0,1,0,차대차 - 추돌,기타,건조,맑음,단일로 - 기타,건설기계,남,49세,상해없음,승용,남,33세,경상
2022021500100168,2022년 2월 15일 13시,화요일,부산광역시 강서구 명지동,중상사고,0,1,0,0,차대차 - 측면충돌,신호위반,건조,맑음,교차로 - 교차로안,이륜,남,41세,중상,승용,여,42세,상해없음
2.02202E+15,2022년 2월 15일 14시,화요일,부산광역시 동구 초량동,경상사고,0,0,2,0,차대차 - 측면충돌,교차로운행방법위반,건조,맑음,교차로 - 교차로안,특수,남,41세,상해없음,승용,남,23세,경상
2022021500100191,2022년 2월 15일 14시,화요일,부산광역시 남구 대연동,중상사고,0,1,0,0,차대사람 - 보도통행중,보행자보호의무위반,건조,맑음,단일로 - 기타,승용,남,74세,상해없음,보행자,남,86세,중상
2022021500100192,2022년 2월 15일 14시,화요일,부산광역시 부산진구 범천동,경상사고,0,0,1,0,차대차 - 측면충돌,안전운전불이행,건조,맑음,단일로 - 기타,이륜,남,32세,상해없음,승합,남,36세,상해없음
2022021500100225,2022년 2월 15일 15시,화요일,부산광역시 수영구 남천동,경상사고,0,0,1,0,차대차 - 기타,신호위반,건조,맑음,교차로 - 교차로안,승용,여,58세,상해없음,승용,남,27세,경상
2022021500100249,2022년 2월 15일 16시,화요일,부산광역시 부산진구 부전동,경상사고,0,0,3,0,차대차 - 측면충돌,안전거리미확보,건조,맑음,단일로 - 기타,승용,남,28세,상해없음,화물,남,29세,경상
2022021500100278,2022년 2월 15일 17시,화요일,부산광역시 해운대구 반여동,중상사고,0,1,0,0,차대사람 - 횡단중,신호위반,건조,맑음,교차로 - 교차로안,승용,남,30세,상해없음,보행자,남,55세,중상
2.02202E+15,2022년 2월 15일 18시,화요일,부산광역시 동구 초량동,경상사고,0,0,1,0,차대차 - 추돌,안전운전불이행,건조,맑음,교차로 - 교차로부근,승용,남,70세,상해없음,승용,남,45세,경상
2022021500100311,2022년 2월 15일 18시,화요일,부산광역시 북구 덕천동,경상사고,0,0,1,0,차대사람 - 기타,신호위반,건조,맑음,단일로 - 기타,이륜,남,19세,상해없음,보행자,여,30세,경상
2022021500100312,2022년 2월 15일 18시,화요일,부산광역시 부산진구 전포동,경상사고,0,0,1,0,차대차 - 측면충돌,교차로운행방법위반,건조,맑음,교차로 - 교차로안,화물,남,53세,상해없음,이륜,남,24세,경상
2022021500100313,2022년 2월 15일 18시,화요일,부산광역시 부산진구 개금동,경상사고,0,0,1,0,차대사람 - 기타,안전운전불이행,건조,맑음,단일로 - 기타,승용,남,33세,상해없음,보행자,여,30세,경상
2022021500100348,2022년 2월 15일 19시,화요일,부산광역시 사하구 장림동,중상사고,0,1,0,0,차대차 - 정면충돌,신호위반,건조,맑음,교차로 - 교차로안,승용,여,32세,상해없음,승용,여,44세,중상
2022021500100382,2022년 2월 15일 20시,화요일,부산광역시 동구 초량동,경상사고,0,0,1,0,차대사람 - 차도통행중,안전운전불이행,건조,맑음,단일로 - 기타,승용,여,51세,상해없음,보행자,남,54세,경상
2022021500100383,2022년 2월 15일 20시,화요일,부산광역시 수영구 광안동,중상사고,0,1,0,0,차대사람 - 길가장자리구역통행중,신호위반,건조,맑음,교차로 - 교차로부근,승용,남,27세,상해없음,보행자,여,61세,중상
2022021500100384,2022년 2월 15일 20시,화요일,부산광역시 강서구 죽림동,경상사고,0,0,1,0,차대차 - 정면충돌,안전운전불이행,건조,맑음,교차로 - 교차로부근,승용,남,57세,상해없음,승용,남,33세,경상
2022021500100407,2022년 2월 15일 21시,화요일,부산광역시 동구 수정동,경상사고,0,0,1,0,차대사람 - 횡단중,보행자보호의무위반,건조,맑음,단일로 - 기타,승용,여,65세,상해없음,보행자,여,66세,경상
2022021500100434,2022년 2월 15일 22시,화요일,부산광역시 부산진구 범전동,경상사고,0,0,1,0,차대차 - 기타,안전거리미확보,건조,맑음,기타 - 기타,승용,남,29세,상해없음,승용,남,44세,상해없음
2022021500100435,2022년 2월 15일 22시,화요일,부산광역시 강서구 명지동,경상사고,0,0,1,0,차량단독 - 공작물충돌,안전운전불이행,건조,맑음,교차로 - 교차로안,이륜,남,16세,경상,,,,
2022021500100436,2022년 2월 15일 22시,화요일,부산광역시 사상구 삼락동,경상사고,0,0,1,0,차대차 - 측면충돌,안전거리미확보,건조,맑음,단일로 - 기타,특수,남,66세,상해없음,승용,남,51세,경상
2.02202E+15,2022년 2월 15일 23시,화요일,부산광역시 부산진구 전포동,경상사고,0,0,1,0,차대차 - 기타,신호위반,건조,맑음,교차로 - 교차로안,승용,남,64세,상해없음,승용,여,56세,경상
2022021500100451,2022년 2월 15일 23시,화요일,부산광역시 부산진구 전포동,중상사고,0,1,0,0,차대차 - 추돌,안전운전불이행,건조,맑음,교차로 - 교차로부근,승용,남,32세,상해없음,승용,여,43세,중상
2022021600100055,2022년 2월 16일 08시,수요일,부산광역시 금정구 청룡동,경상사고,0,0,1,0,차대사람 - 기타,안전운전불이행,건조,맑음,단일로 - 기타,승용,남,28세,상해없음,보행자,남,59세,경상
2022021600100056,2022년 2월 16일 08시,수요일,부산광역시 강서구 명지동,경상사고,0,0,1,0,차대차 - 기타,안전거리미확보,건조,맑음,교차로 - 교차로부근,화물,남,38세,상해없음,승용,남,58세,경상
2022021600100057,2022년 2월 16일 08시,수요일,부산광역시 사상구 감전동,경상사고,0,0,1,0,차대차 - 추돌,안전거리미확보,건조,맑음,단일로 - 지하차도(도로)내,화물,남,60세,기타불명,승용,여,51세,경상
2.02202E+15,2022년 2월 16일 09시,수요일,부산광역시 남구 감만동,중상사고,0,1,0,0,차대차 - 정면충돌,신호위반,건조,맑음,교차로 - 교차로안,특수,남,67세,상해없음,승용,남,31세,중상
2022021600100071,2022년 2월 16일 09시,수요일,부산광역시 해운대구 우동,경상사고,0,0,1,0,차대차 - 추돌,안전운전불이행,건조,맑음,기타 - 기타,승합,남,47세,상해없음,승용,남,34세,경상
2022021600100113,2022년 2월 16일 11시,수요일,부산광역시 해운대구 좌동,경상사고,0,0,2,0,차대차 - 추돌,안전운전불이행,건조,맑음,단일로 - 기타,승용,여,30세,상해없음,승용,남,64세,경상
2022021600100133,2022년 2월 16일 12시,수요일,부산광역시 부산진구 범천동,중상사고,0,1,0,0,차대사람 - 기타,안전운전불이행,건조,맑음,단일로 - 기타,이륜,남,52세,상해없음,보행자,여,62세,중상
2022021600100134,2022년 2월 16일 12시,수요일,부산광역시 부산진구 부전동,중상사고,0,2,0,0,차대차 - 기타,교차로운행방법위반,건조,맑음,교차로 - 교차로안,승용,여,56세,상해없음,이륜,남,30세,중상
2022021600100163,2022년 2월 16일 13시,수요일,부산광역시 영도구 봉래동3가,경상사고,0,0,1,0,차대차 - 측면충돌,안전운전불이행,건조,맑음,기타 - 기타,승용,여,56세,기타불명,승합,남,54세,경상
2022021600100164,2022년 2월 16일 13시,수요일,부산광역시 사하구 하단동,경상사고,0,0,3,0,차대차 - 추돌,신호위반,건조,맑음,교차로 - 교차로안,승용,남,67세,상해없음,승용,여,41세,경상
2022021600100188,2022년 2월 16일 14시,수요일,부산광역시 서구 암남동,경상사고,0,0,2,0,차대차 - 추돌,안전거리미확보,건조,맑음,교차로 - 교차로부근,승용,남,56세,상해없음,승용,여,41세,경상
2022021600100189,2022년 2월 16일 14시,수요일,부산광역시 부산진구 양정동,중상사고,0,1,0,0,차대차 - 측면충돌,신호위반,건조,맑음,교차로 - 교차로부근,승용,여,51세,상해없음,이륜,남,22세,중상
2.02202E+15,2022년 2월 16일 14시,수요일,부산광역시 금정구 남산동,경상사고,0,0,1,0,차대차 - 측면충돌,안전거리미확보,건조,맑음,단일로 - 기타,화물,남,61세,상해없음,원동기,남,41세,경상
2022021600100215,2022년 2월 16일 15시,수요일,부산광역시 북구 화명동,경상사고,0,0,1,0,차대사람 - 기타,안전운전불이행,건조,맑음,기타 - 기타,화물,남,61세,기타불명,보행자,남,61세,경상
2022021600100216,2022년 2월 16일 15시,수요일,부산광역시 사하구 구평동,부상신고사고,0,0,0,1,차대차 - 추돌,신호위반,건조,맑음,교차로 - 교차로안,원동기,남,63세,부상신고,화물,남,55세,상해없음
2.02202E+15,2022년 2월 16일 16시,수요일,부산광역시 동구 초량동,경상사고,0,0,1,0,차대차 - 측면충돌,교차로운행방법위반,건조,맑음,교차로 - 교차로안,승용,남,76세,상해없음,승용,남,61세,경상
2022021600100276,2022년 2월 16일 17시,수요일,부산광역시 북구 만덕동,경상사고,0,0,1,0,차대사람 - 횡단중,안전운전불이행,건조,맑음,교차로 - 교차로횡단보도내,승용,여,49세,상해없음,보행자,남,68세,경상
2022021600100301,2022년 2월 16일 18시,수요일,부산광역시 동래구 명장동,중상사고,0,1,0,0,차대차 - 기타,안전거리미확보,건조,맑음,단일로 - 기타,승용,남,67세,상해없음,승합,남,37세,상해없음
2022021600100302,2022년 2월 16일 18시,수요일,부산광역시 동래구 명장동,경상사고,0,0,1,0,차대차 - 추돌,안전운전불이행,건조,맑음,단일로 - 기타,승용,여,54세,상해없음,승용,남,24세,경상
2022021600100355,2022년 2월 16일 19시,수요일,부산광역시 부산진구 범천동,경상사고,0,0,1,0,차대차 - 추돌,안전거리미확보,건조,맑음,교차로 - 교차로안,승용,남,57세,상해없음,이륜,남,31세,경상
2022021600100382,2022년 2월 16일 20시,수요일,부산광역시 부산진구 부암동,중상사고,0,1,0,0,차대사람 - 기타,안전운전불이행,건조,맑음,단일로 - 기타,승용,남,43세,상해없음,보행자,여,73세,중상
2022021600100423,2022년 2월 16일 21시,수요일,부산광역시 강서구 송정동,경상사고,0,0,1,0,차대차 - 측면충돌,중앙선침범,건조,맑음,단일로 - 기타,건설기계,남,34세,상해없음,이륜,남,42세,경상
2022021600100453,2022년 2월 16일 22시,수요일,부산광역시 사하구 신평동,경상사고,0,0,2,0,차대차 - 기타,안전운전불이행,건조,맑음,단일로 - 지하차도(도로)내,승용,남,39세,상해없음,승합,남,54세,경상
2.02202E+15,2022년 2월 16일 23시,수요일,부산광역시 사하구 괴정동,중상사고,0,1,1,0,차대차 - 기타,신호위반,건조,맑음,교차로 - 교차로안,이륜,남,27세,중상,승용,남,57세,경상
2022021700100012,2022년 2월 17일 02시,목요일,부산광역시 해운대구 좌동,중상사고,0,1,0,0,차대사람 - 기타,안전운전불이행,건조,맑음,교차로 - 교차로안,승용,남,63세,상해없음,보행자,여,51세,중상
2022021700100024,2022년 2월 17일 06시,목요일,부산광역시 부산진구 전포동,중상사고,0,1,0,0,차대사람 - 횡단중,신호위반,건조,맑음,기타 - 기타,승용,남,62세,상해없음,보행자,여,66세,중상
2022021700100055,2022년 2월 17일 08시,목요일,부산광역시 중구 남포동2가,경상사고,0,0,1,0,차대차 - 정면충돌,교차로운행방법위반,건조,맑음,교차로 - 교차로부근,승용,여,45세,상해없음,승용,남,57세,경상
2022021700100056,2022년 2월 17일 08시,목요일,부산광역시 부산진구 전포동,중상사고,0,1,0,0,차대차 - 측면충돌,안전거리미확보,건조,맑음,교차로 - 교차로안,화물,남,60세,상해없음,승용,남,37세,중상
2022021700100057,2022년 2월 17일 08시,목요일,부산광역시 부산진구 범천동,중상사고,0,1,0,0,차대차 - 기타,안전거리미확보,건조,기타,교차로 - 교차로부근,승용,남,46세,상해없음,승용,남,34세,중상
2022021700100088,2022년 2월 17일 09시,목요일,부산광역시 북구 화명동,경상사고,0,0,2,0,차대차 - 추돌,안전운전불이행,건조,맑음,교차로 - 교차로부근,승용,남,57세,상해없음,화물,남,23세,경상
2022021700100089,2022년 2월 17일 09시,목요일,부산광역시 영도구 청학동,중상사고,0,1,0,0,차대차 - 기타,안전운전불이행,건조,맑음,단일로 - 기타,승용,남,68세,상해없음,승용,여,40세,기타불명
2.02202E+15,2022년 2월 17일 09시,목요일,부산광역시 기장군 장안읍,경상사고,0,0,1,0,차대차 - 기타,안전운전불이행,건조,맑음,단일로 - 기타,승용,여,56세,상해없음,승용,여,43세,경상
2022021700100111,2022년 2월 17일 10시,목요일,부산광역시 서구 동대신동2가,경상사고,0,0,2,0,차대차 - 추돌,안전운전불이행,건조,맑음,단일로 - 터널,승용,남,49세,상해없음,승용,여,33세,경상
2022021700100112,2022년 2월 17일 10시,목요일,부산광역시 남구 감만동,경상사고,0,0,1,0,차대차 - 기타,안전운전불이행,건조,맑음,교차로 - 교차로안,승용,남,69세,기타불명,이륜,남,30세,경상
2.02202E+15,2022년 2월 17일 12시,목요일,부산광역시 부산진구 부전동,중상사고,0,1,0,0,차대차 - 측면충돌,신호위반,건조,맑음,교차로 - 교차로안,승용,남,88세,상해없음,원동기,남,25세,중상
2022021700100171,2022년 2월 17일 12시,목요일,부산광역시 기장군 정관읍,경상사고,0,0,1,0,차대차 - 기타,중앙선침범,건조,맑음,기타 - 기타,승용,남,62세,상해없음,이륜,남,46세,경상
2022021700100196,2022년 2월 17일 13시,목요일,부산광역시 북구 구포동,경상사고,0,0,1,0,차대사람 - 기타,보행자보호의무위반,건조,맑음,단일로 - 기타,승용,남,67세,상해없음,보행자,남,30세,경상
2022021700100217,2022년 2월 17일 14시,목요일,부산광역시 수영구 광안동,중상사고,0,1,0,0,차대사람 - 기타,안전운전불이행,건조,맑음,교차로 - 교차로안,승용,남,52세,상해없음,보행자,여,74세,중상
2022021700100218,2022년 2월 17일 14시,목요일,부산광역시 남구 용호동,경상사고,0,0,1,0,차대차 - 측면충돌,안전운전불이행,건조,맑음,교차로 - 교차로안,화물,남,42세,상해없음,승용,남,30세,경상
2022021700100219,2022년 2월 17일 14시,목요일,부산광역시 연제구 연산동,경상사고,0,0,1,0,차대차 - 추돌,안전운전불이행,건조,맑음,교차로 - 교차로횡단보도내,자전거,남,77세,경상,승용,남,57세,상해없음
2.02202E+15,2022년 2월 17일 14시,목요일,부산광역시 강서구 대저2동,경상사고,0,0,1,0,차량단독 - 공작물충돌,안전운전불이행,건조,맑음,교차로 - 교차로부근,화물,남,63세,경상,,,,
2022021700100278,2022년 2월 17일 16시,목요일,부산광역시 중구 영주동,중상사고,0,1,0,0,차대사람 - 기타,안전운전불이행,건조,맑음,단일로 - 기타,이륜,남,23세,상해없음,보행자,여,83세,중상
2022021700100279,2022년 2월 17일 16시,목요일,부산광역시 부산진구 초읍동,경상사고,0,0,1,0,차대사람 - 차도통행중,안전운전불이행,건조,맑음,단일로 - 기타,승용,남,60세,상해없음,보행자,여,23세,경상
2022021700100308,2022년 2월 17일 17시,목요일,부산광역시 금정구 선동,경상사고,0,0,1,0,차대차 - 기타,신호위반,건조,맑음,교차로 - 교차로안,승용,여,50세,상해없음,화물,남,59세,경상
2022021700100309,2022년 2월 17일 17시,목요일,부산광역시 사하구 장림동,경상사고,0,0,1,0,차대차 - 기타,안전운전불이행,건조,맑음,교차로 - 교차로부근,승용,남,33세,기타불명,이륜,남,49세,경상
2022021700100337,2022년 2월 17일 18시,목요일,부산광역시 수영구 망미동,중상사고,0,1,0,0,차대사람 - 차도통행중,안전운전불이행,건조,맑음,단일로 - 기타,이륜,남,18세,상해없음,보행자,여,58세,중상
2022021700100338,2022년 2월 17일 18시,목요일,부산광역시 강서구 대저1동,경상사고,0,0,4,0,차대차 - 기타,안전운전불이행,건조,맑음,단일로 - 기타,승용,남,71세,상해없음,승용,남,26세,경상
2022021700100367,2022년 2월 17일 19시,목요일,부산광역시 남구 용당동,경상사고,0,0,1,0,차대차 - 측면충돌,안전거리미확보,건조,맑음,기타 - 기타,특수,남,42세,상해없음,승용,남,48세,경상
2022021700100368,2022년 2월 17일 19시,목요일,부산광역시 금정구 장전동,경상사고,0,0,1,0,차대사람 - 차도통행중,안전운전불이행,건조,맑음,교차로 - 교차로안,승용,여,21세,상해없음,보행자,여,23세,경상
2022021700100369,2022년 2월 17일 19시,목요일,부산광역시 강서구 명지동,중상사고,0,1,0,0,차대차 - 기타,신호위반,건조,맑음,교차로 - 교차로안,화물,남,61세,상해없음,이륜,남,27세,중상
2022021700100401,2022년 2월 17일 20시,목요일,부산광역시 동래구 사직동,중상사고,0,1,0,0,차대차 - 측면충돌,신호위반,건조,맑음,교차로 - 교차로안,승용,남,60세,상해없음,이륜,남,29세,중상
2022021700100402,2022년 2월 17일 20시,목요일,부산광역시 부산진구 부전동,경상사고,0,0,1,0,차대사람 - 길가장자리구역통행중,안전운전불이행,건조,맑음,단일로 - 기타,승용,남,25세,상해없음,보행자,남,28세,경상
2022021700100403,2022년 2월 17일 20시,목요일,부산광역시 기장군 일광읍,경상사고,0,0,1,0,차대차 - 측면충돌,교차로운행방법위반,건조,맑음,교차로 - 교차로안,승용,남,39세,상해없음,이륜,남,43세,경상
2022021700100478,2022년 2월 17일 23시,목요일,부산광역시 북구 만덕동,중상사고,0,1,1,1,차대차 - 기타,중앙선침범,건조,맑음,교차로 - 교차로안,승용,남,22세,상해없음,승합,남,44세,중상
2022021700100479,2022년 2월 17일 23시,목요일,부산광역시 연제구 연산동,경상사고,0,0,1,0,차대차 - 기타,안전운전불이행,건조,맑음,교차로 - 교차로부근,승용,남,59세,상해없음,이륜,남,30세,경상
2.02202E+15,2022년 2월 17일 23시,목요일,부산광역시 강서구 송정동,경상사고,0,0,1,0,차대차 - 측면충돌,안전운전불이행,건조,맑음,단일로 - 기타,승용,남,41세,상해없음,이륜,남,24세,경상
2022021800100015,2022년 2월 18일 02시,금요일,부산광역시 부산진구 전포동,경상사고,0,0,1,0,차대사람 - 횡단중,보행자보호의무위반,건조,맑음,교차로 - 교차로횡단보도내,승합,남,28세,상해없음,보행자,남,34세,경상
2.02202E+15,2022년 2월 18일 03시,금요일,부산광역시 부산진구 부전동,부상신고사고,0,0,0,1,차대차 - 기타,안전거리미확보,건조,맑음,단일로 - 기타,승용,남,50세,상해없음,원동기,남,31세,부상신고
2022021800100036,2022년 2월 18일 06시,금요일,부산광역시 남구 대연동,중상사고,0,1,0,0,차대차 - 측면충돌,안전운전불이행,건조,맑음,교차로 - 교차로안,기타불명,기타불명,미분류,기타불명,승합,남,56세,상해없음
2.02202E+15,2022년 2월 18일 08시,금요일,부산광역시 사상구 삼락동,경상사고,0,0,1,0,차대차 - 측면충돌,안전운전불이행,건조,맑음,교차로 - 교차로안,승용,남,27세,상해없음,자전거,남,38세,경상
2022021800100097,2022년 2월 18일 09시,금요일,부산광역시 서구 동대신동3가,경상사고,0,0,1,0,차대차 - 추돌,차로위반,건조,맑음,교차로 - 교차로부근,승용,남,47세,상해없음,원동기,남,46세,경상
2022021800100128,2022년 2월 18일 10시,금요일,부산광역시 연제구 연산동,경상사고,0,0,1,0,차대차 - 측면충돌,중앙선침범,건조,맑음,단일로 - 기타,승용,남,52세,상해없음,승용,남,69세,경상
2022021800100156,2022년 2월 18일 11시,금요일,부산광역시 동래구 온천동,경상사고,0,0,1,0,차대사람 - 횡단중,안전운전불이행,건조,맑음,단일로 - 기타,승용,여,67세,상해없음,보행자,여,41세,경상
2022021800100157,2022년 2월 18일 11시,금요일,부산광역시 부산진구 부전동,경상사고,0,0,1,0,차대차 - 측면충돌,안전운전불이행,건조,맑음,기타 - 기타,이륜,남,56세,경상,승용,여,43세,상해없음
2022021800100158,2022년 2월 18일 11시,금요일,부산광역시 부산진구 개금동,경상사고,0,0,1,0,차대차 - 기타,안전운전불이행,건조,맑음,교차로 - 교차로안,승용,남,19세,상해없음,승합,남,59세,상해없음
2022021800100195,2022년 2월 18일 12시,금요일,부산광역시 동구 좌천동,중상사고,0,1,0,0,차대차 - 기타,안전운전불이행,건조,맑음,단일로 - 기타,원동기,남,35세,중상,승용,남,51세,상해없음
2022021800100196,2022년 2월 18일 12시,금요일,부산광역시 동구 수정동,경상사고,0,0,1,0,차대차 - 측면충돌,안전운전불이행,건조,맑음,교차로 - 교차로부근,승용,여,37세,상해없음,자전거,남,61세,경상
2.02202E+15,2022년 2월 18일 15시,금요일,부산광역시 사하구 괴정동,중상사고,0,1,0,0,차대사람 - 기타,안전운전불이행,건조,맑음,단일로 - 기타,화물,여,42세,상해없음,보행자,여,72세,중상