사고번호,사고일시,요일,시군구,사고내용,사망자수,중상자수,경상자수,부상신고자수,사고유형,법규위반,노면상태,기상상태,도로형태,가해운전자 차종,가해운전자 성별,가해운전자 연령,가해운전자 상해정도,피해운전자 차종,피해운전자 성별,피해운전자 연령,피해운전자 상해정도
2022030800100414,2022년 3월 8일 20시,화요일,부산광역시 연제구 연산동,경상사고,0,0,1,0,차대사람 - 차도통행중,안전운전불이행,건조,맑음,단일로 - 기타,승용,남,64세,상해없음,보행자,남,71세,경상
2022030800100431,2022년 3월 8일 21시,화요일,부산광역시 연제구 연산동,중상사고,0,1,0,0,차대사람 - 기타,안전운전불이행,건조,맑음,교차로 - 교차로안,승용,여,50세,상해없음,보행자,남,79세,중상
2.02203E+15,2022년 3월 8일 23시,화요일,부산광역시 부산진구 부전동,경상사고,0,0,1,0,차대사람 - 기타,안전운전불이행,건조,맑음,기타 - 기타,승용,남,22세,상해없음,보행자,남,21세,경상
2022030800100471,2022년 3월 8일 23시,화요일,부산광역시 연제구 거제동,경상사고,0,0,2,0,차대차 - 기타,안전운전불이행,건조,맑음,교차로 - 교차로부근,승용,남,50세,상해없음,승용,남,57세,경상
2022030900100002,2022년 3월 9일 00시,수요일,부산광역시 중구 영주동,중상사고,0,1,0,0,차대사람 - 횡단중,안전운전불이행,건조,맑음,교차로 - 교차로부근,승용,남,22세,상해없음,보행자,남,28세,중상
2022030900100003,2022년 3월 9일 00시,수요일,부산광역시 강서구 구랑동,경상사고,0,0,1,0,차대차 - 추돌,안전운전불이행,건조,맑음,교차로 - 교차로부근,승용,남,43세,상해없음,승용,남,29세,경상
2.02203E+15,2022년 3월 9일 05시,수요일,부산광역시 사하구 하단동,중상사고,0,1,0,0,차대차 - 기타,기타,건조,흐림,교차로 - 교차로부근,승용,남,49세,상해없음,승용,남,75세,상해없음
2022030900100052,2022년 3월 9일 07시,수요일,부산광역시 기장군 일광읍,경상사고,0,0,1,0,차대차 - 측면충돌,신호위반,건조,맑음,교차로 - 교차로안,화물,남,48세,상해없음,승용,남,43세,경상
2022030900100061,2022년 3월 9일 08시,수요일,부산광역시 강서구 강동동,중상사고,0,1,2,0,차대차 - 기타,안전거리미확보,건조,맑음,단일로 - 기타,화물,남,69세,중상,승용,남,30세,경상
2022030900100165,2022년 3월 9일 13시,수요일,부산광역시 남구 문현동,중상사고,0,1,0,0,차대사람 - 횡단중,안전운전불이행,건조,맑음,교차로 - 교차로횡단보도내,승용,남,38세,상해없음,보행자,여,67세,중상
2.02203E+15,2022년 3월 9일 14시,수요일,부산광역시 수영구 광안동,경상사고,0,0,1,0,차대차 - 추돌,안전운전불이행,건조,맑음,단일로 - 기타,승용,남,51세,상해없음,이륜,남,40세,경상
2022030900100201,2022년 3월 9일 14시,수요일,부산광역시 동래구 명장동,경상사고,0,0,1,0,차대차 - 기타,안전운전불이행,건조,맑음,교차로 - 교차로안,승용,여,38세,상해없음,이륜,남,28세,경상
2022030900100202,2022년 3월 9일 14시,수요일,부산광역시 해운대구 석대동,경상사고,0,0,1,0,차대차 - 기타,안전거리미확보,건조,맑음,교차로 - 교차로안,승용,여,50세,상해없음,화물,남,43세,경상
2022030900100203,2022년 3월 9일 14시,수요일,부산광역시 연제구 연산동,경상사고,0,0,1,0,차량단독 - 기타,안전운전불이행,건조,맑음,단일로 - 기타,승합,남,58세,상해없음,,,,
2022030900100278,2022년 3월 9일 17시,수요일,부산광역시 금정구 청룡동,경상사고,0,0,1,0,차대차 - 기타,차로위반,건조,맑음,교차로 - 교차로안,승용,여,44세,경상,승용,남,64세,상해없음
2022030900100301,2022년 3월 9일 18시,수요일,부산광역시 해운대구 재송동,경상사고,0,0,1,0,차대차 - 추돌,안전운전불이행,건조,맑음,단일로 - 기타,승용,여,67세,상해없음,승용,여,54세,경상
2022030900100302,2022년 3월 9일 18시,수요일,부산광역시 사하구 괴정동,부상신고사고,0,0,0,1,차대차 - 추돌,안전운전불이행,건조,맑음,교차로 - 교차로안,원동기,여,26세,부상신고,화물,남,48세,상해없음
2022030900100303,2022년 3월 9일 18시,수요일,부산광역시 기장군 기장읍,중상사고,0,1,0,0,차대사람 - 횡단중,안전운전불이행,건조,맑음,단일로 - 기타,이륜,남,51세,상해없음,보행자,여,78세,중상
2022030900100327,2022년 3월 9일 19시,수요일,부산광역시 부산진구 개금동,중상사고,0,1,0,0,차대사람 - 횡단중,보행자보호의무위반,건조,맑음,단일로 - 기타,승용,남,33세,상해없음,보행자,여,89세,중상
2022030900100373,2022년 3월 9일 21시,수요일,부산광역시 남구 대연동,경상사고,0,0,1,0,차대차 - 추돌,안전운전불이행,건조,흐림,단일로 - 고가도로위,승용,여,37세,상해없음,이륜,남,23세,경상
2.02203E+15,2022년 3월 9일 22시,수요일,부산광역시 수영구 광안동,경상사고,0,0,1,0,차대차 - 추돌,안전운전불이행,건조,맑음,교차로 - 교차로안,승용,남,22세,상해없음,이륜,남,41세,경상
2022031000100016,2022년 3월 10일 03시,목요일,부산광역시 남구 용당동,경상사고,0,0,1,0,차대사람 - 기타,보행자보호의무위반,건조,맑음,교차로 - 교차로안,승용,남,68세,상해없음,보행자,남,42세,경상
2022031000100032,2022년 3월 10일 06시,목요일,부산광역시 부산진구 범천동,중상사고,0,1,0,0,차대차 - 측면충돌,신호위반,건조,맑음,교차로 - 교차로안,이륜,남,56세,중상,승합,남,53세,상해없음
2022031000100047,2022년 3월 10일 07시,목요일,부산광역시 영도구 동삼동,경상사고,0,0,1,0,차대사람 - 횡단중,안전운전불이행,건조,맑음,단일로 - 지하차도(도로)내,승용,여,59세,기타불명,보행자,여,15세,경상
2022031000100048,2022년 3월 10일 07시,목요일,부산광역시 부산진구 전포동,경상사고,0,0,1,0,차대차 - 측면충돌,교차로운행방법위반,건조,맑음,교차로 - 교차로안,승용,여,46세,상해없음,승용,여,44세,경상
2022031000100063,2022년 3월 10일 08시,목요일,부산광역시 중구 중앙동4가,경상사고,0,0,1,0,차대사람 - 길가장자리구역통행중,안전운전불이행,건조,맑음,주차장 - 주차장,승용,남,38세,상해없음,보행자,남,34세,경상
2022031000100064,2022년 3월 10일 08시,목요일,부산광역시 수영구 수영동,경상사고,0,0,1,0,차대차 - 추돌,안전거리미확보,건조,맑음,교차로 - 교차로부근,승용,남,61세,기타불명,승용,남,31세,경상
2022031000100065,2022년 3월 10일 08시,목요일,부산광역시 해운대구 재송동,경상사고,0,0,2,0,차대차 - 추돌,안전운전불이행,건조,맑음,단일로 - 기타,화물,남,31세,상해없음,승용,여,46세,경상
2022031000100142,2022년 3월 10일 11시,목요일,부산광역시 동래구 안락동,중상사고,0,1,0,0,차대사람 - 횡단중,중앙선침범,건조,맑음,단일로 - 기타,승용,남,24세,상해없음,보행자,여,71세,중상
2022031000100143,2022년 3월 10일 11시,목요일,부산광역시 연제구 연산동,경상사고,0,0,1,0,차대차 - 기타,신호위반,건조,맑음,교차로 - 교차로안,원동기,남,24세,경상,승합,남,50세,상해없음
2022031000100168,2022년 3월 10일 12시,목요일,부산광역시 수영구 광안동,경상사고,0,0,2,0,차대차 - 측면충돌,신호위반,건조,맑음,교차로 - 교차로안,화물,남,66세,상해없음,화물,남,29세,경상
2.02203E+15,2022년 3월 10일 13시,목요일,부산광역시 해운대구 석대동,경상사고,0,0,1,0,차대차 - 추돌,안전거리미확보,건조,맑음,교차로 - 교차로부근,화물,남,34세,상해없음,승용,남,64세,경상
2022031000100191,2022년 3월 10일 13시,목요일,부산광역시 부산진구 전포동,중상사고,0,1,0,0,차대사람 - 횡단중,보행자보호의무위반,건조,맑음,교차로 - 교차로횡단보도내,승용,여,19세,상해없음,보행자,남,61세,중상
2022031000100216,2022년 3월 10일 14시,목요일,부산광역시 영도구 동삼동,중상사고,0,1,1,0,차대차 - 추돌,기타,건조,맑음,교차로 - 교차로안,승용,남,19세,상해없음,승용,남,64세,중상
2022031000100251,2022년 3월 10일 15시,목요일,부산광역시 부산진구 연지동,중상사고,0,1,0,0,차대차 - 기타,안전운전불이행,건조,맑음,교차로 - 교차로안,승용,남,72세,상해없음,이륜,남,51세,중상
2022031000100271,2022년 3월 10일 16시,목요일,부산광역시 동구 수정동,경상사고,0,0,1,0,차대차 - 정면충돌,안전운전불이행,건조,맑음,단일로 - 기타,승용,남,69세,상해없음,자전거,남,12세,경상
2022031000100272,2022년 3월 10일 16시,목요일,부산광역시 사상구 주례동,경상사고,0,0,1,0,차대차 - 추돌,안전거리미확보,건조,맑음,단일로 - 지하차도(도로)내,화물,남,62세,기타불명,승합,남,56세,상해없음
2022031000100306,2022년 3월 10일 17시,목요일,부산광역시 동래구 수안동,경상사고,0,0,1,0,차대차 - 측면충돌,직진우회전진행방해,건조,맑음,교차로 - 교차로부근,승용,남,59세,상해없음,승용,남,44세,경상
2022031000100307,2022년 3월 10일 17시,목요일,부산광역시 금정구 장전동,경상사고,0,0,1,0,차대차 - 추돌,안전운전불이행,건조,맑음,단일로 - 지하차도(도로)내,승용,남,70세,상해없음,승용,여,38세,경상
2022031000100329,2022년 3월 10일 18시,목요일,부산광역시 동래구 사직동,경상사고,0,0,1,0,차대차 - 측면충돌,교차로운행방법위반,건조,맑음,교차로 - 교차로안,화물,남,65세,상해없음,승용,여,51세,경상
2.02203E+15,2022년 3월 10일 18시,목요일,부산광역시 연제구 연산동,중상사고,0,1,1,0,차대차 - 추돌,불법유턴,건조,맑음,단일로 - 기타,이륜,남,50세,경상,이륜,남,37세,중상
2022031000100378,2022년 3월 10일 20시,목요일,부산광역시 남구 우암동,경상사고,0,0,1,0,차대차 - 정면충돌,신호위반,건조,맑음,교차로 - 교차로안,승용,남,66세,상해없음,자전거,남,30세,경상
2022031000100379,2022년 3월 10일 20시,목요일,부산광역시 남구 대연동,부상신고사고,0,0,0,1,차대사람 - 횡단중,안전운전불이행,건조,맑음,교차로 - 교차로안,승용,여,26세,상해없음,보행자,남,57세,부상신고
2.02203E+15,2022년 3월 10일 20시,목요일,부산광역시 수영구 광안동,경상사고,0,0,1,0,차대차 - 추돌,안전운전불이행,서리/결빙,맑음,단일로 - 기타,승용,여,51세,상해없음,승용,남,41세,경상
2022031000100381,2022년 3월 10일 20시,목요일,부산광역시 강서구 대저1동,경상사고,0,0,1,0,차대차 - 측면충돌,안전거리미확보,건조,맑음,단일로 - 기타,승용,남,58세,상해없음,이륜,남,36세,경상
2022031100100012,2022년 3월 11일 02시,금요일,부산광역시 부산진구 전포동,경상사고,0,0,1,0,차대차 - 기타,신호위반,건조,맑음,교차로 - 교차로안,이륜,기타불명,미분류,기타불명,승용,남,66세,상해없음
2022031100100016,2022년 3월 11일 04시,금요일,부산광역시 동래구 명장동,경상사고,0,0,1,0,차대차 - 추돌,안전운전불이행,건조,맑음,교차로 - 교차로부근,이륜,남,25세,경상,화물,기타불명,미분류,기타불명
2022031100100024,2022년 3월 11일 05시,금요일,부산광역시 연제구 거제동,경상사고,0,0,2,0,차대차 - 기타,차로위반,건조,맑음,교차로 - 교차로안,승용,남,29세,경상,승용,남,62세,경상
2022031100100044,2022년 3월 11일 07시,금요일,부산광역시 북구 덕천동,중상사고,0,1,0,0,차대사람 - 차도통행중,안전운전불이행,건조,맑음,단일로 - 지하차도(도로)내,승용,남,47세,상해없음,보행자,여,81세,중상
2.02203E+15,2022년 3월 11일 08시,금요일,부산광역시 금정구 구서동,중상사고,0,1,0,0,차대차 - 측면충돌,교차로운행방법위반,건조,맑음,교차로 - 교차로안,승용,여,39세,상해없음,승용,여,51세,중상
2022031100100061,2022년 3월 11일 08시,금요일,부산광역시 사하구 당리동,경상사고,0,0,1,0,차대사람 - 기타,안전운전불이행,건조,맑음,단일로 - 기타,화물,남,41세,상해없음,보행자,여,49세,경상
2022031100100062,2022년 3월 11일 08시,금요일,부산광역시 기장군 일광읍,경상사고,0,0,1,0,차대차 - 기타,안전운전불이행,건조,맑음,교차로 - 교차로부근,승용,남,82세,상해없음,이륜,남,33세,경상
2022031100100088,2022년 3월 11일 09시,금요일,부산광역시 남구 대연동,중상사고,0,1,0,0,차대사람 - 기타,안전운전불이행,건조,맑음,교차로 - 교차로안,승용,여,46세,상해없음,보행자,남,71세,중상
2022031100100117,2022년 3월 11일 10시,금요일,부산광역시 연제구 연산동,경상사고,0,0,2,0,차대차 - 측면충돌,차로위반,건조,맑음,단일로 - 기타,승용,남,55세,상해없음,승용,여,42세,경상
2022031100100141,2022년 3월 11일 11시,금요일,부산광역시 북구 금곡동,중상사고,0,1,0,0,차대사람 - 기타,안전운전불이행,건조,맑음,단일로 - 지하차도(도로)내,승용,남,47세,상해없음,보행자,여,75세,중상
2022031100100142,2022년 3월 11일 11시,금요일,부산광역시 해운대구 우동,중상사고,0,1,0,0,차대차 - 기타,안전운전불이행,건조,맑음,단일로 - 기타,승용,남,20세,상해없음,자전거,남,29세,중상
2022031100100143,2022년 3월 11일 11시,금요일,부산광역시 부산진구 부전동,중상사고,0,1,0,0,차대사람 - 횡단중,보행자보호의무위반,건조,맑음,기타 - 기타,승용,여,60세,상해없음,보행자,여,43세,중상
2022031100100144,2022년 3월 11일 11시,금요일,부산광역시 수영구 망미동,경상사고,0,0,1,0,차대차 - 기타,신호위반,건조,맑음,교차로 - 교차로부근,승용,남,66세,상해없음,이륜,남,29세,경상
2022031100100175,2022년 3월 11일 12시,금요일,부산광역시 부산진구 가야동,경상사고,0,0,5,0,차대차 - 측면충돌,안전운전불이행,건조,맑음,단일로 - 기타,승용,남,67세,상해없음,승용,남,52세,경상
2022031100100176,2022년 3월 11일 12시,금요일,부산광역시 연제구 연산동,중상사고,0,1,0,0,차대차 - 기타,차로위반,건조,맑음,단일로 - 기타,화물,남,59세,상해없음,승용,남,40세,중상
2022031100100177,2022년 3월 11일 12시,금요일,부산광역시 사상구 괘법동,경상사고,0,0,1,0,차대사람 - 차도통행중,안전운전불이행,건조,맑음,단일로 - 기타,승용,남,60세,상해없음,보행자,남,77세,경상
2022031100100201,2022년 3월 11일 13시,금요일,부산광역시 수영구 광안동,경상사고,0,0,1,0,차대사람 - 차도통행중,안전운전불이행,건조,맑음,단일로 - 기타,이륜,남,29세,상해없음,보행자,여,55세,경상
2022031100100258,2022년 3월 11일 15시,금요일,부산광역시 금정구 구서동,경상사고,0,0,1,0,차대차 - 측면충돌,안전운전불이행,건조,맑음,교차로 - 교차로안,건설기계,남,54세,상해없음,승용,여,56세,경상
2022031100100259,2022년 3월 11일 15시,금요일,부산광역시 강서구 미음동,중상사고,0,1,0,0,차대차 - 기타,안전운전불이행,건조,맑음,교차로 - 교차로안,승용,남,61세,기타불명,화물,남,49세,중상
2022031100100289,2022년 3월 11일 16시,금요일,부산광역시 동구 범일동,경상사고,0,0,2,0,차대차 - 측면충돌,안전거리미확보,건조,맑음,교차로 - 교차로안,승용,남,54세,상해없음,승용,남,58세,경상
2.02203E+15,2022년 3월 11일 16시,금요일,부산광역시 부산진구 당감동,중상사고,0,1,0,0,차대사람 - 길가장자리구역통행중,안전운전불이행,건조,맑음,교차로 - 교차로부근,화물,남,47세,상해없음,보행자,여,80세,중상
2022031100100323,2022년 3월 11일 17시,금요일,부산광역시 수영구 광안동,부상신고사고,0,0,0,1,차대차 - 측면충돌,안전운전불이행,건조,맑음,단일로 - 기타,승용,남,42세,상해없음,승용,남,31세,부상신고
2022031100100324,2022년 3월 11일 17시,금요일,부산광역시 부산진구 범천동,경상사고,0,0,3,1,차대차 - 기타,안전운전불이행,건조,맑음,단일로 - 기타,승용,남,40세,기타불명,승용,남,37세,경상
2022031100100358,2022년 3월 11일 18시,금요일,부산광역시 해운대구 좌동,부상신고사고,0,0,0,1,차대사람 - 기타,안전운전불이행,건조,맑음,단일로 - 기타,기타불명,기타불명,미분류,기타불명,보행자,남,29세,부상신고
2022031100100359,2022년 3월 11일 18시,금요일,부산광역시 사상구 주례동,경상사고,0,0,1,0,차대사람 - 횡단중,안전운전불이행,건조,맑음,단일로 - 기타,승용,남,33세,상해없음,보행자,남,80세,경상
2022031100100419,2022년 3월 11일 20시,금요일,부산광역시 북구 덕천동,중상사고,0,1,0,0,차대차 - 기타,신호위반,건조,맑음,교차로 - 교차로안,이륜,남,18세,상해없음,이륜,남,66세,중상
2022031100100421,2022년 3월 11일 20시,금요일,부산광역시 금정구 청룡동,경상사고,0,0,1,0,차대차 - 추돌,안전운전불이행,건조,맑음,단일로 - 지하차도(도로)내,승용,남,30세,상해없음,승용,여,24세,경상
2022031100100501,2022년 3월 11일 23시,금요일,부산광역시 동래구 온천동,경상사고,0,0,2,0,차대차 - 측면충돌,안전운전불이행,건조,맑음,교차로 - 교차로안,승용,남,28세,기타불명,승용,남,35세,경상
2022031100100502,2022년 3월 11일 23시,금요일,부산광역시 동래구 사직동,경상사고,0,0,4,0,차대차 - 측면충돌,안전운전불이행,건조,맑음,단일로 - 기타,승용,남,40세,상해없음,승용,여,20세,경상
2022031100100503,2022년 3월 11일 23시,금요일,부산광역시 동래구 사직동,중상사고,0,1,0,0,차대차 - 기타,교차로운행방법위반,건조,맑음,교차로 - 교차로안,승용,남,64세,상해없음,승용,남,48세,중상
2022031100100504,2022년 3월 11일 23시,금요일,부산광역시 금정구 장전동,경상사고,0,0,1,0,차대차 - 추돌,안전운전불이행,건조,맑음,교차로 - 교차로부근,승용,여,63세,상해없음,승용,남,47세,경상
2022031200100052,2022년 3월 12일 09시,토요일,부산광역시 서구 암남동,경상사고,0,0,1,0,차대차 - 추돌,안전거리미확보,건조,맑음,교차로 - 교차로부근,승용,남,56세,상해없음,이륜,남,85세,경상
2022031200100053,2022년 3월 12일 09시,토요일,부산광역시 동래구 온천동,경상사고,0,0,1,0,차대사람 - 기타,안전운전불이행,건조,맑음,단일로 - 기타,승용,남,68세,상해없음,보행자,여,19세,경상
2022031200100054,2022년 3월 12일 09시,토요일,부산광역시 금정구 두구동,경상사고,0,0,1,0,차대사람 - 기타,안전운전불이행,건조,맑음,기타 - 기타,승용,남,55세,상해없음,보행자,남,59세,경상
2022031200100055,2022년 3월 12일 09시,토요일,부산광역시 기장군 기장읍,중상사고,0,1,0,0,차대차 - 기타,안전운전불이행,건조,맑음,교차로 - 교차로부근,승용,남,57세,상해없음,승용,여,33세,중상
2.02203E+15,2022년 3월 12일 11시,토요일,부산광역시 수영구 수영동,경상사고,0,0,1,0,차대차 - 측면충돌,직진우회전진행방해,건조,맑음,교차로 - 교차로안,승합,남,43세,상해없음,승용,남,81세,경상
2022031200100126,2022년 3월 12일 12시,토요일,부산광역시 부산진구 양정동,중상사고,0,1,0,0,차대차 - 측면충돌,교차로운행방법위반,건조,맑음,교차로 - 교차로안,화물,남,60세,상해없음,이륜,남,30세,중상
2022031200100127,2022년 3월 12일 12시,토요일,부산광역시 부산진구 개금동,중상사고,0,1,0,0,차대사람 - 차도통행중,안전운전불이행,건조,맑음,단일로 - 기타,승용,남,61세,상해없음,보행자,여,64세,중상
2022031200100128,2022년 3월 12일 12시,토요일,부산광역시 기장군 일광읍,경상사고,0,0,4,0,차대차 - 기타,안전운전불이행,건조,맑음,단일로 - 기타,승용,남,28세,상해없음,승용,여,38세,경상
2022031200100157,2022년 3월 12일 13시,토요일,부산광역시 동구 범일동,중상사고,0,1,0,0,차대사람 - 횡단중,신호위반,건조,맑음,단일로 - 기타,승용,남,60세,상해없음,보행자,여,21세,중상
2022031200100158,2022년 3월 12일 13시,토요일,부산광역시 부산진구 전포동,경상사고,0,0,1,0,차대차 - 측면충돌,신호위반,건조,맑음,단일로 - 기타,승용,여,29세,상해없음,승용,남,48세,경상
2022031200100159,2022년 3월 12일 13시,토요일,부산광역시 연제구 연산동,부상신고사고,0,0,0,1,차대차 - 측면충돌,안전운전불이행,건조,맑음,단일로 - 기타,이륜,남,49세,부상신고,승용,남,75세,상해없음
2022031200100192,2022년 3월 12일 14시,토요일,부산광역시 부산진구 부전동,중상사고,0,1,0,0,차대사람 - 횡단중,보행자보호의무위반,건조,맑음,단일로 - 기타,승용,여,34세,상해없음,보행자,여,45세,중상
2022031200100193,2022년 3월 12일 14시,토요일,부산광역시 부산진구 당감동,경상사고,0,0,1,0,차대차 - 측면충돌,안전운전불이행,건조,맑음,단일로 - 기타,승용,여,30세,상해없음,자전거,남,42세,경상
2022031200100194,2022년 3월 12일 14시,토요일,부산광역시 강서구 대저1동,중상사고,0,1,0,0,차대차 - 측면충돌,안전거리미확보,건조,맑음,교차로 - 교차로부근,이륜,남,14세,상해없음,승용,남,40세,상해없음
2022031200100221,2022년 3월 12일 15시,토요일,부산광역시 남구 감만동,경상사고,0,0,1,0,차대사람 - 횡단중,안전운전불이행,건조,맑음,교차로 - 교차로부근,화물,남,36세,상해없음,보행자,남,70세,경상
2022031200100222,2022년 3월 12일 15시,토요일,부산광역시 해운대구 송정동,경상사고,0,0,3,0,차대차 - 추돌,안전운전불이행,건조,맑음,단일로 - 기타,승용,여,29세,상해없음,승용,남,54세,경상
2022031200100223,2022년 3월 12일 15시,토요일,부산광역시 기장군 기장읍,경상사고,0,0,1,0,차대차 - 측면충돌,교차로운행방법위반,건조,맑음,교차로 - 교차로부근,승용,남,26세,상해없음,승용,남,52세,경상
2022031200100273,2022년 3월 12일 17시,토요일,부산광역시 부산진구 당감동,중상사고,0,1,0,0,차대사람 - 기타,안전운전불이행,건조,기타,기타 - 기타,승용,남,49세,상해없음,보행자,남,81세,중상
2022031200100274,2022년 3월 12일 17시,토요일,부산광역시 강서구 송정동,경상사고,0,0,1,0,차대차 - 측면충돌,안전운전불이행,건조,맑음,교차로 - 교차로부근,승용,남,45세,상해없음,이륜,남,51세,경상
2022031200100314,2022년 3월 12일 18시,토요일,부산광역시 강서구 대저2동,경상사고,0,0,1,0,차대차 - 측면충돌,안전거리미확보,건조,맑음,단일로 - 기타,특수,남,53세,상해없음,승용,남,31세,경상
2022031200100339,2022년 3월 12일 19시,토요일,부산광역시 남구 대연동,중상사고,0,1,1,0,차대차 - 추돌,안전운전불이행,건조,맑음,단일로 - 기타,승용,남,26세,상해없음,이륜,남,61세,중상
2.02203E+15,2022년 3월 12일 19시,토요일,부산광역시 사하구 당리동,경상사고,0,0,1,0,차대사람 - 기타,안전운전불이행,건조,맑음,단일로 - 지하차도(도로)내,기타불명,기타불명,미분류,기타불명,보행자,여,48세,경상
2022031200100341,2022년 3월 12일 19시,토요일,부산광역시 강서구 송정동,경상사고,0,0,1,0,차대차 - 추돌,안전운전불이행,건조,맑음,단일로 - 기타,이륜,남,37세,상해없음,승용,남,37세,경상
2022031200100383,2022년 3월 12일 20시,토요일,부산광역시 금정구 노포동,경상사고,0,0,2,0,차대차 - 측면충돌,안전운전불이행,건조,맑음,교차로 - 교차로안,승용,남,63세,상해없음,승용,남,62세,경상
2022031200100416,2022년 3월 12일 21시,토요일,부산광역시 남구 대연동,경상사고,0,0,1,0,차대차 - 기타,안전운전불이행,건조,맑음,단일로 - 기타,승용,남,55세,상해없음,이륜,남,40세,경상
2022031200100437,2022년 3월 12일 22시,토요일,부산광역시 기장군 정관읍,경상사고,0,0,1,0,차대차 - 측면충돌,기타,건조,맑음,교차로 - 교차로부근,승용,남,44세,상해없음,승용,남,33세,경상
2022031300100015,2022년 3월 13일 01시,일요일,부산광역시 부산진구 부전동,중상사고,0,1,0,0,차대차 - 측면충돌,신호위반,건조,맑음,교차로 - 교차로안,승용,남,45세,상해없음,승용,남,59세,중상
2022031300100016,2022년 3월 13일 01시,일요일,부산광역시 부산진구 부전동,경상사고,0,0,4,0,차대차 - 측면충돌,기타,건조,맑음,교차로 - 교차로안,승용,남,28세,상해없음,승용,여,58세,경상
2.02203E+15,2022년 3월 13일 02시,일요일,부산광역시 동구 수정동,경상사고,0,0,1,0,차대차 - 측면충돌,교차로운행방법위반,건조,맑음,교차로 - 교차로부근,승용,남,31세,상해없음,승용,남,66세,경상
2022031300100021,2022년 3월 13일 02시,일요일,부산광역시 사하구 하단동,경상사고,0,0,4,0,차대차 - 추돌,안전운전불이행,젖음/습기,비,단일로 - 기타,승용,남,44세,경상,승용,여,31세,경상
2022031300100043,2022년 3월 13일 09시,일요일,부산광역시 부산진구 부전동,경상사고,0,0,1,0,차대차 - 기타,신호위반,젖음/습기,비,교차로 - 교차로안,승용,여,38세,상해없음,승용,여,44세,경상
2022031300100066,2022년 3월 13일 11시,일요일,부산광역시 동래구 안락동,경상사고,0,0,1,0,차대차 - 측면충돌,안전운전불이행,젖음/습기,비,교차로 - 교차로안,승용,남,26세,상해없음,원동기,남,47세,경상
2022031300100081,2022년 3월 13일 12시,일요일,부산광역시 기장군 기장읍,중상사고,0,2,2,0,차대차 - 측면충돌,직진우회전진행방해,젖음/습기,비,교차로 - 교차로안,승합,남,61세,경상,화물,남,67세,중상
2022031300100104,2022년 3월 13일 13시,일요일,부산광역시 수영구 남천동,부상신고사고,0,0,0,1,차대차 - 측면충돌,교차로운행방법위반,젖음/습기,비,교차로 - 교차로부근,승용,여,63세,상해없음,이륜,남,26세,부상신고
2022031300100125,2022년 3월 13일 14시,일요일,부산광역시 강서구 구랑동,중상사고,0,2,1,0,차대차 - 추돌,안전운전불이행,젖음/습기,비,교차로 - 교차로부근,승용,남,58세,상해없음,승용,남,46세,중상
2022031300100126,2022년 3월 13일 14시,일요일,부산광역시 사상구 삼락동,경상사고,0,0,1,0,차대차 - 기타,기타,젖음/습기,비,교차로 - 교차로안,승용,여,31세,상해없음,이륜,남,42세,경상
2022031300100127,2022년 3월 13일 14시,일요일,부산광역시 사상구 감전동,경상사고,0,0,1,0,차대차 - 추돌,안전운전불이행,건조,맑음,교차로 - 교차로부근,승용,남,55세,상해없음,승용,남,51세,경상
2022031300100197,2022년 3월 13일 17시,일요일,부산광역시 강서구 송정동,중상사고,0,1,1,0,차대차 - 추돌,안전운전불이행,젖음/습기,비,교차로 - 교차로부근,승용,남,33세,상해없음,승용,여,42세,중상
2022031300100222,2022년 3월 13일 18시,일요일,부산광역시 북구 덕천동,중상사고,0,1,0,0,차대차 - 기타,안전거리미확보,젖음/습기,비,단일로 - 기타,승용,남,60세,상해없음,이륜,남,35세,중상
2022031300100223,2022년 3월 13일 18시,일요일,부산광역시 부산진구 범천동,부상신고사고,0,0,0,1,차대사람 - 기타,안전운전불이행,건조,맑음,단일로 - 기타,승합,남,67세,부상신고,보행자,여,67세,기타불명
2022031300100224,2022년 3월 13일 18시,일요일,부산광역시 금정구 서동,중상사고,0,1,0,0,차대사람 - 횡단중,보행자보호의무위반,젖음/습기,비,단일로 - 기타,이륜,남,50세,상해없음,보행자,여,71세,중상
2022031300100271,2022년 3월 13일 20시,일요일,부산광역시 남구 대연동,경상사고,0,0,1,0,차대차 - 측면충돌,안전거리미확보,건조,맑음,단일로 - 기타,승용,남,45세,상해없음,승용,여,31세,경상
2022031300100272,2022년 3월 13일 20시,일요일,부산광역시 남구 용호동,경상사고,0,0,1,0,차대차 - 기타,안전운전불이행,젖음/습기,맑음,교차로 - 교차로부근,승용,남,64세,상해없음,자전거,남,14세,경상
2022031300100274,2022년 3월 13일 20시,일요일,부산광역시 동래구 온천동,경상사고,0,0,1,0,차대차 - 측면충돌,직진우회전진행방해,젖음/습기,흐림,교차로 - 교차로안,승용,남,24세,상해없음,원동기,남,29세,경상
2022031300100275,2022년 3월 13일 20시,일요일,부산광역시 연제구 연산동,중상사고,0,1,0,0,차대사람 - 횡단중,보행자보호의무위반,건조,맑음,단일로 - 기타,승용,남,53세,상해없음,보행자,여,48세,중상
2022031300100308,2022년 3월 13일 22시,일요일,부산광역시 영도구 청학동,중상사고,0,1,0,0,차대사람 - 기타,안전운전불이행,건조,맑음,단일로 - 기타,승용,남,42세,상해없음,보행자,남,23세,중상