사고번호,사고일시,요일,시군구,사고내용,사망자수,중상자수,경상자수,부상신고자수,사고유형,법규위반,노면상태,기상상태,도로형태,가해운전자 차종,가해운전자 성별,가해운전자 연령,가해운전자 상해정도,피해운전자 차종,피해운전자 성별,피해운전자 연령,피해운전자 상해정도
2022031400100049,2022년 3월 14일 08시,월요일,부산광역시 사상구 덕포동,중상사고,0,1,0,0,차대사람 - 차도통행중,안전운전불이행,건조,맑음,주차장 - 주차장,승용,남,67세,상해없음,보행자,여,56세,중상
2022031400100107,2022년 3월 14일 10시,월요일,부산광역시 서구 충무동1가,경상사고,0,0,1,0,차대차 - 측면충돌,안전운전불이행,건조,맑음,교차로 - 교차로안,화물,남,61세,상해없음,원동기,남,50세,경상
2022031400100139,2022년 3월 14일 11시,월요일,부산광역시 중구 부평동1가,경상사고,0,0,2,1,차대차 - 측면충돌,교차로운행방법위반,건조,맑음,교차로 - 교차로부근,이륜,남,24세,상해없음,화물,남,58세,상해없음
2.02203E+15,2022년 3월 14일 11시,월요일,부산광역시 연제구 거제동,경상사고,0,0,1,0,차대사람 - 기타,안전운전불이행,건조,맑음,기타 - 기타,승용,여,50세,상해없음,보행자,여,59세,경상
2022031400100164,2022년 3월 14일 12시,월요일,부산광역시 남구 용호동,경상사고,0,0,1,0,차대차 - 측면충돌,안전운전불이행,건조,맑음,교차로 - 교차로안,승용,남,69세,상해없음,승용,여,57세,경상
2022031400100165,2022년 3월 14일 12시,월요일,부산광역시 사상구 학장동,경상사고,0,0,1,0,차대사람 - 기타,안전운전불이행,기타,맑음,단일로 - 기타,승용,여,60세,상해없음,보행자,여,75세,경상
2.02203E+15,2022년 3월 14일 13시,월요일,부산광역시 해운대구 중동,경상사고,0,0,1,0,차대차 - 기타,불법유턴,젖음/습기,비,교차로 - 교차로부근,원동기,남,49세,상해없음,원동기,남,49세,경상
2022031400100201,2022년 3월 14일 13시,월요일,부산광역시 강서구 명지동,경상사고,0,0,1,0,차대차 - 기타,안전운전불이행,건조,맑음,교차로 - 교차로안,승용,여,42세,상해없음,자전거,여,53세,경상
2.02203E+15,2022년 3월 14일 14시,월요일,부산광역시 부산진구 연지동,경상사고,0,0,1,0,차대차 - 추돌,안전운전불이행,건조,흐림,단일로 - 기타,건설기계,남,66세,상해없음,승용,여,38세,경상
2022031400100221,2022년 3월 14일 14시,월요일,부산광역시 사하구 장림동,경상사고,0,0,2,0,차대차 - 기타,교차로운행방법위반,건조,맑음,교차로 - 교차로안,화물,남,44세,기타불명,승용,남,56세,경상
2022031400100243,2022년 3월 14일 15시,월요일,부산광역시 수영구 광안동,경상사고,0,0,1,0,차대차 - 기타,안전운전불이행,건조,맑음,교차로 - 교차로안,이륜,남,21세,상해없음,이륜,남,41세,경상
2022031400100244,2022년 3월 14일 15시,월요일,부산광역시 부산진구 당감동,경상사고,0,0,1,0,차대차 - 측면충돌,안전운전불이행,건조,맑음,단일로 - 기타,화물,남,63세,상해없음,화물,남,32세,경상
2022031400100245,2022년 3월 14일 15시,월요일,부산광역시 사하구 감천동,경상사고,0,0,1,0,차대차 - 기타,안전운전불이행,건조,맑음,교차로 - 교차로부근,승용,여,60세,경상,화물,남,59세,상해없음
2022031400100285,2022년 3월 14일 17시,월요일,부산광역시 사상구 덕포동,중상사고,0,1,0,0,차대차 - 측면충돌,안전운전불이행,건조,맑음,교차로 - 교차로안,자전거,남,62세,상해없음,자전거,남,42세,중상
2022031400100318,2022년 3월 14일 18시,월요일,부산광역시 금정구 서동,중상사고,0,1,0,0,차대차 - 측면충돌,안전운전불이행,건조,맑음,교차로 - 교차로안,이륜,남,29세,중상,승용,남,42세,상해없음
2.02203E+15,2022년 3월 14일 18시,월요일,부산광역시 사상구 감전동,경상사고,0,0,1,0,차대사람 - 횡단중,안전운전불이행,건조,맑음,교차로 - 교차로안,승용,남,26세,상해없음,보행자,여,61세,경상
2022031400100355,2022년 3월 14일 19시,월요일,부산광역시 동구 초량동,중상사고,0,1,0,0,차대사람 - 기타,안전운전불이행,건조,맑음,단일로 - 기타,승용,남,67세,상해없음,보행자,여,67세,중상
2022031400100411,2022년 3월 14일 21시,월요일,부산광역시 부산진구 부전동,경상사고,0,0,2,0,차대사람 - 횡단중,신호위반,건조,맑음,교차로 - 교차로안,이륜,남,22세,상해없음,보행자,여,19세,경상
2.02203E+15,2022년 3월 14일 23시,월요일,부산광역시 사상구 주례동,경상사고,0,0,1,0,차대차 - 추돌,안전운전불이행,건조,맑음,교차로 - 교차로부근,승용,남,27세,상해없음,승용,남,70세,경상
2022031500100002,2022년 3월 15일 00시,화요일,부산광역시 남구 문현동,중상사고,0,1,0,0,차대차 - 추돌,기타,건조,맑음,교차로 - 교차로안,화물,남,49세,상해없음,개인형이동수단(PM),남,25세,중상
2022031500100007,2022년 3월 15일 01시,화요일,부산광역시 해운대구 반송동,중상사고,0,1,0,0,차대차 - 정면충돌,중앙선침범,건조,맑음,단일로 - 기타,승용,남,26세,상해없음,이륜,남,34세,중상
2022031500100037,2022년 3월 15일 07시,화요일,부산광역시 부산진구 당감동,경상사고,0,0,2,0,차대차 - 측면충돌,안전거리미확보,건조,맑음,교차로 - 교차로부근,승용,남,33세,경상,승용,남,38세,경상
2022031500100038,2022년 3월 15일 07시,화요일,부산광역시 강서구 송정동,경상사고,0,0,1,0,차대차 - 측면충돌,신호위반,건조,맑음,교차로 - 교차로안,승용,남,54세,상해없음,승용,여,50세,경상
2.02203E+15,2022년 3월 15일 08시,화요일,부산광역시 해운대구 재송동,중상사고,0,1,0,0,차대사람 - 횡단중,안전운전불이행,건조,맑음,교차로 - 교차로부근,승용,여,54세,상해없음,보행자,여,61세,중상
2.02203E+15,2022년 3월 15일 11시,화요일,부산광역시 동구 초량동,부상신고사고,0,0,0,1,차량단독 - 기타,안전운전불이행,건조,맑음,단일로 - 기타,승합,남,42세,상해없음,,,,
2022031500100151,2022년 3월 15일 11시,화요일,부산광역시 동래구 복천동,경상사고,0,0,1,0,차대차 - 추돌,안전운전불이행,건조,맑음,단일로 - 기타,승용,여,40세,상해없음,승용,남,70세,경상
2022031500100152,2022년 3월 15일 11시,화요일,부산광역시 부산진구 전포동,경상사고,0,0,1,0,차대차 - 측면충돌,안전운전불이행,건조,맑음,교차로 - 교차로부근,화물,남,68세,기타불명,이륜,남,34세,경상
2022031500100153,2022년 3월 15일 11시,화요일,부산광역시 사상구 주례동,경상사고,0,0,1,0,차대차 - 정면충돌,중앙선침범,건조,맑음,단일로 - 기타,원동기,남,24세,상해없음,원동기,남,23세,경상
2022031500100183,2022년 3월 15일 12시,화요일,부산광역시 수영구 광안동,중상사고,0,1,0,0,차대사람 - 기타,안전운전불이행,건조,맑음,단일로 - 기타,승용,남,68세,상해없음,보행자,여,78세,중상
2022031500100199,2022년 3월 15일 13시,화요일,부산광역시 남구 문현동,경상사고,0,0,1,0,차대차 - 기타,안전운전불이행,건조,맑음,단일로 - 기타,승용,여,35세,상해없음,승용,남,66세,경상
2.02203E+15,2022년 3월 15일 13시,화요일,부산광역시 기장군 정관읍,경상사고,0,0,3,0,차대차 - 기타,안전운전불이행,건조,맑음,교차로 - 교차로안,승용,여,39세,경상,승합,여,51세,경상
2022031500100225,2022년 3월 15일 14시,화요일,부산광역시 수영구 광안동,경상사고,0,0,1,0,차대사람 - 횡단중,보행자보호의무위반,건조,맑음,단일로 - 기타,승용,남,39세,상해없음,보행자,남,27세,경상
2022031500100226,2022년 3월 15일 14시,화요일,부산광역시 강서구 송정동,경상사고,0,0,1,0,차대차 - 측면충돌,안전거리미확보,건조,맑음,단일로 - 기타,특수,남,58세,상해없음,특수,남,54세,경상
2022031500100256,2022년 3월 15일 15시,화요일,부산광역시 수영구 남천동,중상사고,0,1,0,0,차대차 - 측면충돌,안전운전불이행,건조,맑음,교차로 - 교차로안,승용,남,39세,상해없음,이륜,남,56세,중상
2022031500100257,2022년 3월 15일 15시,화요일,부산광역시 부산진구 전포동,경상사고,0,0,1,0,차대차 - 측면충돌,안전운전불이행,건조,맑음,교차로 - 교차로안,승용,남,47세,상해없음,승합,남,54세,경상
2022031500100258,2022년 3월 15일 15시,화요일,부산광역시 사하구 괴정동,경상사고,0,0,1,0,차대사람 - 기타,안전운전불이행,건조,맑음,단일로 - 기타,승용,남,67세,상해없음,보행자,여,43세,경상
2022031500100275,2022년 3월 15일 16시,화요일,부산광역시 서구 암남동,경상사고,0,0,1,0,차대차 - 추돌,안전운전불이행,건조,맑음,기타 - 기타,승용,여,13세,상해없음,화물,남,40세,경상
2022031500100304,2022년 3월 15일 17시,화요일,부산광역시 서구 동대신동2가,부상신고사고,0,0,0,1,차량단독 - 기타,안전운전불이행,건조,맑음,교차로 - 교차로부근,이륜,남,24세,부상신고,,,,
2022031500100305,2022년 3월 15일 17시,화요일,부산광역시 남구 우암동,경상사고,0,0,2,0,차대차 - 측면충돌,안전거리미확보,건조,맑음,단일로 - 기타,화물,남,52세,상해없음,승용,남,51세,경상
2022031500100306,2022년 3월 15일 17시,화요일,부산광역시 사하구 당리동,중상사고,0,1,0,0,차대차 - 기타,안전운전불이행,건조,맑음,단일로 - 기타,승용,남,31세,상해없음,개인형이동수단(PM),남,75세,중상
2022031500100307,2022년 3월 15일 17시,화요일,부산광역시 사하구 다대동,중상사고,0,1,0,0,차대차 - 측면충돌,신호위반,건조,맑음,단일로 - 기타,승용,여,60세,상해없음,이륜,남,43세,중상
2022031500100362,2022년 3월 15일 19시,화요일,부산광역시 강서구 범방동,중상사고,0,1,1,0,차대차 - 측면충돌,기타,건조,맑음,교차로 - 교차로부근,승용,남,46세,중상,특수,남,54세,상해없음
2022031500100403,2022년 3월 15일 20시,화요일,부산광역시 북구 화명동,중상사고,0,1,1,0,차대차 - 기타,신호위반,건조,맑음,교차로 - 교차로부근,이륜,남,19세,경상,승합,남,69세,기타불명
2022031500100404,2022년 3월 15일 20시,화요일,부산광역시 부산진구 전포동,경상사고,0,0,1,0,차대차 - 기타,안전운전불이행,건조,맑음,단일로 - 기타,승용,남,66세,상해없음,이륜,남,25세,경상
2022031500100419,2022년 3월 15일 21시,화요일,부산광역시 북구 구포동,경상사고,0,0,1,0,차대차 - 기타,교차로운행방법위반,건조,맑음,교차로 - 교차로안,승용,남,35세,상해없음,이륜,여,23세,경상
2022031500100437,2022년 3월 15일 22시,화요일,부산광역시 중구 보수동1가,경상사고,0,0,1,0,차대차 - 측면충돌,안전운전불이행,건조,맑음,교차로 - 교차로안,자전거,여,60세,경상,승용,여,47세,상해없음
2022031500100438,2022년 3월 15일 22시,화요일,부산광역시 부산진구 전포동,중상사고,0,1,0,0,차대차 - 기타,차로위반,건조,맑음,단일로 - 기타,승용,남,38세,상해없음,이륜,남,33세,중상
2022031500100439,2022년 3월 15일 22시,화요일,부산광역시 부산진구 범천동,중상사고,0,1,0,0,차대차 - 기타,안전운전불이행,건조,맑음,단일로 - 기타,승용,남,67세,상해없음,이륜,남,35세,중상
2022031600100002,2022년 3월 16일 00시,수요일,부산광역시 연제구 연산동,경상사고,0,0,1,0,차대차 - 측면충돌,차로위반,건조,맑음,단일로 - 기타,승용,남,20세,상해없음,승용,남,40세,상해없음
2022031600100019,2022년 3월 16일 05시,수요일,부산광역시 부산진구 범천동,경상사고,0,0,2,0,차대차 - 기타,신호위반,건조,맑음,교차로 - 교차로안,승용,남,66세,상해없음,승용,남,65세,경상
2022031600100042,2022년 3월 16일 07시,수요일,부산광역시 수영구 광안동,경상사고,0,0,3,0,차대차 - 기타,신호위반,건조,맑음,교차로 - 교차로안,승용,남,59세,상해없음,승용,남,41세,경상
2022031600100043,2022년 3월 16일 07시,수요일,부산광역시 사하구 괴정동,중상사고,0,1,2,0,차대차 - 추돌,신호위반,건조,맑음,단일로 - 기타,승용,남,63세,상해없음,승용,여,43세,경상
2022031600100069,2022년 3월 16일 08시,수요일,부산광역시 강서구 봉림동,경상사고,0,0,1,0,차대차 - 추돌,안전운전불이행,건조,맑음,교차로 - 교차로부근,승용,여,49세,상해없음,승용,남,48세,경상
2.02203E+15,2022년 3월 16일 08시,수요일,부산광역시 강서구 대저1동,경상사고,0,0,1,0,차대차 - 추돌,안전운전불이행,건조,맑음,단일로 - 기타,승용,여,31세,상해없음,승용,남,31세,경상
2022031600100146,2022년 3월 16일 11시,수요일,부산광역시 동구 범일동,중상사고,0,2,2,0,차대차 - 측면충돌,교차로운행방법위반,건조,맑음,교차로 - 교차로안,승용,여,47세,경상,화물,남,65세,경상
2022031600100178,2022년 3월 16일 12시,수요일,부산광역시 금정구 서동,경상사고,0,0,1,0,차대차 - 측면충돌,직진우회전진행방해,건조,맑음,교차로 - 교차로부근,승용,남,72세,상해없음,승용,여,38세,경상
2022031600100179,2022년 3월 16일 12시,수요일,부산광역시 연제구 연산동,경상사고,0,0,1,0,차대사람 - 횡단중,보행자보호의무위반,건조,맑음,단일로 - 기타,승용,여,19세,상해없음,보행자,여,24세,경상
2022031600100194,2022년 3월 16일 13시,수요일,부산광역시 사하구 하단동,중상사고,0,1,0,0,차대차 - 측면충돌,신호위반,건조,맑음,단일로 - 기타,승용,여,59세,상해없음,승용,여,51세,중상
2022031600100249,2022년 3월 16일 15시,수요일,부산광역시 수영구 광안동,중상사고,0,1,0,0,차대차 - 측면충돌,안전거리미확보,건조,맑음,교차로 - 교차로부근,승용,여,56세,상해없음,이륜,남,54세,중상
2022031600100368,2022년 3월 16일 19시,수요일,부산광역시 영도구 대교동1가,경상사고,0,0,1,0,차대사람 - 보도통행중,보행자보호의무위반,건조,맑음,교차로 - 교차로횡단보도내,승용,남,60세,상해없음,보행자,남,28세,경상
2022031600100369,2022년 3월 16일 19시,수요일,부산광역시 해운대구 우동,중상사고,0,1,0,0,차대사람 - 기타,안전운전불이행,건조,맑음,단일로 - 기타,승용,남,42세,상해없음,보행자,여,49세,중상
2.02203E+15,2022년 3월 16일 19시,수요일,부산광역시 금정구 노포동,중상사고,0,1,0,0,차량단독 - 기타,안전운전불이행,기타,맑음,단일로 - 기타,이륜,남,63세,중상,,,,
2022031600100434,2022년 3월 16일 22시,수요일,부산광역시 부산진구 개금동,부상신고사고,0,0,0,1,차대사람 - 기타,안전운전불이행,건조,맑음,단일로 - 기타,승용,남,63세,상해없음,보행자,남,24세,부상신고
2022031600100435,2022년 3월 16일 22시,수요일,부산광역시 연제구 연산동,경상사고,0,0,1,0,차대사람 - 횡단중,중앙선침범,건조,맑음,단일로 - 기타,이륜,남,23세,상해없음,보행자,남,59세,경상
2022031600100451,2022년 3월 16일 23시,수요일,부산광역시 부산진구 부전동,경상사고,0,0,3,0,차대차 - 추돌,안전운전불이행,건조,맑음,교차로 - 교차로안,승용,남,32세,상해없음,승용,남,62세,경상
2022031700100001,2022년 3월 17일 00시,목요일,부산광역시 연제구 연산동,경상사고,0,0,1,0,차대사람 - 기타,교차로운행방법위반,건조,맑음,교차로 - 교차로안,승용,남,60세,상해없음,보행자,남,49세,경상
2022031700100006,2022년 3월 17일 01시,목요일,부산광역시 남구 문현동,부상신고사고,0,0,0,1,차대차 - 기타,안전운전불이행,건조,맑음,단일로 - 기타,승용,남,60세,상해없음,승용,남,24세,부상신고
2022031700100007,2022년 3월 17일 01시,목요일,부산광역시 사상구 감전동,경상사고,0,0,1,0,차대차 - 추돌,안전운전불이행,건조,맑음,교차로 - 교차로부근,승용,남,48세,상해없음,승용,여,52세,경상
2022031700100039,2022년 3월 17일 07시,목요일,부산광역시 남구 문현동,경상사고,0,0,2,0,차대차 - 추돌,안전운전불이행,건조,맑음,교차로 - 교차로안,승용,여,36세,상해없음,화물,남,33세,경상
2022031700100053,2022년 3월 17일 08시,목요일,부산광역시 동래구 온천동,중상사고,0,1,0,0,차대사람 - 보도통행중,안전운전불이행,건조,맑음,교차로 - 교차로안,승용,남,64세,상해없음,보행자,여,80세,중상
2022031700100054,2022년 3월 17일 08시,목요일,부산광역시 영도구 청학동,경상사고,0,0,1,0,차대차 - 측면충돌,안전운전불이행,건조,맑음,단일로 - 교량,화물,남,64세,상해없음,승용,여,38세,경상
2022031700100083,2022년 3월 17일 09시,목요일,부산광역시 금정구 장전동,경상사고,0,0,1,0,차대사람 - 기타,안전운전불이행,건조,맑음,기타 - 기타,승용,여,44세,상해없음,보행자,남,23세,경상
2022031700100147,2022년 3월 17일 12시,목요일,부산광역시 사하구 신평동,중상사고,0,1,0,0,차대차 - 기타,신호위반,건조,맑음,교차로 - 교차로안,이륜,남,67세,중상,승용,남,79세,상해없음
2022031700100183,2022년 3월 17일 14시,목요일,부산광역시 남구 대연동,경상사고,0,0,1,0,차대사람 - 기타,보행자보호의무위반,건조,맑음,기타 - 기타,승용,여,53세,상해없음,보행자,남,82세,경상
2022031700100204,2022년 3월 17일 15시,목요일,부산광역시 동구 범일동,경상사고,0,0,1,0,차대사람 - 횡단중,보행자보호의무위반,젖음/습기,비,단일로 - 기타,승용,남,55세,상해없음,보행자,남,64세,경상
2022031700100205,2022년 3월 17일 15시,목요일,부산광역시 서구 동대신동1가,경상사고,0,0,1,0,차대차 - 측면충돌,신호위반,젖음/습기,비,교차로 - 교차로안,승용,여,60세,상해없음,승용,남,74세,경상
2022031700100206,2022년 3월 17일 15시,목요일,부산광역시 동래구 온천동,중상사고,0,1,0,0,차대차 - 기타,안전운전불이행,젖음/습기,비,단일로 - 기타,승용,여,58세,상해없음,이륜,남,26세,중상
2022031700100207,2022년 3월 17일 15시,목요일,부산광역시 해운대구 재송동,경상사고,0,0,1,0,차대차 - 기타,중앙선침범,젖음/습기,비,단일로 - 기타,화물,남,28세,상해없음,승용,남,50세,경상
2022031700100208,2022년 3월 17일 15시,목요일,부산광역시 부산진구 범천동,경상사고,0,0,1,0,차대차 - 기타,안전운전불이행,젖음/습기,비,교차로 - 교차로안,이륜,남,33세,경상,승합,여,60세,상해없음
2022031700100233,2022년 3월 17일 16시,목요일,부산광역시 사상구 모라동,중상사고,0,1,1,0,차대차 - 기타,교차로운행방법위반,건조,맑음,교차로 - 교차로안,승용,남,64세,상해없음,승용,여,35세,중상
2022031700100252,2022년 3월 17일 17시,목요일,부산광역시 부산진구 부암동,경상사고,0,0,1,0,차대사람 - 횡단중,보행자보호의무위반,젖음/습기,비,교차로 - 교차로안,승용,여,42세,상해없음,보행자,여,54세,경상
2022031700100281,2022년 3월 17일 18시,목요일,부산광역시 연제구 거제동,경상사고,0,0,1,0,차대차 - 측면충돌,교차로운행방법위반,건조,맑음,교차로 - 교차로안,승용,여,59세,상해없음,승용,남,49세,경상
2022031700100282,2022년 3월 17일 18시,목요일,부산광역시 강서구 명지동,경상사고,0,0,1,0,차대차 - 측면충돌,안전운전불이행,젖음/습기,비,교차로 - 교차로부근,승용,남,50세,상해없음,승용,여,32세,경상
2022031700100331,2022년 3월 17일 19시,목요일,부산광역시 부산진구 부전동,경상사고,0,0,1,0,차대사람 - 차도통행중,안전운전불이행,젖음/습기,비,단일로 - 기타,이륜,남,23세,상해없음,보행자,남,22세,경상
2022031700100332,2022년 3월 17일 19시,목요일,부산광역시 금정구 서동,경상사고,0,0,1,1,차대사람 - 횡단중,안전운전불이행,젖음/습기,비,단일로 - 기타,이륜,남,54세,경상,보행자,여,40세,부상신고
2022031700100333,2022년 3월 17일 19시,목요일,부산광역시 사하구 하단동,경상사고,0,0,1,0,차대차 - 추돌,안전운전불이행,젖음/습기,비,단일로 - 지하차도(도로)내,기타불명,기타불명,미분류,기타불명,승용,남,46세,경상
2022031700100375,2022년 3월 17일 20시,목요일,부산광역시 남구 용호동,중상사고,0,1,0,0,차대사람 - 보도통행중,안전운전불이행,젖음/습기,비,단일로 - 기타,이륜,남,16세,기타불명,보행자,남,61세,중상
2022031700100376,2022년 3월 17일 20시,목요일,부산광역시 동래구 명륜동,경상사고,0,0,1,0,차대차 - 기타,불법유턴,젖음/습기,비,단일로 - 기타,승용,남,17세,기타불명,이륜,남,51세,경상
2022031700100411,2022년 3월 17일 21시,목요일,부산광역시 동래구 안락동,경상사고,0,0,2,0,차량단독 - 공작물충돌,안전운전불이행,젖음/습기,맑음,단일로 - 터널,승용,남,68세,상해없음,,,,
2022031700100412,2022년 3월 17일 21시,목요일,부산광역시 동래구 명장동,경상사고,0,0,1,0,차대사람 - 횡단중,보행자보호의무위반,건조,맑음,교차로 - 교차로안,원동기,남,27세,상해없음,보행자,남,23세,경상
2022031700100413,2022년 3월 17일 21시,목요일,부산광역시 부산진구 부암동,경상사고,0,0,1,0,차대차 - 측면충돌,안전거리미확보,젖음/습기,비,단일로 - 교량,승용,남,21세,상해없음,승용,여,29세,경상
2022031700100414,2022년 3월 17일 21시,목요일,부산광역시 수영구 망미동,중상사고,0,1,0,0,차대사람 - 횡단중,신호위반,젖음/습기,비,단일로 - 기타,승용,여,55세,상해없음,보행자,여,75세,중상
2022031700100441,2022년 3월 17일 22시,목요일,부산광역시 북구 화명동,경상사고,0,0,3,0,차대차 - 기타,신호위반,젖음/습기,흐림,교차로 - 교차로안,승용,남,22세,상해없음,승용,남,34세,경상
2022031700100442,2022년 3월 17일 22시,목요일,부산광역시 사상구 괘법동,경상사고,0,0,1,0,차대사람 - 길가장자리구역통행중,안전운전불이행,젖음/습기,비,단일로 - 기타,승용,남,61세,상해없음,보행자,남,58세,경상
2022031700100465,2022년 3월 17일 23시,목요일,부산광역시 북구 구포동,경상사고,0,0,1,0,차대차 - 추돌,안전운전불이행,젖음/습기,흐림,교차로 - 교차로부근,승용,남,30세,상해없음,승용,남,55세,경상
2022031700100466,2022년 3월 17일 23시,목요일,부산광역시 동래구 온천동,중상사고,0,2,0,0,차대차 - 측면충돌,중앙선침범,젖음/습기,비,교차로 - 교차로안,승용,여,56세,상해없음,승용,남,65세,중상
2022031700100467,2022년 3월 17일 23시,목요일,부산광역시 사하구 장림동,경상사고,0,0,1,0,차대차 - 추돌,안전운전불이행,젖음/습기,비,단일로 - 기타,화물,남,26세,상해없음,이륜,남,21세,경상
2022031800100004,2022년 3월 18일 00시,금요일,부산광역시 동구 초량동,경상사고,0,0,1,0,차대차 - 측면충돌,차로위반,젖음/습기,비,단일로 - 기타,화물,남,30세,상해없음,승용,여,50세,경상
2022031800100012,2022년 3월 18일 01시,금요일,부산광역시 부산진구 당감동,경상사고,0,0,1,0,차대차 - 추돌,안전운전불이행,젖음/습기,비,교차로 - 교차로안,승용,남,51세,상해없음,승합,남,53세,경상
2022031800100013,2022년 3월 18일 01시,금요일,부산광역시 부산진구 범천동,경상사고,0,0,2,0,차대차 - 기타,교차로운행방법위반,젖음/습기,비,교차로 - 교차로안,승용,남,57세,상해없음,승용,남,27세,경상
2022031800100025,2022년 3월 18일 05시,금요일,부산광역시 해운대구 좌동,중상사고,0,1,0,0,차대사람 - 횡단중,보행자보호의무위반,젖음/습기,비,교차로 - 교차로횡단보도내,승용,여,53세,상해없음,보행자,여,65세,중상
2022031800100033,2022년 3월 18일 06시,금요일,부산광역시 북구 덕천동,경상사고,0,0,2,0,차대차 - 추돌,안전운전불이행,젖음/습기,비,교차로 - 교차로부근,승용,남,36세,상해없음,승용,남,56세,경상
2022031800100071,2022년 3월 18일 09시,금요일,부산광역시 기장군 기장읍,경상사고,0,0,1,0,차대차 - 측면충돌,신호위반,젖음/습기,비,교차로 - 교차로안,승용,여,54세,상해없음,승용,남,36세,경상
2022031800100087,2022년 3월 18일 10시,금요일,부산광역시 남구 문현동,경상사고,0,0,2,0,차대차 - 기타,안전운전불이행,건조,맑음,기타 - 기타,승용,남,64세,경상,승용,여,29세,경상
2022031800100088,2022년 3월 18일 10시,금요일,부산광역시 사상구 삼락동,경상사고,0,0,2,0,차대차 - 측면충돌,교차로운행방법위반,건조,맑음,교차로 - 교차로안,승용,남,56세,기타불명,승합,남,64세,경상
2022031800100104,2022년 3월 18일 11시,금요일,부산광역시 부산진구 전포동,중상사고,0,1,1,0,차대차 - 기타,신호위반,건조,흐림,교차로 - 교차로안,승용,여,56세,중상,화물,남,36세,경상
2022031800100105,2022년 3월 18일 11시,금요일,부산광역시 사하구 당리동,경상사고,0,0,1,0,차대차 - 추돌,안전운전불이행,건조,맑음,단일로 - 기타,승용,남,75세,상해없음,승용,남,34세,경상
2022031800100119,2022년 3월 18일 12시,금요일,부산광역시 부산진구 양정동,중상사고,0,1,1,0,차대차 - 추돌,안전운전불이행,건조,맑음,단일로 - 기타,승용,남,42세,상해없음,승용,여,38세,중상
2022031800100143,2022년 3월 18일 13시,금요일,부산광역시 부산진구 전포동,경상사고,0,0,1,0,차대차 - 측면충돌,안전운전불이행,건조,맑음,교차로 - 교차로안,승용,여,45세,상해없음,화물,남,50세,경상
2022031800100206,2022년 3월 18일 16시,금요일,부산광역시 동래구 사직동,경상사고,0,0,1,0,차대차 - 추돌,안전거리미확보,건조,맑음,교차로 - 교차로안,승용,남,54세,상해없음,승용,남,36세,경상
2022031800100232,2022년 3월 18일 17시,금요일,부산광역시 금정구 금사동,중상사고,0,2,0,0,차대사람 - 횡단중,보행자보호의무위반,건조,맑음,교차로 - 교차로횡단보도내,화물,남,57세,상해없음,보행자,여,59세,중상
2022031800100263,2022년 3월 18일 18시,금요일,부산광역시 해운대구 재송동,경상사고,0,0,4,0,차대차 - 기타,안전운전불이행,건조,맑음,교차로 - 교차로안,승용,남,22세,경상,승용,남,33세,경상
2022031800100299,2022년 3월 18일 19시,금요일,부산광역시 해운대구 좌동,중상사고,0,1,0,0,차대사람 - 기타,안전운전불이행,건조,흐림,기타 - 기타,승용,남,61세,상해없음,보행자,여,67세,중상
2022031800100379,2022년 3월 18일 22시,금요일,부산광역시 남구 우암동,경상사고,0,0,1,0,차대차 - 추돌,안전운전불이행,젖음/습기,흐림,단일로 - 기타,승용,남,52세,상해없음,승합,남,75세,상해없음
2.02203E+15,2022년 3월 18일 22시,금요일,부산광역시 사하구 감천동,중상사고,0,1,0,0,차대사람 - 기타,안전운전불이행,건조,맑음,교차로 - 교차로부근,승용,남,60세,상해없음,보행자,남,25세,중상
2022031900100002,2022년 3월 19일 00시,토요일,부산광역시 사상구 엄궁동,경상사고,0,0,1,0,차대차 - 측면충돌,차로위반,건조,흐림,단일로 - 기타,승용,남,29세,상해없음,승용,남,59세,상해없음
2022031900100034,2022년 3월 19일 05시,토요일,부산광역시 영도구 동삼동,경상사고,0,0,3,0,차대차 - 추돌,안전운전불이행,젖음/습기,맑음,단일로 - 기타,승용,남,37세,기타불명,승용,여,30세,경상
2022031900100079,2022년 3월 19일 10시,토요일,부산광역시 남구 감만동,중상사고,0,1,1,0,차대차 - 기타,안전거리미확보,젖음/습기,비,단일로 - 기타,승용,여,54세,상해없음,특수,남,67세,중상
2.02203E+15,2022년 3월 19일 10시,토요일,부산광역시 수영구 남천동,부상신고사고,0,0,0,1,차대사람 - 기타,안전운전불이행,젖음/습기,비,단일로 - 기타,승용,남,46세,상해없음,보행자,여,12세,부상신고
2022031900100101,2022년 3월 19일 11시,토요일,부산광역시 동래구 사직동,중상사고,0,1,0,0,차대사람 - 기타,안전운전불이행,젖음/습기,맑음,교차로 - 교차로안,화물,남,61세,상해없음,보행자,여,52세,중상
2022031900100102,2022년 3월 19일 11시,토요일,부산광역시 해운대구 우동,경상사고,0,0,2,0,차대차 - 측면충돌,안전거리미확보,건조,맑음,단일로 - 기타,승용,남,48세,상해없음,승용,남,40세,경상
2022031900100103,2022년 3월 19일 11시,토요일,부산광역시 부산진구 부암동,경상사고,0,0,1,1,차대차 - 측면충돌,안전거리미확보,건조,맑음,단일로 - 기타,승용,여,58세,상해없음,승용,여,38세,부상신고