사고번호,사고일시,요일,시군구,사고내용,사망자수,중상자수,경상자수,부상신고자수,사고유형,법규위반,노면상태,기상상태,도로형태,가해운전자 차종,가해운전자 성별,가해운전자 연령,가해운전자 상해정도,피해운전자 차종,피해운전자 성별,피해운전자 연령,피해운전자 상해정도
2022032900100159,2022년 3월 29일 12시,화요일,부산광역시 남구 용호동,중상사고,0,1,0,0,차대사람 - 횡단중,보행자보호의무위반,건조,맑음,단일로 - 기타,승용,남,74세,상해없음,보행자,여,68세,중상
2.02203E+15,2022년 3월 29일 12시,화요일,부산광역시 영도구 동삼동,경상사고,0,0,2,0,차대차 - 측면충돌,안전거리미확보,건조,맑음,기타 - 기타,이륜,남,33세,경상,승용,남,65세,경상
2022032900100161,2022년 3월 29일 12시,화요일,부산광역시 해운대구 좌동,경상사고,0,0,2,0,차대차 - 추돌,안전운전불이행,건조,맑음,단일로 - 기타,승용,여,44세,상해없음,승용,여,66세,경상
2022032900100162,2022년 3월 29일 12시,화요일,부산광역시 강서구 대저1동,중상사고,0,1,0,0,차대차 - 측면충돌,안전거리미확보,건조,맑음,단일로 - 기타,승용,남,35세,상해없음,이륜,남,55세,중상
2022032900100194,2022년 3월 29일 13시,화요일,부산광역시 남구 대연동,중상사고,0,1,1,0,차대차 - 정면충돌,신호위반,건조,맑음,단일로 - 기타,원동기,남,22세,중상,승합,남,38세,경상
2022032900100195,2022년 3월 29일 13시,화요일,부산광역시 동래구 안락동,중상사고,0,1,0,0,차대차 - 측면충돌,안전거리미확보,건조,맑음,교차로 - 교차로부근,승용,여,53세,상해없음,원동기,남,41세,중상
2022032900100196,2022년 3월 29일 13시,화요일,부산광역시 동래구 안락동,경상사고,0,0,2,1,차대차 - 추돌,안전운전불이행,건조,맑음,단일로 - 기타,승용,여,22세,상해없음,이륜,남,36세,경상
2.02203E+15,2022년 3월 29일 14시,화요일,부산광역시 중구 남포동4가,경상사고,0,0,1,0,차대사람 - 횡단중,안전운전불이행,건조,맑음,교차로 - 교차로안,화물,남,36세,상해없음,보행자,남,72세,경상
2022032900100231,2022년 3월 29일 14시,화요일,부산광역시 영도구 동삼동,경상사고,0,0,1,0,차대차 - 정면충돌,안전거리미확보,건조,맑음,교차로 - 교차로부근,승용,여,71세,상해없음,승용,여,24세,경상
2022032900100287,2022년 3월 29일 16시,화요일,부산광역시 수영구 광안동,경상사고,0,0,1,0,차대차 - 기타,기타,건조,맑음,단일로 - 기타,승용,남,62세,상해없음,자전거,여,53세,경상
2022032900100288,2022년 3월 29일 16시,화요일,부산광역시 부산진구 전포동,경상사고,0,0,1,0,차대차 - 측면충돌,안전운전불이행,건조,맑음,단일로 - 기타,승용,여,51세,상해없음,승용,여,62세,경상
2022032900100289,2022년 3월 29일 16시,화요일,부산광역시 금정구 남산동,경상사고,0,0,1,0,차대차 - 추돌,안전운전불이행,건조,맑음,교차로 - 교차로부근,승용,남,65세,상해없음,이륜,남,41세,경상
2.02203E+15,2022년 3월 29일 16시,화요일,부산광역시 사상구 덕포동,경상사고,0,0,1,0,차대차 - 기타,안전거리미확보,건조,맑음,교차로 - 교차로부근,승용,남,34세,상해없음,승용,남,58세,경상
2022032900100334,2022년 3월 29일 17시,화요일,부산광역시 부산진구 전포동,중상사고,0,1,0,0,차대사람 - 차도통행중,안전운전불이행,건조,맑음,교차로 - 교차로안,화물,남,45세,상해없음,보행자,여,59세,중상
2022032900100335,2022년 3월 29일 17시,화요일,부산광역시 강서구 대저1동,경상사고,0,0,1,0,차대차 - 정면충돌,중앙선침범,건조,맑음,단일로 - 지하차도(도로)내,승용,남,55세,상해없음,화물,남,70세,경상
2022032900100378,2022년 3월 29일 18시,화요일,부산광역시 동구 초량동,경상사고,0,0,3,1,차대차 - 추돌,중앙선침범,건조,맑음,단일로 - 기타,승용,남,21세,상해없음,화물,남,55세,상해없음
2022032900100379,2022년 3월 29일 18시,화요일,부산광역시 북구 금곡동,경상사고,0,0,1,0,차대차 - 추돌,안전운전불이행,건조,맑음,교차로 - 교차로부근,원동기,남,32세,상해없음,승용,남,37세,경상
2.02203E+15,2022년 3월 29일 18시,화요일,부산광역시 동래구 낙민동,부상신고사고,0,0,0,1,차대사람 - 기타,안전운전불이행,건조,맑음,교차로 - 교차로부근,승용,남,37세,상해없음,보행자,남,31세,부상신고
2022032900100416,2022년 3월 29일 19시,화요일,부산광역시 동래구 사직동,경상사고,0,0,2,0,차대차 - 측면충돌,안전운전불이행,건조,맑음,단일로 - 기타,승용,남,72세,상해없음,승합,남,53세,경상
2022032900100417,2022년 3월 29일 19시,화요일,부산광역시 금정구 장전동,경상사고,0,0,1,0,차대차 - 측면충돌,안전운전불이행,건조,맑음,교차로 - 교차로안,승용,남,29세,기타불명,승용,남,44세,경상
2022032900100451,2022년 3월 29일 20시,화요일,부산광역시 수영구 수영동,중상사고,0,1,0,0,차대사람 - 횡단중,보행자보호의무위반,건조,맑음,단일로 - 기타,승용,남,40세,상해없음,보행자,남,69세,중상
2022032900100452,2022년 3월 29일 20시,화요일,부산광역시 기장군 철마면,중상사고,0,1,0,0,차대차 - 기타,안전운전불이행,건조,맑음,단일로 - 기타,화물,남,61세,상해없음,승용,여,69세,중상
2022032900100472,2022년 3월 29일 21시,화요일,부산광역시 동래구 명륜동,중상사고,0,1,0,0,차대차 - 측면충돌,불법유턴,건조,맑음,단일로 - 기타,화물,남,60세,기타불명,이륜,남,52세,중상
2.02203E+15,2022년 3월 29일 22시,화요일,부산광역시 사하구 괴정동,경상사고,0,0,2,0,차대차 - 정면충돌,신호위반,건조,맑음,교차로 - 교차로안,이륜,남,19세,기타불명,승용,여,64세,경상
2022033000100002,2022년 3월 30일 00시,수요일,부산광역시 금정구 장전동,경상사고,0,0,2,0,차량단독 - 전도전복 - 전도,안전운전불이행,건조,맑음,단일로 - 기타,이륜,남,25세,경상,,,,
2022033000100016,2022년 3월 30일 03시,수요일,부산광역시 금정구 부곡동,경상사고,0,0,1,0,차대차 - 추돌,안전운전불이행,건조,맑음,단일로 - 기타,승용,남,21세,상해없음,승용,여,61세,경상
2022033000100028,2022년 3월 30일 06시,수요일,부산광역시 동구 초량동,중상사고,0,1,1,0,차대차 - 기타,신호위반,건조,맑음,단일로 - 기타,승합,남,60세,상해없음,승용,남,55세,중상
2022033000100042,2022년 3월 30일 07시,수요일,부산광역시 부산진구 부전동,경상사고,0,0,1,0,차대차 - 추돌,안전운전불이행,건조,맑음,단일로 - 기타,승용,남,30세,상해없음,승용,여,67세,경상
2022033000100054,2022년 3월 30일 08시,수요일,부산광역시 남구 대연동,경상사고,0,0,1,0,차대차 - 기타,안전운전불이행,건조,맑음,단일로 - 기타,화물,남,28세,상해없음,승용,남,75세,경상
2022033000100114,2022년 3월 30일 10시,수요일,부산광역시 중구 남포동5가,중상사고,0,1,0,0,차대사람 - 차도통행중,교차로운행방법위반,건조,맑음,교차로 - 교차로부근,승용,남,82세,상해없음,보행자,여,76세,중상
2022033000100115,2022년 3월 30일 10시,수요일,부산광역시 중구 대청동3가,경상사고,0,0,1,0,차대차 - 측면충돌,중앙선침범,건조,맑음,교차로 - 교차로부근,이륜,남,68세,경상,승용,남,68세,상해없음
2022033000100116,2022년 3월 30일 10시,수요일,부산광역시 사상구 괘법동,경상사고,0,0,1,0,차대사람 - 횡단중,보행자보호의무위반,건조,맑음,단일로 - 기타,승용,남,62세,상해없음,보행자,남,31세,경상
2022033000100134,2022년 3월 30일 11시,수요일,부산광역시 남구 문현동,경상사고,0,0,1,0,차대차 - 측면충돌,안전운전불이행,건조,맑음,교차로 - 교차로부근,건설기계,남,56세,상해없음,자전거,남,69세,경상
2022033000100135,2022년 3월 30일 11시,수요일,부산광역시 강서구 명지동,경상사고,0,0,2,0,차대차 - 측면충돌,안전운전불이행,건조,맑음,단일로 - 기타,승용,남,66세,상해없음,승용,남,67세,경상
2022033000100191,2022년 3월 30일 13시,수요일,부산광역시 수영구 광안동,부상신고사고,0,0,0,1,차대차 - 추돌,안전거리미확보,건조,맑음,단일로 - 기타,화물,남,63세,상해없음,화물,남,72세,부상신고
2022033000100192,2022년 3월 30일 13시,수요일,부산광역시 해운대구 송정동,경상사고,0,0,1,0,차대차 - 측면충돌,안전운전불이행,건조,맑음,교차로 - 교차로안,승용,남,25세,상해없음,승용,남,24세,경상
2.02203E+15,2022년 3월 30일 14시,수요일,부산광역시 서구 암남동,사망사고,1,1,0,0,차대사람 - 기타,기타,건조,흐림,단일로 - 지하차도(도로)내,승용,남,78세,상해없음,보행자,여,64세,중상
2022033000100221,2022년 3월 30일 14시,수요일,부산광역시 부산진구 부전동,중상사고,0,1,0,0,차대차 - 측면충돌,기타,건조,맑음,단일로 - 기타,승용,남,74세,상해없음,이륜,남,58세,중상
2022033000100222,2022년 3월 30일 14시,수요일,부산광역시 수영구 수영동,중상사고,0,1,0,0,차대차 - 기타,안전운전불이행,건조,맑음,단일로 - 기타,자전거,남,70세,기타불명,자전거,여,66세,중상
2022033000100261,2022년 3월 30일 15시,수요일,부산광역시 부산진구 양정동,경상사고,0,0,1,0,차대차 - 측면충돌,안전거리미확보,건조,맑음,교차로 - 교차로안,승용,남,82세,상해없음,승용,남,28세,경상
2022033000100287,2022년 3월 30일 16시,수요일,부산광역시 동래구 안락동,경상사고,0,0,1,0,차대차 - 추돌,안전운전불이행,건조,맑음,단일로 - 지하차도(도로)내,승용,여,70세,상해없음,이륜,남,54세,경상
2022033000100288,2022년 3월 30일 16시,수요일,부산광역시 동래구 수안동,경상사고,0,0,1,0,차대차 - 후진중충돌,안전운전불이행,건조,맑음,단일로 - 기타,화물,남,62세,상해없음,승용,남,54세,경상
2022033000100313,2022년 3월 30일 17시,수요일,부산광역시 동래구 사직동,경상사고,0,0,1,0,차대차 - 측면충돌,안전운전불이행,건조,맑음,교차로 - 교차로부근,승용,여,63세,상해없음,원동기,남,31세,경상
2022033000100314,2022년 3월 30일 17시,수요일,부산광역시 사하구 감천동,중상사고,0,1,0,0,차대차 - 측면충돌,신호위반,건조,맑음,교차로 - 교차로안,이륜,남,50세,중상,승합,남,59세,상해없음
2022033000100315,2022년 3월 30일 17시,수요일,부산광역시 사하구 장림동,경상사고,0,0,1,0,차대차 - 측면충돌,안전운전불이행,건조,맑음,단일로 - 기타,승용,남,64세,상해없음,승용,남,69세,경상
2022033000100345,2022년 3월 30일 18시,수요일,부산광역시 부산진구 부전동,경상사고,0,0,1,0,차대사람 - 기타,안전운전불이행,건조,맑음,교차로 - 교차로안,승용,남,65세,상해없음,보행자,여,58세,경상
2022033000100346,2022년 3월 30일 18시,수요일,부산광역시 사상구 덕포동,경상사고,0,0,1,0,차대차 - 기타,안전운전불이행,건조,맑음,교차로 - 교차로부근,이륜,남,43세,경상,화물,남,61세,상해없음
2022033000100438,2022년 3월 30일 21시,수요일,부산광역시 연제구 거제동,중상사고,0,1,0,0,차대사람 - 기타,교차로운행방법위반,건조,맑음,교차로 - 교차로안,승용,남,71세,상해없음,보행자,남,52세,중상
2022033000100459,2022년 3월 30일 22시,수요일,부산광역시 수영구 수영동,경상사고,0,0,1,0,차대차 - 측면충돌,안전운전불이행,건조,맑음,교차로 - 교차로안,승용,남,66세,상해없음,승용,여,47세,경상
2.02203E+15,2022년 3월 30일 22시,수요일,부산광역시 기장군 정관읍,중상사고,0,1,1,0,차대차 - 기타,안전거리미확보,건조,맑음,단일로 - 기타,이륜,남,17세,상해없음,승용,남,26세,경상
2022033100100011,2022년 3월 31일 01시,목요일,부산광역시 강서구 대저2동,경상사고,0,0,1,0,차대차 - 기타,차로위반,건조,맑음,단일로 - 기타,특수,남,41세,상해없음,승용,남,50세,경상
2022033100100015,2022년 3월 31일 02시,목요일,부산광역시 동래구 사직동,중상사고,0,1,0,0,차대차 - 측면충돌,신호위반,건조,맑음,교차로 - 교차로안,원동기,남,39세,중상,화물,남,64세,상해없음
2022033100100016,2022년 3월 31일 02시,목요일,부산광역시 사하구 하단동,경상사고,0,0,1,0,차대사람 - 기타,안전운전불이행,건조,맑음,단일로 - 기타,승용,남,26세,상해없음,보행자,남,36세,경상
2.02203E+15,2022년 3월 31일 06시,목요일,부산광역시 북구 금곡동,중상사고,0,2,0,0,차대차 - 추돌,기타,건조,맑음,교차로 - 교차로부근,화물,남,66세,중상,승용,남,64세,중상
2022033100100039,2022년 3월 31일 07시,목요일,부산광역시 부산진구 부전동,중상사고,0,1,0,0,차량단독 - 공작물충돌,안전거리미확보,건조,맑음,단일로 - 기타,승용,남,55세,중상,,,,
2022033100100063,2022년 3월 31일 08시,목요일,부산광역시 남구 우암동,중상사고,0,1,0,0,차대차 - 측면충돌,안전운전불이행,건조,맑음,단일로 - 기타,화물,남,41세,기타불명,자전거,여,67세,중상
2022033100100064,2022년 3월 31일 08시,목요일,부산광역시 사하구 신평동,경상사고,0,0,1,0,차대차 - 측면충돌,안전운전불이행,건조,맑음,단일로 - 지하차도(도로)내,승용,여,67세,상해없음,승용,여,38세,경상
2022033100100065,2022년 3월 31일 08시,목요일,부산광역시 강서구 송정동,경상사고,0,0,1,0,차대차 - 기타,교차로운행방법위반,건조,맑음,교차로 - 교차로안,승용,남,53세,상해없음,승용,여,39세,경상
2022033100100083,2022년 3월 31일 09시,목요일,부산광역시 사하구 구평동,중상사고,0,1,0,0,차대차 - 측면충돌,안전운전불이행,건조,맑음,교차로 - 교차로안,화물,남,57세,상해없음,이륜,남,58세,중상
2022033100100084,2022년 3월 31일 09시,목요일,부산광역시 연제구 연산동,경상사고,0,0,1,0,차대차 - 기타,안전운전불이행,건조,맑음,단일로 - 기타,승용,남,51세,상해없음,승용,여,64세,경상
2022033100100103,2022년 3월 31일 10시,목요일,부산광역시 동래구 낙민동,중상사고,0,1,0,0,차량단독 - 기타,안전운전불이행,건조,맑음,단일로 - 기타,승합,남,55세,상해없음,,,,
2022033100100104,2022년 3월 31일 10시,목요일,부산광역시 해운대구 중동,경상사고,0,0,1,0,차대사람 - 횡단중,신호위반,건조,맑음,교차로 - 교차로횡단보도내,승용,남,66세,상해없음,보행자,여,31세,경상
2022033100100158,2022년 3월 31일 12시,목요일,부산광역시 금정구 구서동,중상사고,0,1,0,0,차대차 - 측면충돌,직진우회전진행방해,건조,맑음,교차로 - 교차로안,승용,남,19세,상해없음,승합,남,70세,중상
2022033100100159,2022년 3월 31일 12시,목요일,부산광역시 강서구 범방동,경상사고,0,0,1,0,차대차 - 기타,안전운전불이행,건조,맑음,단일로 - 기타,화물,남,44세,상해없음,특수,남,46세,경상
2022033100100213,2022년 3월 31일 14시,목요일,부산광역시 사하구 감천동,경상사고,0,0,1,0,차대사람 - 보도통행중,안전운전불이행,건조,맑음,단일로 - 기타,승용,남,57세,상해없음,보행자,남,34세,경상
2022033100100238,2022년 3월 31일 15시,목요일,부산광역시 북구 화명동,중상사고,0,1,0,0,차대사람 - 기타,안전운전불이행,건조,맑음,단일로 - 기타,승용,남,52세,상해없음,보행자,남,68세,중상
2022033100100239,2022년 3월 31일 15시,목요일,부산광역시 영도구 영선동1가,경상사고,0,0,1,0,차대차 - 측면충돌,신호위반,건조,맑음,교차로 - 교차로안,승용,여,53세,상해없음,승용,남,43세,경상
2022033100100266,2022년 3월 31일 16시,목요일,부산광역시 부산진구 부전동,중상사고,0,1,0,0,차량단독 - 기타,기타,건조,맑음,기타 - 기타,승합,남,62세,상해없음,,,,
2022033100100267,2022년 3월 31일 16시,목요일,부산광역시 연제구 연산동,중상사고,0,1,0,1,차대사람 - 보도통행중,안전운전불이행,건조,흐림,단일로 - 기타,자전거,남,65세,부상신고,보행자,여,70세,중상
2022033100100268,2022년 3월 31일 16시,목요일,부산광역시 강서구 명지동,경상사고,0,0,1,0,차대차 - 측면충돌,안전거리미확보,건조,맑음,단일로 - 기타,특수,남,50세,상해없음,승용,남,33세,경상
2022033100100304,2022년 3월 31일 17시,목요일,부산광역시 해운대구 재송동,중상사고,0,1,0,0,차대차 - 측면충돌,안전운전불이행,건조,맑음,기타 - 기타,승용,여,70세,상해없음,이륜,남,49세,중상
2.02203E+15,2022년 3월 31일 18시,목요일,부산광역시 연제구 연산동,중상사고,0,1,2,0,차대차 - 측면충돌,교차로운행방법위반,건조,맑음,교차로 - 교차로안,승용,여,63세,경상,승용,남,65세,경상
2022033100100341,2022년 3월 31일 18시,목요일,부산광역시 기장군 정관읍,중상사고,0,1,0,0,차대사람 - 기타,보행자보호의무위반,건조,맑음,교차로 - 교차로횡단보도내,승용,남,42세,상해없음,보행자,남,12세,중상
2.02203E+15,2022년 3월 31일 19시,목요일,부산광역시 서구 충무동2가,경상사고,0,0,1,1,차대차 - 추돌,안전거리미확보,젖음/습기,비,교차로 - 교차로안,이륜,남,55세,경상,승용,남,52세,부상신고
2022033100100381,2022년 3월 31일 19시,목요일,부산광역시 강서구 송정동,중상사고,0,1,0,0,차대사람 - 횡단중,안전운전불이행,젖음/습기,비,교차로 - 교차로안,화물,남,43세,상해없음,보행자,남,60세,중상
2022033100100413,2022년 3월 31일 20시,목요일,부산광역시 남구 대연동,부상신고사고,0,0,0,1,차대사람 - 길가장자리구역통행중,안전운전불이행,건조,맑음,단일로 - 기타,승용,남,26세,상해없음,보행자,남,23세,부상신고
2022033100100481,2022년 3월 31일 23시,목요일,부산광역시 강서구 죽동동,중상사고,0,1,0,0,차대차 - 추돌,안전운전불이행,건조,맑음,단일로 - 지하차도(도로)내,승용,남,49세,중상,특수,남,65세,기타불명
2022040100100038,2022년 4월 1일 07시,금요일,부산광역시 기장군 정관읍,경상사고,0,0,1,0,차대차 - 추돌,안전거리미확보,건조,맑음,단일로 - 교량,승용,여,39세,상해없음,화물,남,50세,경상
2022040100100059,2022년 4월 1일 08시,금요일,부산광역시 사하구 구평동,중상사고,0,1,0,0,차량단독 - 공작물충돌,안전운전불이행,건조,맑음,단일로 - 기타,승용,남,76세,상해없음,,,,
2022040100100093,2022년 4월 1일 09시,금요일,부산광역시 사하구 괴정동,경상사고,0,0,4,0,차대차 - 추돌,안전거리미확보,건조,맑음,단일로 - 기타,승용,남,33세,경상,승용,남,42세,상해없음
2022040100100094,2022년 4월 1일 09시,금요일,부산광역시 사하구 괴정동,부상신고사고,0,0,0,1,차대차 - 측면충돌,안전운전불이행,건조,맑음,교차로 - 교차로안,승용,여,64세,상해없음,이륜,남,22세,부상신고
2022040100100123,2022년 4월 1일 10시,금요일,부산광역시 금정구 장전동,경상사고,0,0,1,0,차대차 - 후진중충돌,안전운전불이행,건조,맑음,단일로 - 기타,승용,남,35세,상해없음,승용,남,65세,경상
2022040100100145,2022년 4월 1일 11시,금요일,부산광역시 부산진구 부전동,경상사고,0,0,2,0,차대차 - 측면충돌,신호위반,건조,맑음,교차로 - 교차로안,원동기,남,31세,경상,원동기,남,26세,경상
2022040100100171,2022년 4월 1일 12시,금요일,부산광역시 영도구 남항동3가,경상사고,0,0,2,0,차대차 - 측면충돌,안전운전불이행,건조,맑음,단일로 - 기타,이륜,남,53세,경상,승용,남,50세,경상
2022040100100224,2022년 4월 1일 14시,금요일,부산광역시 남구 용호동,경상사고,0,0,2,0,차대차 - 정면충돌,교차로운행방법위반,건조,맑음,교차로 - 교차로안,승용,남,47세,경상,승용,여,28세,경상
2022040100100225,2022년 4월 1일 14시,금요일,부산광역시 수영구 광안동,경상사고,0,0,1,0,차대차 - 정면충돌,안전운전불이행,건조,맑음,교차로 - 교차로안,승용,남,65세,상해없음,승용,여,47세,상해없음
2022040100100284,2022년 4월 1일 16시,금요일,부산광역시 중구 중앙동6가,경상사고,0,0,1,0,차대차 - 정면충돌,안전운전불이행,건조,맑음,교차로 - 교차로부근,승용,남,49세,상해없음,자전거,남,54세,경상
2.02204E+15,2022년 4월 1일 17시,금요일,부산광역시 해운대구 우동,경상사고,0,0,1,0,차대차 - 추돌,안전운전불이행,건조,맑음,단일로 - 기타,승용,남,58세,상해없음,승용,남,24세,경상
2022040100100321,2022년 4월 1일 17시,금요일,부산광역시 해운대구 우동,경상사고,0,0,2,3,차대차 - 추돌,안전거리미확보,건조,맑음,단일로 - 교량,화물,여,40세,상해없음,승용,남,25세,경상
2022040100100366,2022년 4월 1일 18시,금요일,부산광역시 해운대구 우동,경상사고,0,0,1,0,차대차 - 기타,안전운전불이행,건조,맑음,단일로 - 기타,이륜,남,69세,경상,승용,여,48세,상해없음
2022040100100367,2022년 4월 1일 18시,금요일,부산광역시 해운대구 중동,경상사고,0,0,1,0,차대사람 - 횡단중,안전운전불이행,건조,맑음,단일로 - 기타,승용,남,29세,상해없음,보행자,여,18세,경상
2022040100100368,2022년 4월 1일 18시,금요일,부산광역시 해운대구 우동,경상사고,0,0,2,0,차대차 - 정면충돌,중앙선침범,건조,맑음,교차로 - 교차로부근,승용,남,54세,상해없음,승용,여,40세,경상
2022040100100407,2022년 4월 1일 19시,금요일,부산광역시 동구 초량동,경상사고,0,0,1,0,차대사람 - 차도통행중,보행자보호의무위반,건조,맑음,교차로 - 교차로안,승용,남,69세,상해없음,보행자,여,57세,경상
2022040100100448,2022년 4월 1일 20시,금요일,부산광역시 금정구 회동동,중상사고,0,1,0,0,차대차 - 기타,신호위반,건조,맑음,교차로 - 교차로안,승합,남,66세,상해없음,이륜,남,29세,중상
2022040100100449,2022년 4월 1일 20시,금요일,부산광역시 사상구 학장동,중상사고,0,1,0,0,차대사람 - 횡단중,안전운전불이행,건조,맑음,단일로 - 기타,승용,남,20세,상해없음,보행자,여,70세,중상
2022040100100487,2022년 4월 1일 21시,금요일,부산광역시 영도구 동삼동,중상사고,0,1,0,0,차대차 - 측면충돌,교차로운행방법위반,건조,맑음,교차로 - 교차로안,승합,남,61세,상해없음,이륜,남,48세,중상
2022040100100488,2022년 4월 1일 21시,금요일,부산광역시 해운대구 좌동,중상사고,0,1,0,0,차대차 - 추돌,안전운전불이행,건조,맑음,교차로 - 교차로부근,승용,남,53세,상해없음,원동기,남,54세,중상
2022040100100489,2022년 4월 1일 21시,금요일,부산광역시 수영구 망미동,부상신고사고,0,0,0,1,차대차 - 기타,기타,건조,맑음,교차로 - 교차로안,승용,남,56세,상해없음,승용,남,58세,부상신고
2.02204E+15,2022년 4월 1일 21시,금요일,부산광역시 북구 구포동,경상사고,0,0,1,0,차대사람 - 횡단중,보행자보호의무위반,건조,맑음,교차로 - 교차로부근,승합,남,66세,상해없음,보행자,여,48세,경상
2022040100100513,2022년 4월 1일 22시,금요일,부산광역시 부산진구 부암동,경상사고,0,0,3,0,차대차 - 기타,안전운전불이행,건조,맑음,교차로 - 교차로안,승용,여,45세,경상,승용,여,32세,경상
2022040100100514,2022년 4월 1일 22시,금요일,부산광역시 부산진구 부전동,중상사고,0,1,0,0,차대차 - 정면충돌,안전운전불이행,건조,맑음,기타 - 기타,이륜,남,38세,상해없음,기타불명,여,73세,중상
2022040100100536,2022년 4월 1일 23시,금요일,부산광역시 사하구 하단동,경상사고,0,0,1,0,차대사람 - 기타,안전운전불이행,건조,맑음,단일로 - 기타,승용,남,26세,상해없음,보행자,남,40세,경상
2022040200100007,2022년 4월 2일 00시,토요일,부산광역시 사하구 괴정동,경상사고,0,0,3,1,차대차 - 추돌,안전운전불이행,건조,맑음,단일로 - 기타,승용,남,22세,상해없음,이륜,남,26세,경상
2.02204E+15,2022년 4월 2일 07시,토요일,부산광역시 연제구 연산동,경상사고,0,0,1,0,차대사람 - 기타,불법유턴,건조,맑음,단일로 - 기타,승용,남,56세,상해없음,보행자,여,25세,경상
2022040200100051,2022년 4월 2일 07시,토요일,부산광역시 기장군 장안읍,중상사고,0,1,0,0,차량단독 - 기타,안전운전불이행,건조,맑음,교차로 - 교차로안,승합,남,63세,상해없음,,,,
2022040200100057,2022년 4월 2일 08시,토요일,부산광역시 서구 토성동1가,경상사고,0,0,1,0,차대차 - 측면충돌,안전운전불이행,건조,맑음,단일로 - 기타,승용,남,40세,상해없음,승용,남,35세,경상
2022040200100058,2022년 4월 2일 08시,토요일,부산광역시 남구 문현동,경상사고,0,0,1,0,차대차 - 측면충돌,안전운전불이행,건조,맑음,교차로 - 교차로부근,화물,남,40세,상해없음,자전거,남,73세,경상
2022040200100074,2022년 4월 2일 09시,토요일,부산광역시 기장군 일광읍,경상사고,0,0,1,0,차대차 - 측면충돌,안전운전불이행,건조,맑음,교차로 - 교차로안,승용,남,63세,기타불명,승용,남,38세,경상
2022040200100075,2022년 4월 2일 09시,토요일,부산광역시 기장군 일광읍,경상사고,0,0,1,0,차대차 - 기타,중앙선침범,건조,맑음,단일로 - 기타,승용,남,62세,상해없음,승합,여,42세,경상
2022040200100105,2022년 4월 2일 10시,토요일,부산광역시 남구 대연동,경상사고,0,0,2,0,차대차 - 추돌,안전거리미확보,건조,맑음,단일로 - 터널,승용,여,29세,상해없음,승용,남,33세,경상
2022040200100106,2022년 4월 2일 10시,토요일,부산광역시 해운대구 중동,부상신고사고,0,0,0,1,차대차 - 후진중충돌,안전운전불이행,건조,맑음,기타 - 기타,승용,남,55세,상해없음,승용,여,48세,부상신고
2022040200100107,2022년 4월 2일 10시,토요일,부산광역시 기장군 정관읍,경상사고,0,0,1,0,차대차 - 기타,안전운전불이행,건조,맑음,단일로 - 기타,승용,남,49세,상해없음,특수,남,38세,경상
2022040200100139,2022년 4월 2일 11시,토요일,부산광역시 사하구 당리동,부상신고사고,0,0,0,1,차대차 - 추돌,안전거리미확보,건조,맑음,교차로 - 교차로부근,승용,남,38세,상해없음,승용,남,47세,부상신고
2022040200100216,2022년 4월 2일 13시,토요일,부산광역시 수영구 광안동,경상사고,0,0,2,0,차대차 - 추돌,안전운전불이행,건조,맑음,교차로 - 교차로부근,승용,남,24세,상해없음,승용,여,29세,경상
2022040200100217,2022년 4월 2일 13시,토요일,부산광역시 동래구 명장동,중상사고,0,1,0,0,차대차 - 측면충돌,신호위반,건조,맑음,교차로 - 교차로안,화물,남,59세,기타불명,승용,남,65세,중상
2022040200100218,2022년 4월 2일 13시,토요일,부산광역시 부산진구 가야동,중상사고,0,1,0,0,차대차 - 기타,교차로운행방법위반,건조,맑음,교차로 - 교차로안,승용,남,61세,상해없음,이륜,남,24세,중상
2.02204E+15,2022년 4월 2일 14시,토요일,부산광역시 해운대구 우동,경상사고,0,0,1,0,차대차 - 측면충돌,안전거리미확보,건조,맑음,교차로 - 교차로부근,승용,남,28세,상해없음,승용,남,57세,경상
2022040200100252,2022년 4월 2일 14시,토요일,부산광역시 강서구 명지동,중상사고,0,1,0,0,차대차 - 기타,안전운전불이행,건조,맑음,단일로 - 기타,승용,남,56세,상해없음,이륜,남,44세,중상
2022040200100285,2022년 4월 2일 15시,토요일,부산광역시 동래구 온천동,경상사고,0,0,1,0,차대차 - 기타,안전운전불이행,건조,맑음,단일로 - 기타,승용,남,29세,상해없음,승용,여,69세,경상
2022040200100286,2022년 4월 2일 15시,토요일,부산광역시 사상구 괘법동,경상사고,0,0,1,0,차대차 - 기타,안전운전불이행,건조,맑음,교차로 - 교차로부근,승합,남,33세,상해없음,이륜,남,50세,기타불명
2022040200100333,2022년 4월 2일 16시,토요일,부산광역시 연제구 연산동,경상사고,0,0,2,0,차대차 - 기타,안전거리미확보,건조,맑음,교차로 - 교차로안,승용,여,53세,상해없음,승용,여,48세,경상
2022040200100335,2022년 4월 2일 16시,토요일,부산광역시 사상구 삼락동,경상사고,0,0,2,0,차대차 - 기타,안전운전불이행,건조,맑음,단일로 - 기타,승용,남,42세,상해없음,승용,남,40세,경상
2022040200100369,2022년 4월 2일 17시,토요일,부산광역시 동래구 수안동,경상사고,0,0,1,0,차대사람 - 기타,안전운전불이행,건조,맑음,단일로 - 기타,승용,남,81세,상해없음,보행자,여,80세,경상