사고번호,사고일시,요일,시군구,사고내용,사망자수,중상자수,경상자수,부상신고자수,사고유형,법규위반,노면상태,기상상태,도로형태,가해운전자 차종,가해운전자 성별,가해운전자 연령,가해운전자 상해정도,피해운전자 차종,피해운전자 성별,피해운전자 연령,피해운전자 상해정도
2022040900100602,2022년 4월 9일 23시,토요일,부산광역시 부산진구 전포동,경상사고,0,0,2,0,차대차 - 기타,교차로운행방법위반,건조,맑음,교차로 - 교차로안,승용,남,65세,상해없음,승용,남,64세,상해없음
2022041000100005,2022년 4월 10일 00시,일요일,부산광역시 중구 남포동5가,중상사고,0,1,0,0,차대사람 - 기타,안전운전불이행,건조,맑음,단일로 - 기타,승용,여,55세,상해없음,보행자,남,58세,중상
2022041000100024,2022년 4월 10일 01시,일요일,부산광역시 동래구 온천동,경상사고,0,0,1,0,차대차 - 측면충돌,안전운전불이행,건조,맑음,단일로 - 기타,이륜,남,22세,기타불명,승용,남,43세,경상
2022041000100025,2022년 4월 10일 01시,일요일,부산광역시 부산진구 부전동,경상사고,0,0,2,0,차대차 - 기타,신호위반,건조,맑음,교차로 - 교차로안,이륜,남,19세,상해없음,개인형이동수단(PM),남,23세,경상
2022041000100032,2022년 4월 10일 02시,일요일,부산광역시 사하구 장림동,중상사고,0,1,0,0,차량단독 - 기타,안전거리미확보,건조,맑음,교차로 - 교차로부근,승용,남,66세,상해없음,,,,
2022041000100038,2022년 4월 10일 03시,일요일,부산광역시 사하구 하단동,중상사고,0,1,1,0,차대차 - 측면충돌,직진우회전진행방해,건조,맑음,교차로 - 교차로안,승용,남,68세,경상,승용,남,66세,중상
2022041000100045,2022년 4월 10일 06시,일요일,부산광역시 금정구 회동동,사망사고,1,0,0,0,차대차 - 기타,안전운전불이행,건조,맑음,교차로 - 교차로부근,자전거,남,64세,사망,승용,남,29세,상해없음
2022041000100072,2022년 4월 10일 09시,일요일,부산광역시 부산진구 부전동,경상사고,0,0,2,0,차대사람 - 기타,안전운전불이행,건조,맑음,기타 - 기타,승용,여,42세,경상,보행자,남,47세,경상
2022041000100091,2022년 4월 10일 10시,일요일,부산광역시 영도구 동삼동,경상사고,0,0,1,0,차대차 - 후진중충돌,안전운전불이행,건조,맑음,기타 - 기타,승용,남,21세,상해없음,이륜,남,59세,경상
2022041000100092,2022년 4월 10일 10시,일요일,부산광역시 사하구 장림동,경상사고,0,0,1,0,차대차 - 추돌,안전거리미확보,건조,맑음,단일로 - 기타,승합,남,68세,상해없음,승용,여,54세,상해없음
2.02204E+15,2022년 4월 10일 11시,일요일,부산광역시 동래구 온천동,중상사고,0,2,0,0,차대차 - 기타,교차로운행방법위반,건조,맑음,교차로 - 교차로안,승용,여,61세,상해없음,승용,남,52세,중상
2022041000100132,2022년 4월 10일 12시,일요일,부산광역시 서구 동대신동3가,부상신고사고,0,0,0,1,차대차 - 기타,신호위반,건조,맑음,교차로 - 교차로부근,이륜,남,30세,부상신고,화물,남,57세,상해없음
2022041000100133,2022년 4월 10일 12시,일요일,부산광역시 부산진구 전포동,경상사고,0,0,2,0,차대차 - 측면충돌,안전거리미확보,건조,맑음,교차로 - 교차로부근,승용,남,65세,경상,승용,여,44세,경상
2022041000100134,2022년 4월 10일 12시,일요일,부산광역시 금정구 남산동,중상사고,0,4,2,1,차대차 - 측면충돌,안전운전불이행,건조,맑음,교차로 - 교차로안,승용,남,17세,상해없음,승용,남,56세,중상
2022041000100135,2022년 4월 10일 12시,일요일,부산광역시 연제구 연산동,경상사고,0,0,7,0,차대차 - 기타,신호위반,건조,맑음,교차로 - 교차로안,승용,남,63세,상해없음,승용,남,43세,경상
2022041000100163,2022년 4월 10일 13시,일요일,부산광역시 해운대구 우동,경상사고,0,0,2,0,차대차 - 추돌,안전운전불이행,건조,맑음,교차로 - 교차로부근,승용,여,64세,상해없음,승용,남,26세,경상
2022041000100164,2022년 4월 10일 13시,일요일,부산광역시 해운대구 반여동,부상신고사고,0,0,0,1,차대차 - 기타,직진우회전진행방해,건조,맑음,교차로 - 교차로안,승용,남,36세,상해없음,승용,여,31세,부상신고
2022041000100165,2022년 4월 10일 13시,일요일,부산광역시 사하구 하단동,중상사고,0,2,1,0,차대차 - 기타,안전운전불이행,건조,맑음,교차로 - 교차로안,승용,남,47세,상해없음,승용,남,45세,중상
2022041000100166,2022년 4월 10일 13시,일요일,부산광역시 연제구 연산동,중상사고,0,2,6,0,차대차 - 기타,신호위반,건조,맑음,교차로 - 교차로안,승용,남,21세,경상,승용,여,61세,중상
2022041000100167,2022년 4월 10일 13시,일요일,부산광역시 기장군 기장읍,경상사고,0,0,1,0,차대사람 - 길가장자리구역통행중,안전운전불이행,건조,맑음,단일로 - 기타,화물,남,56세,상해없음,보행자,남,36세,경상
2022041000100168,2022년 4월 10일 13시,일요일,부산광역시 금정구 노포동,경상사고,0,0,1,0,차대차 - 추돌,안전운전불이행,건조,맑음,단일로 - 기타,화물,남,54세,상해없음,승용,남,23세,경상
2022041000100202,2022년 4월 10일 14시,일요일,부산광역시 해운대구 좌동,경상사고,0,0,1,0,차대차 - 기타,안전운전불이행,건조,맑음,교차로 - 교차로안,승용,남,52세,상해없음,이륜,남,30세,경상
2022041000100236,2022년 4월 10일 15시,일요일,부산광역시 중구 부평동1가,경상사고,0,0,1,0,차대사람 - 차도통행중,안전운전불이행,건조,맑음,단일로 - 기타,승용,남,76세,상해없음,보행자,남,50세,경상
2022041000100307,2022년 4월 10일 17시,일요일,부산광역시 서구 동대신동3가,중상사고,0,1,0,0,차대차 - 기타,안전운전불이행,건조,맑음,단일로 - 기타,이륜,남,53세,상해없음,특수,남,60세,상해없음
2022041000100308,2022년 4월 10일 17시,일요일,부산광역시 동래구 낙민동,중상사고,0,1,1,0,차대차 - 기타,안전운전불이행,건조,맑음,기타 - 기타,자전거,남,13세,경상,자전거,남,38세,중상
2022041000100309,2022년 4월 10일 17시,일요일,부산광역시 부산진구 전포동,경상사고,0,0,1,0,차대사람 - 기타,안전운전불이행,건조,맑음,기타 - 기타,승용,여,25세,상해없음,보행자,여,24세,경상
2.02204E+15,2022년 4월 10일 19시,일요일,부산광역시 금정구 부곡동,경상사고,0,0,1,0,차대차 - 기타,안전운전불이행,건조,맑음,기타 - 기타,승합,남,67세,상해없음,승용,남,30세,경상
2022041000100387,2022년 4월 10일 20시,일요일,부산광역시 강서구 대저1동,경상사고,0,0,2,0,차대차 - 추돌,안전운전불이행,건조,맑음,교차로 - 교차로부근,승용,남,53세,상해없음,승용,남,68세,경상
2022041000100404,2022년 4월 10일 21시,일요일,부산광역시 남구 대연동,경상사고,0,0,1,0,차대차 - 정면충돌,기타,건조,맑음,교차로 - 교차로부근,화물,남,63세,상해없음,자전거,남,41세,경상
2022041000100405,2022년 4월 10일 21시,일요일,부산광역시 영도구 동삼동,경상사고,0,0,1,0,차대사람 - 기타,안전운전불이행,건조,맑음,단일로 - 기타,승용,남,23세,상해없음,보행자,남,68세,경상
2022041000100406,2022년 4월 10일 21시,일요일,부산광역시 금정구 장전동,부상신고사고,0,0,0,1,차대차 - 측면충돌,안전운전불이행,건조,맑음,교차로 - 교차로안,승용,남,44세,상해없음,원동기,남,38세,부상신고
2022041000100407,2022년 4월 10일 21시,일요일,부산광역시 금정구 부곡동,중상사고,0,2,0,0,차대차 - 측면충돌,안전거리미확보,건조,맑음,단일로 - 기타,승용,남,71세,상해없음,승용,여,30세,중상
2022041000100408,2022년 4월 10일 21시,일요일,부산광역시 사하구 괴정동,경상사고,0,0,1,0,차대차 - 정면충돌,신호위반,건조,맑음,단일로 - 기타,승용,남,25세,상해없음,승용,남,35세,경상
2.02204E+15,2022년 4월 10일 22시,일요일,부산광역시 동구 초량동,중상사고,0,1,6,1,차대차 - 기타,신호위반,건조,맑음,단일로 - 기타,승용,남,42세,상해없음,승합,남,53세,부상신고
2022041100100003,2022년 4월 11일 00시,월요일,부산광역시 해운대구 좌동,경상사고,0,0,1,0,차대사람 - 횡단중,안전운전불이행,젖음/습기,맑음,교차로 - 교차로횡단보도내,승용,여,29세,상해없음,보행자,남,27세,경상
2022041100100028,2022년 4월 11일 05시,월요일,부산광역시 해운대구 우동,경상사고,0,0,2,0,차대차 - 측면충돌,안전운전불이행,건조,맑음,단일로 - 기타,승용,남,59세,상해없음,승용,남,37세,경상
2022041100100034,2022년 4월 11일 06시,월요일,부산광역시 금정구 부곡동,경상사고,0,0,1,0,차대차 - 기타,안전운전불이행,건조,맑음,단일로 - 기타,승용,남,55세,상해없음,승합,남,62세,경상
2022041100100049,2022년 4월 11일 07시,월요일,부산광역시 동래구 온천동,중상사고,0,1,0,0,차대차 - 추돌,안전운전불이행,건조,맑음,단일로 - 기타,승용,남,58세,기타불명,승용,여,38세,중상
2.02204E+15,2022년 4월 11일 07시,월요일,부산광역시 동래구 명륜동,경상사고,0,0,1,0,차대차 - 후진중충돌,안전운전불이행,건조,맑음,단일로 - 기타,기타불명,기타불명,미분류,기타불명,자전거,남,12세,경상
2022041100100077,2022년 4월 11일 08시,월요일,부산광역시 중구 중앙동4가,경상사고,0,0,1,0,차대차 - 정면충돌,신호위반,건조,맑음,교차로 - 교차로안,승용,남,33세,상해없음,승용,남,69세,경상
2022041100100078,2022년 4월 11일 08시,월요일,부산광역시 사하구 신평동,중상사고,0,1,1,0,차대차 - 측면충돌,신호위반,건조,맑음,교차로 - 교차로안,승용,남,54세,경상,승용,여,33세,중상
2022041100100079,2022년 4월 11일 08시,월요일,부산광역시 강서구 생곡동,중상사고,0,1,0,0,차대차 - 기타,안전거리미확보,건조,맑음,단일로 - 기타,화물,남,51세,상해없음,승용,여,43세,중상
2.02204E+15,2022년 4월 11일 08시,월요일,부산광역시 강서구 명지동,경상사고,0,0,2,0,차대차 - 기타,신호위반,건조,맑음,교차로 - 교차로부근,승용,남,59세,상해없음,승용,여,45세,경상
2022041100100128,2022년 4월 11일 09시,월요일,부산광역시 동구 수정동,경상사고,0,0,1,0,차대사람 - 차도통행중,안전운전불이행,건조,맑음,단일로 - 기타,승용,남,32세,상해없음,보행자,여,33세,경상
2022041100100129,2022년 4월 11일 09시,월요일,부산광역시 동래구 사직동,경상사고,0,0,1,0,차대차 - 측면충돌,안전운전불이행,건조,맑음,교차로 - 교차로안,자전거,남,41세,경상,승용,여,52세,상해없음
2022041100100156,2022년 4월 11일 10시,월요일,부산광역시 강서구 구랑동,중상사고,0,2,0,0,차대차 - 추돌,안전운전불이행,건조,맑음,교차로 - 교차로부근,특수,남,63세,상해없음,화물,남,44세,중상
2022041100100197,2022년 4월 11일 11시,월요일,부산광역시 사상구 주례동,경상사고,0,0,1,0,차대사람 - 횡단중,안전운전불이행,건조,맑음,기타 - 기타,화물,남,27세,상해없음,보행자,남,72세,경상
2022041100100221,2022년 4월 11일 12시,월요일,부산광역시 서구 암남동,경상사고,0,0,1,0,차대차 - 추돌,안전운전불이행,건조,맑음,교차로 - 교차로부근,승용,여,58세,경상,화물,남,65세,상해없음
2022041100100222,2022년 4월 11일 12시,월요일,부산광역시 동래구 온천동,중상사고,0,1,0,0,차대차 - 측면충돌,안전거리미확보,건조,맑음,단일로 - 기타,이륜,남,20세,중상,승용,남,39세,상해없음
2.02204E+15,2022년 4월 11일 13시,월요일,부산광역시 동래구 수안동,중상사고,0,1,0,0,차대차 - 측면충돌,안전운전불이행,건조,맑음,단일로 - 기타,이륜,남,68세,중상,승합,남,41세,상해없음
2022041100100261,2022년 4월 11일 13시,월요일,부산광역시 금정구 부곡동,경상사고,0,0,1,0,차대사람 - 횡단중,안전운전불이행,건조,맑음,교차로 - 교차로안,화물,남,58세,상해없음,보행자,남,76세,경상
2022041100100262,2022년 4월 11일 13시,월요일,부산광역시 사상구 모라동,경상사고,0,0,1,0,차대사람 - 횡단중,보행자보호의무위반,건조,맑음,교차로 - 교차로부근,화물,남,52세,상해없음,보행자,여,74세,경상
2022041100100324,2022년 4월 11일 15시,월요일,부산광역시 부산진구 당감동,경상사고,0,0,3,0,차대차 - 추돌,안전거리미확보,건조,기타,단일로 - 터널,화물,남,29세,기타불명,승용,남,24세,경상
2022041100100325,2022년 4월 11일 15시,월요일,부산광역시 금정구 구서동,경상사고,0,0,3,0,차대차 - 측면충돌,직진우회전진행방해,건조,맑음,교차로 - 교차로안,승용,여,58세,상해없음,승합,남,47세,경상
2.02204E+15,2022년 4월 11일 16시,월요일,부산광역시 동래구 안락동,경상사고,0,0,1,0,차대사람 - 차도통행중,안전운전불이행,건조,맑음,단일로 - 기타,승용,남,62세,상해없음,보행자,남,62세,경상
2022041100100371,2022년 4월 11일 16시,월요일,부산광역시 부산진구 전포동,경상사고,0,0,1,0,차대차 - 기타,신호위반,젖음/습기,맑음,교차로 - 교차로안,승용,여,56세,상해없음,이륜,남,42세,경상
2022041100100451,2022년 4월 11일 18시,월요일,부산광역시 부산진구 초읍동,경상사고,0,0,1,0,차대사람 - 기타,안전운전불이행,건조,기타,단일로 - 기타,승용,남,69세,상해없음,보행자,여,11세,경상
2022041100100573,2022년 4월 11일 22시,월요일,부산광역시 해운대구 송정동,경상사고,0,0,2,0,차대차 - 기타,안전거리미확보,건조,흐림,단일로 - 기타,이륜,남,25세,기타불명,승용,남,48세,경상
2022041100100574,2022년 4월 11일 22시,월요일,부산광역시 강서구 죽동동,경상사고,0,0,1,0,차대차 - 측면충돌,교차로운행방법위반,건조,맑음,교차로 - 교차로안,특수,남,62세,상해없음,화물,남,68세,경상
2022041100100594,2022년 4월 11일 23시,월요일,부산광역시 부산진구 부전동,경상사고,0,0,2,0,차대차 - 추돌,안전거리미확보,건조,맑음,단일로 - 기타,승용,남,68세,상해없음,승용,남,72세,경상
2022041100100595,2022년 4월 11일 23시,월요일,부산광역시 연제구 연산동,부상신고사고,0,0,0,2,차대차 - 기타,신호위반,건조,흐림,교차로 - 교차로안,이륜,남,27세,부상신고,이륜,남,33세,부상신고
2022041200100008,2022년 4월 12일 00시,화요일,부산광역시 부산진구 부암동,중상사고,0,1,2,0,차대차 - 후진중충돌,안전운전불이행,건조,맑음,단일로 - 기타,승용,남,48세,상해없음,승용,남,56세,경상
2022041200100022,2022년 4월 12일 01시,화요일,부산광역시 사상구 주례동,경상사고,0,0,1,0,차대차 - 추돌,교차로운행방법위반,건조,맑음,교차로 - 교차로안,승용,남,57세,상해없음,이륜,남,38세,경상
2.02204E+15,2022년 4월 12일 07시,화요일,부산광역시 서구 암남동,경상사고,0,0,2,0,차대차 - 추돌,신호위반,건조,맑음,교차로 - 교차로안,승용,남,55세,경상,화물,남,35세,경상
2022041200100061,2022년 4월 12일 07시,화요일,부산광역시 서구 서대신동2가,경상사고,0,0,1,0,차대차 - 추돌,안전운전불이행,건조,맑음,교차로 - 교차로부근,화물,남,55세,상해없음,이륜,남,56세,상해없음
2022041200100082,2022년 4월 12일 08시,화요일,부산광역시 부산진구 양정동,경상사고,0,0,1,0,차대차 - 측면충돌,신호위반,건조,맑음,교차로 - 교차로부근,승용,여,22세,상해없음,승용,여,49세,경상
2022041200100129,2022년 4월 12일 09시,화요일,부산광역시 금정구 부곡동,경상사고,0,0,2,0,차대차 - 측면충돌,교차로운행방법위반,건조,맑음,교차로 - 교차로안,승용,여,50세,상해없음,승용,여,33세,경상
2022041200100157,2022년 4월 12일 10시,화요일,부산광역시 사하구 당리동,경상사고,0,0,1,0,차대차 - 측면충돌,교차로운행방법위반,건조,맑음,교차로 - 교차로안,특수,남,62세,상해없음,승용,여,63세,경상
2022041200100189,2022년 4월 12일 11시,화요일,부산광역시 동래구 수안동,중상사고,0,1,0,0,차대차 - 기타,안전운전불이행,건조,맑음,교차로 - 교차로안,승용,남,56세,상해없음,이륜,남,69세,중상
2.02204E+15,2022년 4월 12일 11시,화요일,부산광역시 부산진구 부암동,중상사고,0,1,0,0,차대차 - 기타,중앙선침범,건조,맑음,단일로 - 기타,자전거,남,88세,중상,화물,남,47세,상해없음
2022041200100191,2022년 4월 12일 11시,화요일,부산광역시 사하구 당리동,중상사고,0,1,0,0,차대차 - 기타,안전운전불이행,건조,맑음,교차로 - 교차로부근,승용,남,54세,상해없음,승용,남,77세,상해없음
2022041200100216,2022년 4월 12일 12시,화요일,부산광역시 동구 좌천동,경상사고,0,0,1,0,차대차 - 측면충돌,교차로운행방법위반,건조,맑음,교차로 - 교차로안,특수,남,60세,기타불명,승용,남,58세,경상
2022041200100217,2022년 4월 12일 12시,화요일,부산광역시 부산진구 양정동,경상사고,0,0,1,1,차대차 - 기타,중앙선침범,건조,맑음,교차로 - 교차로부근,이륜,남,23세,부상신고,이륜,남,60세,경상
2022041200100218,2022년 4월 12일 12시,화요일,부산광역시 사하구 장림동,경상사고,0,0,1,0,차대차 - 기타,안전운전불이행,건조,맑음,교차로 - 교차로부근,건설기계,남,45세,상해없음,승용,남,25세,경상
2022041200100243,2022년 4월 12일 13시,화요일,부산광역시 금정구 회동동,중상사고,0,1,0,0,차대사람 - 횡단중,안전운전불이행,건조,맑음,교차로 - 교차로안,화물,남,64세,상해없음,보행자,남,76세,중상
2022041200100272,2022년 4월 12일 14시,화요일,부산광역시 동래구 사직동,경상사고,0,0,1,0,차대차 - 기타,안전운전불이행,건조,맑음,교차로 - 교차로부근,기타불명,기타불명,미분류,기타불명,자전거,남,9세,경상
2022041200100273,2022년 4월 12일 14시,화요일,부산광역시 금정구 서동,경상사고,0,0,1,0,차대차 - 기타,교차로운행방법위반,건조,맑음,교차로 - 교차로안,승용,남,49세,상해없음,이륜,여,31세,경상
2022041200100274,2022년 4월 12일 14시,화요일,부산광역시 사상구 삼락동,중상사고,0,1,0,0,차대차 - 정면충돌,신호위반,건조,맑음,교차로 - 교차로안,승용,여,59세,상해없음,이륜,여,56세,중상
2022041200100297,2022년 4월 12일 15시,화요일,부산광역시 중구 부평동1가,경상사고,0,0,1,0,차대사람 - 기타,안전운전불이행,건조,맑음,단일로 - 기타,승용,여,32세,상해없음,보행자,여,53세,경상
2022041200100298,2022년 4월 12일 15시,화요일,부산광역시 해운대구 우동,경상사고,0,0,1,0,차대사람 - 횡단중,안전운전불이행,건조,맑음,교차로 - 교차로부근,승용,여,63세,상해없음,보행자,남,12세,경상
2022041200100299,2022년 4월 12일 15시,화요일,부산광역시 부산진구 당감동,중상사고,0,1,0,0,차대차 - 기타,안전운전불이행,건조,맑음,교차로 - 교차로부근,건설기계,남,60세,상해없음,승용,여,42세,중상
2022041200100327,2022년 4월 12일 16시,화요일,부산광역시 북구 덕천동,경상사고,0,0,6,0,차대차 - 추돌,안전운전불이행,건조,맑음,단일로 - 지하차도(도로)내,화물,남,57세,상해없음,승용,남,66세,경상
2022041200100362,2022년 4월 12일 17시,화요일,부산광역시 수영구 광안동,경상사고,0,0,1,0,차대차 - 추돌,안전운전불이행,건조,맑음,단일로 - 기타,화물,남,55세,상해없음,화물,남,41세,경상
2022041200100364,2022년 4월 12일 17시,화요일,부산광역시 연제구 거제동,경상사고,0,0,1,0,차대차 - 정면충돌,교차로운행방법위반,건조,맑음,교차로 - 교차로부근,승용,남,49세,상해없음,자전거,여,31세,경상
2022041200100415,2022년 4월 12일 18시,화요일,부산광역시 부산진구 양정동,경상사고,0,0,1,0,차대사람 - 기타,안전운전불이행,건조,맑음,단일로 - 기타,승용,남,62세,상해없음,보행자,남,53세,경상
2022041200100416,2022년 4월 12일 18시,화요일,부산광역시 사하구 하단동,중상사고,0,1,0,0,차대사람 - 횡단중,안전운전불이행,건조,맑음,단일로 - 기타,승합,남,38세,상해없음,보행자,남,49세,중상
2022041200100448,2022년 4월 12일 19시,화요일,부산광역시 동구 초량동,경상사고,0,0,1,0,차대차 - 측면충돌,신호위반,건조,맑음,단일로 - 지하차도(도로)내,이륜,남,56세,상해없음,승합,남,66세,상해없음
2022041200100449,2022년 4월 12일 19시,화요일,부산광역시 북구 덕천동,중상사고,0,1,0,0,차대차 - 기타,중앙선침범,건조,맑음,단일로 - 기타,기타불명,남,70세,중상,승용,남,55세,상해없음
2022041200100451,2022년 4월 12일 19시,화요일,부산광역시 부산진구 전포동,중상사고,0,1,1,0,차대차 - 측면충돌,안전거리미확보,건조,맑음,교차로 - 교차로부근,승용,여,36세,상해없음,이륜,남,68세,중상
2022041200100483,2022년 4월 12일 20시,화요일,부산광역시 수영구 민락동,중상사고,0,1,0,0,차대사람 - 횡단중,안전운전불이행,건조,맑음,교차로 - 교차로안,승용,여,51세,상해없음,보행자,남,33세,중상
2022041200100535,2022년 4월 12일 22시,화요일,부산광역시 북구 구포동,사망사고,1,0,0,0,차대사람 - 기타,안전운전불이행,건조,맑음,단일로 - 기타,승용,남,38세,상해없음,보행자,남,14세,사망
2022041200100536,2022년 4월 12일 22시,화요일,부산광역시 사상구 모라동,경상사고,0,0,1,0,차대차 - 측면충돌,안전운전불이행,건조,맑음,교차로 - 교차로안,승용,여,34세,상해없음,승합,남,36세,경상
2022041200100537,2022년 4월 12일 22시,화요일,부산광역시 사상구 모라동,중상사고,0,1,0,0,차대사람 - 보도통행중,보행자보호의무위반,건조,맑음,교차로 - 교차로횡단보도내,승용,여,66세,상해없음,보행자,남,46세,중상
2022041200100562,2022년 4월 12일 23시,화요일,부산광역시 동래구 온천동,경상사고,0,0,2,0,차량단독 - 공작물충돌,안전운전불이행,건조,맑음,단일로 - 기타,승용,남,65세,상해없음,,,,
2022041200100563,2022년 4월 12일 23시,화요일,부산광역시 사상구 모라동,중상사고,0,1,0,0,차대차 - 기타,신호위반,건조,맑음,단일로 - 터널,승용,여,21세,상해없음,특수,남,45세,중상
2022041200100564,2022년 4월 12일 23시,화요일,부산광역시 강서구 대저2동,경상사고,0,0,1,0,차대차 - 추돌,안전거리미확보,건조,맑음,단일로 - 기타,승용,남,39세,상해없음,승용,여,32세,경상
2022041300100005,2022년 4월 13일 00시,수요일,부산광역시 금정구 장전동,중상사고,0,1,0,0,차대차 - 기타,교차로운행방법위반,건조,맑음,교차로 - 교차로안,원동기,여,21세,상해없음,승용,남,28세,중상
2022041300100053,2022년 4월 13일 07시,수요일,부산광역시 부산진구 개금동,경상사고,0,0,1,0,차대사람 - 횡단중,보행자보호의무위반,건조,맑음,교차로 - 교차로횡단보도내,승용,남,69세,상해없음,보행자,남,34세,경상
2.02204E+15,2022년 4월 13일 08시,수요일,부산광역시 동래구 안락동,중상사고,0,1,0,0,차대사람 - 횡단중,보행자보호의무위반,건조,맑음,교차로 - 교차로안,승용,여,31세,상해없음,보행자,여,66세,중상
2022041300100116,2022년 4월 13일 09시,수요일,부산광역시 수영구 망미동,경상사고,0,0,1,0,차대차 - 측면충돌,신호위반,건조,맑음,교차로 - 교차로안,승용,여,78세,상해없음,승용,남,41세,경상
2022041300100142,2022년 4월 13일 10시,수요일,부산광역시 동래구 온천동,경상사고,0,0,1,0,차대사람 - 횡단중,보행자보호의무위반,건조,맑음,교차로 - 교차로횡단보도내,승용,남,79세,상해없음,보행자,남,81세,경상
2022041300100162,2022년 4월 13일 11시,수요일,부산광역시 기장군 일광읍,경상사고,0,0,1,0,차대사람 - 횡단중,보행자보호의무위반,건조,맑음,교차로 - 교차로횡단보도내,승용,남,67세,상해없음,보행자,여,43세,경상
2022041300100193,2022년 4월 13일 12시,수요일,부산광역시 서구 동대신동1가,중상사고,0,1,0,0,차대사람 - 보도통행중,기타,건조,맑음,단일로 - 기타,이륜,남,60세,기타불명,보행자,남,25세,중상
2022041300100194,2022년 4월 13일 12시,수요일,부산광역시 사하구 장림동,경상사고,0,0,1,0,차대차 - 기타,교차로운행방법위반,건조,맑음,단일로 - 기타,승용,남,44세,상해없음,승용,남,64세,경상
2022041300100221,2022년 4월 13일 13시,수요일,부산광역시 부산진구 부전동,경상사고,0,0,1,0,차대차 - 기타,안전운전불이행,건조,맑음,단일로 - 기타,화물,남,52세,상해없음,이륜,남,35세,경상
2022041300100268,2022년 4월 13일 15시,수요일,부산광역시 중구 부평동2가,중상사고,0,1,0,0,차대사람 - 차도통행중,안전운전불이행,건조,맑음,단일로 - 기타,승용,남,35세,상해없음,보행자,여,65세,중상
2022041300100269,2022년 4월 13일 15시,수요일,부산광역시 동래구 수안동,경상사고,0,0,1,0,차량단독 - 기타,안전운전불이행,건조,맑음,단일로 - 기타,승합,남,57세,상해없음,,,,
2022041300100306,2022년 4월 13일 16시,수요일,부산광역시 북구 덕천동,중상사고,0,1,1,0,차대차 - 추돌,안전운전불이행,건조,맑음,단일로 - 기타,승용,남,50세,상해없음,승용,여,52세,경상
2022041300100307,2022년 4월 13일 16시,수요일,부산광역시 사하구 신평동,중상사고,0,1,0,0,차대차 - 측면충돌,신호위반,건조,맑음,교차로 - 교차로안,승용,남,58세,상해없음,승용,남,67세,중상
2022041300100308,2022년 4월 13일 16시,수요일,부산광역시 사하구 장림동,중상사고,0,1,0,0,차대차 - 기타,신호위반,건조,맑음,교차로 - 교차로횡단보도내,특수,남,62세,상해없음,자전거,여,62세,중상
2022041300100341,2022년 4월 13일 17시,수요일,부산광역시 금정구 금사동,경상사고,0,0,1,0,차대사람 - 차도통행중,안전운전불이행,건조,맑음,교차로 - 교차로안,승용,여,29세,상해없음,보행자,남,27세,경상
2022041300100384,2022년 4월 13일 18시,수요일,부산광역시 동구 수정동,경상사고,0,0,1,0,차대사람 - 보도통행중,기타,건조,맑음,단일로 - 지하차도(도로)내,화물,남,41세,상해없음,보행자,남,49세,경상
2022041300100385,2022년 4월 13일 18시,수요일,부산광역시 금정구 구서동,중상사고,0,1,0,0,차대차 - 기타,안전운전불이행,건조,맑음,단일로 - 기타,이륜,남,41세,상해없음,승합,남,47세,상해없음
2022041300100386,2022년 4월 13일 18시,수요일,부산광역시 강서구 대저1동,사망사고,1,0,0,0,차량단독 - 공작물충돌,안전운전불이행,건조,맑음,단일로 - 기타,화물,남,68세,사망,,,,
2022041300100429,2022년 4월 13일 19시,수요일,부산광역시 동래구 사직동,경상사고,0,0,1,0,차대사람 - 차도통행중,안전운전불이행,건조,맑음,단일로 - 기타,승용,남,53세,상해없음,보행자,여,7세,경상
2.02204E+15,2022년 4월 13일 19시,수요일,부산광역시 부산진구 부전동,부상신고사고,0,0,0,1,차대차 - 추돌,안전거리미확보,건조,맑음,단일로 - 기타,화물,남,40세,상해없음,승용,남,62세,부상신고
2022041300100431,2022년 4월 13일 19시,수요일,부산광역시 연제구 연산동,중상사고,0,1,0,0,차대차 - 기타,신호위반,건조,맑음,교차로 - 교차로안,승용,남,70세,상해없음,이륜,남,24세,중상
2022041300100457,2022년 4월 13일 20시,수요일,부산광역시 동구 수정동,경상사고,0,0,1,0,차대차 - 추돌,안전운전불이행,건조,맑음,단일로 - 지하차도(도로)내,승용,남,29세,상해없음,승용,여,39세,경상
2022041300100458,2022년 4월 13일 20시,수요일,부산광역시 부산진구 전포동,경상사고,0,0,1,0,차대차 - 측면충돌,기타,건조,맑음,교차로 - 교차로안,승용,남,69세,상해없음,이륜,여,26세,경상
2022041300100491,2022년 4월 13일 21시,수요일,부산광역시 남구 문현동,경상사고,0,0,2,0,차대차 - 기타,안전운전불이행,건조,맑음,교차로 - 교차로안,승용,남,59세,경상,이륜,남,26세,경상
2022041300100492,2022년 4월 13일 21시,수요일,부산광역시 사상구 주례동,경상사고,0,0,1,0,차대차 - 추돌,안전운전불이행,건조,맑음,교차로 - 교차로부근,승용,남,37세,상해없음,화물,남,33세,경상
2022041300100531,2022년 4월 13일 22시,수요일,부산광역시 부산진구 가야동,경상사고,0,0,1,0,차대차 - 측면충돌,안전운전불이행,건조,맑음,단일로 - 기타,승용,남,56세,기타불명,승용,남,59세,경상