사고번호,사고일시,요일,시군구,사고내용,사망자수,중상자수,경상자수,부상신고자수,사고유형,법규위반,노면상태,기상상태,도로형태,가해운전자 차종,가해운전자 성별,가해운전자 연령,가해운전자 상해정도,피해운전자 차종,피해운전자 성별,피해운전자 연령,피해운전자 상해정도
2022041300100532,2022년 4월 13일 22시,수요일,부산광역시 부산진구 부전동,중상사고,0,1,0,0,차대사람 - 횡단중,중앙선침범,건조,맑음,단일로 - 기타,승용,남,49세,상해없음,보행자,여,45세,중상
2022041400100055,2022년 4월 14일 07시,목요일,부산광역시 서구 부민동2가,경상사고,0,0,1,0,차대차 - 기타,신호위반,젖음/습기,비,교차로 - 교차로안,승용,여,59세,상해없음,승용,남,70세,경상
2022041400100056,2022년 4월 14일 07시,목요일,부산광역시 사상구 학장동,중상사고,0,1,0,0,차대사람 - 차도통행중,안전운전불이행,건조,맑음,교차로 - 교차로부근,승용,남,63세,상해없음,보행자,여,54세,중상
2022041400100127,2022년 4월 14일 09시,목요일,부산광역시 북구 만덕동,경상사고,0,0,1,0,차대차 - 측면충돌,안전거리미확보,건조,맑음,단일로 - 기타,승용,남,73세,상해없음,승용,남,50세,경상
2022041400100143,2022년 4월 14일 10시,목요일,부산광역시 남구 대연동,경상사고,0,0,1,0,차대차 - 기타,차로위반,건조,맑음,단일로 - 기타,화물,남,63세,상해없음,승용,남,59세,경상
2.02204E+15,2022년 4월 14일 11시,목요일,부산광역시 서구 남부민동,부상신고사고,0,0,0,1,차대차 - 측면충돌,안전운전불이행,건조,맑음,단일로 - 기타,이륜,남,59세,부상신고,화물,남,45세,상해없음
2022041400100202,2022년 4월 14일 12시,목요일,부산광역시 사하구 당리동,경상사고,0,0,2,0,차대차 - 기타,직진우회전진행방해,건조,맑음,교차로 - 교차로안,승용,여,42세,경상,승용,남,57세,경상
2022041400100232,2022년 4월 14일 13시,목요일,부산광역시 남구 용호동,중상사고,0,1,0,0,차대사람 - 길가장자리구역통행중,안전운전불이행,건조,흐림,교차로 - 교차로부근,화물,남,54세,상해없음,보행자,여,81세,중상
2022041400100233,2022년 4월 14일 13시,목요일,부산광역시 남구 용호동,중상사고,0,1,4,0,차대차 - 측면충돌,안전운전불이행,건조,맑음,단일로 - 기타,화물,남,63세,상해없음,승용,여,64세,경상
2022041400100234,2022년 4월 14일 13시,목요일,부산광역시 부산진구 부암동,중상사고,0,1,0,0,차량단독 - 전도전복 - 전도,안전운전불이행,건조,맑음,단일로 - 교량,이륜,남,53세,중상,,,,
2022041400100235,2022년 4월 14일 13시,목요일,부산광역시 부산진구 범전동,경상사고,0,0,1,0,차대차 - 기타,안전운전불이행,건조,맑음,기타 - 기타,승용,여,28세,상해없음,이륜,남,38세,경상
2022041400100236,2022년 4월 14일 13시,목요일,부산광역시 부산진구 초읍동,중상사고,0,1,0,0,차량단독 - 전도전복 - 전도,기타,건조,맑음,기타 - 기타,승합,남,65세,상해없음,,,,
2022041400100273,2022년 4월 14일 14시,목요일,부산광역시 북구 만덕동,경상사고,0,0,1,0,차대차 - 측면충돌,안전거리미확보,건조,맑음,교차로 - 교차로부근,화물,남,61세,상해없음,승용,남,51세,경상
2022041400100298,2022년 4월 14일 15시,목요일,부산광역시 서구 암남동,중상사고,0,3,0,0,차대차 - 추돌,안전거리미확보,건조,맑음,교차로 - 교차로안,승용,남,62세,상해없음,승용,여,52세,중상
2022041400100299,2022년 4월 14일 15시,목요일,부산광역시 남구 대연동,중상사고,0,1,0,0,차대차 - 측면충돌,안전운전불이행,건조,맑음,교차로 - 교차로안,승용,여,32세,상해없음,기타불명,여,80세,중상
2.02204E+15,2022년 4월 14일 15시,목요일,부산광역시 동래구 온천동,경상사고,0,0,1,0,차대차 - 측면충돌,안전거리미확보,건조,맑음,단일로 - 기타,승용,남,72세,상해없음,승용,남,66세,상해없음
2022041400100301,2022년 4월 14일 15시,목요일,부산광역시 부산진구 개금동,경상사고,0,0,1,0,차대차 - 측면충돌,신호위반,건조,맑음,교차로 - 교차로안,승용,여,55세,상해없음,이륜,남,57세,경상
2022041400100332,2022년 4월 14일 16시,목요일,부산광역시 해운대구 우동,경상사고,0,0,3,0,차대차 - 측면충돌,안전거리미확보,건조,맑음,단일로 - 기타,화물,남,51세,상해없음,승용,남,38세,경상
2022041400100333,2022년 4월 14일 16시,목요일,부산광역시 금정구 금사동,경상사고,0,0,1,0,차대차 - 측면충돌,안전거리미확보,건조,맑음,교차로 - 교차로부근,승용,남,42세,상해없음,이륜,남,24세,경상
2022041400100334,2022년 4월 14일 16시,목요일,부산광역시 사상구 감전동,중상사고,0,1,0,0,차대차 - 추돌,안전운전불이행,건조,맑음,교차로 - 교차로부근,화물,남,39세,기타불명,화물,남,67세,중상
2022041400100359,2022년 4월 14일 17시,목요일,부산광역시 동구 초량동,경상사고,0,0,2,0,차대차 - 측면충돌,불법유턴,건조,흐림,단일로 - 기타,승용,남,70세,상해없음,승용,여,35세,경상
2022041400100397,2022년 4월 14일 18시,목요일,부산광역시 해운대구 재송동,경상사고,0,0,1,0,차대차 - 측면충돌,안전운전불이행,건조,맑음,단일로 - 기타,승용,여,46세,상해없음,승용,남,26세,경상
2022041400100429,2022년 4월 14일 19시,목요일,부산광역시 서구 아미동2가,경상사고,0,0,1,0,차대차 - 기타,안전운전불이행,건조,맑음,단일로 - 기타,이륜,남,48세,상해없음,이륜,남,21세,경상
2.02204E+15,2022년 4월 14일 19시,목요일,부산광역시 북구 덕천동,중상사고,0,1,0,0,차대차 - 기타,직진우회전진행방해,건조,맑음,교차로 - 교차로안,승용,여,31세,상해없음,원동기,남,36세,중상
2022041400100431,2022년 4월 14일 19시,목요일,부산광역시 영도구 동삼동,경상사고,0,0,1,0,차대사람 - 차도통행중,안전운전불이행,건조,맑음,단일로 - 기타,승용,남,53세,상해없음,보행자,여,13세,경상
2022041400100432,2022년 4월 14일 19시,목요일,부산광역시 영도구 동삼동,경상사고,0,0,1,0,차대사람 - 보도통행중,안전운전불이행,건조,맑음,단일로 - 기타,기타불명,기타불명,미분류,기타불명,보행자,여,15세,경상
2022041400100433,2022년 4월 14일 19시,목요일,부산광역시 부산진구 부전동,경상사고,0,0,1,0,차대차 - 측면충돌,안전운전불이행,건조,맑음,교차로 - 교차로안,이륜,남,41세,경상,승합,남,59세,상해없음
2022041400100434,2022년 4월 14일 19시,목요일,부산광역시 사상구 덕포동,경상사고,0,0,1,0,차대차 - 측면충돌,안전운전불이행,건조,맑음,단일로 - 기타,승합,남,59세,기타불명,이륜,남,33세,경상
2022041400100461,2022년 4월 14일 20시,목요일,부산광역시 동래구 명륜동,경상사고,0,0,1,0,차대사람 - 기타,보행자보호의무위반,건조,맑음,단일로 - 기타,자전거,여,62세,기타불명,보행자,남,56세,경상
2022041400100462,2022년 4월 14일 20시,목요일,부산광역시 부산진구 전포동,중상사고,0,1,0,0,차대차 - 측면충돌,안전거리미확보,건조,맑음,교차로 - 교차로부근,승용,남,29세,상해없음,승용,여,44세,중상
2022041400100492,2022년 4월 14일 22시,목요일,부산광역시 사하구 괴정동,중상사고,0,1,0,0,차대차 - 추돌,중앙선침범,건조,맑음,단일로 - 기타,승용,남,71세,상해없음,원동기,남,30세,중상
2022041400100508,2022년 4월 14일 23시,목요일,부산광역시 사하구 신평동,경상사고,0,0,3,1,차대차 - 추돌,신호위반,건조,맑음,교차로 - 교차로안,승용,남,27세,경상,승용,남,71세,경상
2022041500100003,2022년 4월 15일 00시,금요일,부산광역시 금정구 부곡동,중상사고,0,1,0,0,차대사람 - 기타,보행자보호의무위반,건조,맑음,단일로 - 기타,화물,남,66세,상해없음,보행자,남,50세,중상
2022041500100004,2022년 4월 15일 00시,금요일,부산광역시 강서구 명지동,경상사고,0,0,1,0,차대차 - 측면충돌,안전운전불이행,건조,맑음,단일로 - 기타,승용,남,40세,상해없음,승용,남,29세,경상
2022041500100022,2022년 4월 15일 04시,금요일,부산광역시 북구 덕천동,중상사고,0,1,0,0,차대사람 - 기타,안전운전불이행,건조,맑음,단일로 - 기타,승용,남,64세,상해없음,보행자,여,81세,중상
2022041500100026,2022년 4월 15일 05시,금요일,부산광역시 강서구 죽동동,중상사고,0,1,0,0,차대차 - 측면충돌,신호위반,건조,맑음,교차로 - 교차로안,승용,여,48세,상해없음,승용,남,38세,중상
2022041500100035,2022년 4월 15일 06시,금요일,부산광역시 중구 중앙동4가,경상사고,0,0,3,0,차대차 - 측면충돌,안전운전불이행,건조,맑음,교차로 - 교차로부근,승용,남,75세,상해없음,승용,남,39세,상해없음
2.02204E+15,2022년 4월 15일 07시,금요일,부산광역시 해운대구 반여동,경상사고,0,0,1,0,차대사람 - 횡단중,안전운전불이행,건조,맑음,교차로 - 교차로안,승용,남,68세,상해없음,보행자,남,68세,경상
2022041500100051,2022년 4월 15일 07시,금요일,부산광역시 사하구 다대동,경상사고,0,0,1,0,차대차 - 기타,안전운전불이행,건조,맑음,단일로 - 기타,승용,여,54세,상해없음,이륜,남,50세,경상
2022041500100076,2022년 4월 15일 08시,금요일,부산광역시 연제구 연산동,경상사고,0,0,1,0,차대차 - 추돌,안전거리미확보,건조,맑음,단일로 - 기타,승용,남,34세,상해없음,승용,남,51세,경상
2022041500100127,2022년 4월 15일 09시,금요일,부산광역시 동래구 낙민동,경상사고,0,0,1,0,차대차 - 후진중충돌,불법유턴,건조,맑음,단일로 - 기타,화물,남,52세,상해없음,승용,남,36세,경상
2022041500100159,2022년 4월 15일 10시,금요일,부산광역시 서구 동대신동3가,경상사고,0,0,2,0,차대차 - 측면충돌,차로위반,건조,맑음,교차로 - 교차로부근,승합,남,47세,상해없음,승용,남,59세,경상
2.02204E+15,2022년 4월 15일 10시,금요일,부산광역시 영도구 대교동1가,중상사고,0,1,0,0,차대차 - 측면충돌,직진우회전진행방해,건조,맑음,교차로 - 교차로안,승용,남,76세,상해없음,이륜,남,23세,중상
2022041500100187,2022년 4월 15일 11시,금요일,부산광역시 중구 부평동2가,경상사고,0,0,1,0,차대차 - 기타,안전운전불이행,건조,맑음,단일로 - 기타,화물,남,51세,상해없음,화물,남,49세,기타불명
2022041500100188,2022년 4월 15일 11시,금요일,부산광역시 서구 토성동5가,중상사고,0,1,0,0,차대사람 - 횡단중,안전운전불이행,건조,맑음,교차로 - 교차로횡단보도내,화물,남,62세,상해없음,보행자,여,73세,중상
2022041500100215,2022년 4월 15일 12시,금요일,부산광역시 금정구 부곡동,경상사고,0,0,1,0,차대사람 - 기타,안전운전불이행,건조,맑음,기타 - 기타,승용,여,52세,상해없음,보행자,남,67세,경상
2022041500100216,2022년 4월 15일 12시,금요일,부산광역시 사하구 장림동,중상사고,0,2,0,0,차대차 - 측면충돌,중앙선침범,건조,맑음,단일로 - 기타,승용,남,46세,상해없음,이륜,남,69세,중상
2022041500100217,2022년 4월 15일 12시,금요일,부산광역시 사상구 모라동,경상사고,0,0,1,0,차대차 - 기타,안전운전불이행,건조,맑음,단일로 - 기타,특수,남,52세,상해없음,승용,여,51세,경상
2022041500100247,2022년 4월 15일 13시,금요일,부산광역시 연제구 연산동,경상사고,0,0,1,0,차대차 - 추돌,안전거리미확보,건조,맑음,단일로 - 기타,승용,남,74세,상해없음,이륜,남,40세,경상
2022041500100248,2022년 4월 15일 13시,금요일,부산광역시 기장군 정관읍,경상사고,0,0,1,0,차대차 - 측면충돌,안전운전불이행,건조,맑음,교차로 - 교차로안,승용,남,59세,기타불명,승용,여,40세,경상
2022041500100316,2022년 4월 15일 15시,금요일,부산광역시 남구 용호동,경상사고,0,0,1,0,차대사람 - 횡단중,안전운전불이행,건조,맑음,단일로 - 기타,화물,남,21세,상해없음,보행자,여,76세,경상
2022041500100317,2022년 4월 15일 15시,금요일,부산광역시 부산진구 전포동,경상사고,0,0,1,0,차대차 - 기타,안전거리미확보,건조,기타,교차로 - 교차로안,승용,남,59세,상해없음,승용,남,30세,경상
2022041500100318,2022년 4월 15일 15시,금요일,부산광역시 기장군 기장읍,경상사고,0,0,2,0,차대차 - 추돌,안전운전불이행,건조,맑음,단일로 - 기타,화물,남,39세,상해없음,승용,남,27세,상해없음
2022041500100356,2022년 4월 15일 16시,금요일,부산광역시 사상구 모라동,중상사고,0,1,3,0,차대차 - 추돌,안전운전불이행,건조,맑음,단일로 - 터널,승합,남,63세,상해없음,승용,남,44세,중상
2022041500100357,2022년 4월 15일 16시,금요일,부산광역시 부산진구 개금동,경상사고,0,0,1,0,차대차 - 추돌,안전운전불이행,건조,맑음,교차로 - 교차로부근,승용,남,64세,상해없음,승용,남,26세,경상
2022041500100358,2022년 4월 15일 16시,금요일,부산광역시 금정구 부곡동,경상사고,0,0,2,0,차대차 - 추돌,안전운전불이행,건조,맑음,단일로 - 터널,승용,남,49세,상해없음,승용,남,63세,경상
2022041500100359,2022년 4월 15일 16시,금요일,부산광역시 강서구 명지동,경상사고,0,0,1,0,차대차 - 측면충돌,안전운전불이행,건조,맑음,교차로 - 교차로횡단보도내,개인형이동수단(PM),여,16세,경상,승용,남,32세,상해없음
2.02204E+15,2022년 4월 15일 16시,금요일,부산광역시 강서구 강동동,경상사고,0,0,1,0,차대차 - 측면충돌,안전운전불이행,건조,맑음,단일로 - 기타,승용,남,76세,상해없음,화물,남,38세,경상
2022041500100361,2022년 4월 15일 16시,금요일,부산광역시 기장군 기장읍,경상사고,0,0,1,0,차대사람 - 횡단중,보행자보호의무위반,건조,맑음,단일로 - 기타,승용,여,58세,기타불명,보행자,여,62세,경상
2022041500100399,2022년 4월 15일 17시,금요일,부산광역시 부산진구 범천동,경상사고,0,0,1,0,차대사람 - 기타,안전운전불이행,건조,맑음,교차로 - 교차로부근,화물,남,51세,상해없음,보행자,남,59세,경상
2.02204E+15,2022년 4월 15일 17시,금요일,부산광역시 사하구 하단동,경상사고,0,0,1,0,차대사람 - 기타,보행자보호의무위반,건조,맑음,단일로 - 기타,이륜,남,18세,상해없음,보행자,여,41세,경상
2022041500100451,2022년 4월 15일 18시,금요일,부산광역시 서구 서대신동3가,경상사고,0,0,2,0,차대차 - 측면충돌,직진우회전진행방해,건조,맑음,교차로 - 교차로안,이륜,남,19세,경상,승용,남,47세,경상
2022041500100452,2022년 4월 15일 18시,금요일,부산광역시 해운대구 재송동,경상사고,0,0,1,0,차대차 - 측면충돌,안전운전불이행,건조,맑음,단일로 - 지하차도(도로)내,화물,남,76세,상해없음,승용,남,44세,경상
2022041500100453,2022년 4월 15일 18시,금요일,부산광역시 수영구 광안동,중상사고,0,1,0,0,차대차 - 측면충돌,신호위반,건조,맑음,교차로 - 교차로안,승용,여,52세,기타불명,이륜,남,30세,중상
2022041500100503,2022년 4월 15일 19시,금요일,부산광역시 서구 서대신동1가,경상사고,0,0,1,0,차대차 - 측면충돌,안전운전불이행,건조,맑음,단일로 - 기타,원동기,남,23세,상해없음,원동기,남,32세,경상
2022041500100504,2022년 4월 15일 19시,금요일,부산광역시 부산진구 부전동,경상사고,0,0,1,0,차대차 - 측면충돌,교차로운행방법위반,건조,맑음,단일로 - 기타,승용,남,37세,상해없음,승합,남,51세,경상
2022041500100505,2022년 4월 15일 19시,금요일,부산광역시 사하구 다대동,중상사고,0,1,1,0,차대차 - 기타,신호위반,건조,맑음,교차로 - 교차로부근,승용,남,58세,경상,이륜,남,28세,중상
2022041500100576,2022년 4월 15일 21시,금요일,부산광역시 기장군 정관읍,경상사고,0,0,1,0,차대차 - 측면충돌,안전운전불이행,건조,맑음,교차로 - 교차로안,승용,여,72세,상해없음,이륜,남,22세,경상
2022041500100638,2022년 4월 15일 23시,금요일,부산광역시 사하구 하단동,중상사고,0,1,0,0,차대차 - 기타,안전운전불이행,건조,맑음,단일로 - 기타,승용,남,22세,상해없음,이륜,남,53세,중상
2022041600100038,2022년 4월 16일 02시,토요일,부산광역시 수영구 광안동,경상사고,0,0,1,0,차대차 - 기타,교차로운행방법위반,건조,맑음,교차로 - 교차로안,승용,남,56세,상해없음,기타불명,기타불명,미분류,기타불명
2022041600100045,2022년 4월 16일 04시,토요일,부산광역시 해운대구 중동,사망사고,1,0,0,0,차대사람 - 횡단중,안전운전불이행,건조,맑음,단일로 - 기타,승용,남,42세,상해없음,보행자,여,73세,사망
2022041600100048,2022년 4월 16일 05시,토요일,부산광역시 사하구 감천동,중상사고,0,1,0,0,차대차 - 측면충돌,신호위반,건조,맑음,교차로 - 교차로안,승용,남,54세,상해없음,승용,남,62세,중상
2022041600100049,2022년 4월 16일 05시,토요일,부산광역시 기장군 일광읍,경상사고,0,0,1,0,차대차 - 기타,안전운전불이행,건조,맑음,교차로 - 교차로부근,승용,남,62세,상해없음,화물,남,37세,경상
2022041600100054,2022년 4월 16일 06시,토요일,부산광역시 동래구 사직동,경상사고,0,0,1,0,차대차 - 측면충돌,안전운전불이행,건조,맑음,단일로 - 기타,화물,남,67세,상해없음,승용,여,25세,경상
2022041600100055,2022년 4월 16일 06시,토요일,부산광역시 부산진구 양정동,경상사고,0,0,1,0,차대차 - 측면충돌,중앙선침범,건조,맑음,단일로 - 기타,승용,남,50세,상해없음,승용,남,57세,경상
2022041600100086,2022년 4월 16일 09시,토요일,부산광역시 해운대구 우동,경상사고,0,0,1,0,차대차 - 기타,신호위반,건조,맑음,단일로 - 기타,승용,여,23세,상해없음,승용,여,35세,경상
2022041600100125,2022년 4월 16일 10시,토요일,부산광역시 부산진구 전포동,경상사고,0,0,1,0,차대차 - 정면충돌,중앙선침범,건조,맑음,단일로 - 기타,이륜,남,74세,경상,승용,남,42세,상해없음
2022041600100126,2022년 4월 16일 10시,토요일,부산광역시 사상구 학장동,중상사고,0,1,0,0,차대사람 - 차도통행중,안전운전불이행,건조,맑음,단일로 - 기타,승용,여,59세,기타불명,보행자,남,42세,중상
2022041600100164,2022년 4월 16일 11시,토요일,부산광역시 서구 토성동5가,경상사고,0,0,1,0,차대차 - 기타,신호위반,건조,맑음,교차로 - 교차로안,화물,남,57세,상해없음,자전거,여,68세,경상
2022041600100165,2022년 4월 16일 11시,토요일,부산광역시 사하구 신평동,경상사고,0,0,1,0,차대차 - 기타,교차로운행방법위반,건조,맑음,교차로 - 교차로안,승용,남,41세,상해없음,화물,남,31세,경상
2022041600100206,2022년 4월 16일 12시,토요일,부산광역시 해운대구 중동,경상사고,0,0,1,0,차대사람 - 횡단중,보행자보호의무위반,건조,맑음,단일로 - 기타,승용,남,43세,상해없음,보행자,여,42세,경상
2022041600100249,2022년 4월 16일 13시,토요일,부산광역시 수영구 광안동,경상사고,0,0,1,0,차대차 - 측면충돌,중앙선침범,건조,맑음,단일로 - 기타,승용,남,40세,상해없음,이륜,남,21세,경상
2.02204E+15,2022년 4월 16일 13시,토요일,부산광역시 부산진구 가야동,경상사고,0,0,1,0,차대차 - 측면충돌,불법유턴,건조,맑음,단일로 - 기타,승용,남,48세,상해없음,이륜,남,26세,경상
2022041600100251,2022년 4월 16일 13시,토요일,부산광역시 금정구 부곡동,경상사고,0,0,1,0,차대사람 - 횡단중,신호위반,건조,맑음,단일로 - 기타,승용,남,65세,상해없음,보행자,남,33세,경상
2022041600100252,2022년 4월 16일 13시,토요일,부산광역시 연제구 거제동,경상사고,0,0,7,0,차대차 - 기타,안전거리미확보,건조,맑음,교차로 - 교차로부근,승용,남,36세,상해없음,승합,남,33세,경상
2022041600100301,2022년 4월 16일 14시,토요일,부산광역시 동구 초량동,경상사고,0,0,6,1,차대차 - 기타,안전운전불이행,건조,맑음,단일로 - 기타,승용,남,60세,상해없음,승용,남,73세,부상신고
2022041600100302,2022년 4월 16일 14시,토요일,부산광역시 남구 대연동,경상사고,0,0,1,0,차대차 - 추돌,안전운전불이행,건조,맑음,단일로 - 기타,승용,남,60세,상해없음,승용,남,62세,경상
2022041600100303,2022년 4월 16일 14시,토요일,부산광역시 북구 화명동,부상신고사고,0,0,0,2,차대차 - 측면충돌,안전운전불이행,건조,맑음,단일로 - 기타,승용,남,41세,부상신고,승용,여,50세,부상신고
2022041600100304,2022년 4월 16일 14시,토요일,부산광역시 부산진구 부암동,중상사고,0,1,0,0,차대차 - 측면충돌,안전운전불이행,건조,맑음,단일로 - 기타,승용,남,40세,기타불명,자전거,남,65세,중상
2022041600100305,2022년 4월 16일 14시,토요일,부산광역시 연제구 연산동,경상사고,0,0,2,0,차대차 - 기타,교차로운행방법위반,건조,맑음,교차로 - 교차로안,이륜,남,26세,상해없음,승용,남,56세,경상
2022041600100306,2022년 4월 16일 14시,토요일,부산광역시 강서구 신호동,경상사고,0,0,1,0,차대차 - 측면충돌,안전운전불이행,건조,맑음,단일로 - 기타,화물,남,69세,상해없음,자전거,여,27세,경상
2022041600100345,2022년 4월 16일 15시,토요일,부산광역시 동구 초량동,경상사고,0,0,1,0,차대사람 - 횡단중,보행자보호의무위반,건조,맑음,교차로 - 교차로부근,승용,남,67세,상해없음,보행자,남,24세,경상
2022041600100346,2022년 4월 16일 15시,토요일,부산광역시 동구 초량동,부상신고사고,0,0,0,1,차대사람 - 기타,안전운전불이행,건조,맑음,단일로 - 기타,승용,남,35세,상해없음,보행자,남,28세,부상신고
2022041600100347,2022년 4월 16일 15시,토요일,부산광역시 서구 부용동1가,경상사고,0,0,1,0,차대차 - 기타,신호위반,건조,맑음,교차로 - 교차로안,승용,남,37세,상해없음,승용,남,59세,상해없음
2022041600100348,2022년 4월 16일 15시,토요일,부산광역시 해운대구 좌동,경상사고,0,0,1,0,차대차 - 측면충돌,신호위반,건조,맑음,교차로 - 교차로안,승용,여,39세,상해없음,자전거,남,42세,경상
2022041600100349,2022년 4월 16일 15시,토요일,부산광역시 강서구 범방동,경상사고,0,0,2,0,차대차 - 정면충돌,중앙선침범,건조,맑음,단일로 - 지하차도(도로)내,승용,남,59세,상해없음,화물,남,36세,경상
2022041600100391,2022년 4월 16일 16시,토요일,부산광역시 북구 화명동,경상사고,0,0,2,0,차대사람 - 기타,안전운전불이행,건조,맑음,교차로 - 교차로안,화물,남,54세,상해없음,보행자,여,49세,경상
2022041600100392,2022년 4월 16일 16시,토요일,부산광역시 해운대구 우동,경상사고,0,0,1,0,차대차 - 추돌,안전운전불이행,건조,맑음,단일로 - 기타,승용,남,44세,상해없음,이륜,남,30세,경상
2022041600100393,2022년 4월 16일 16시,토요일,부산광역시 부산진구 당감동,경상사고,0,0,4,0,차대차 - 추돌,안전운전불이행,건조,맑음,단일로 - 기타,승용,남,66세,상해없음,승합,남,29세,경상
2022041600100394,2022년 4월 16일 16시,토요일,부산광역시 금정구 구서동,경상사고,0,0,2,0,차대차 - 추돌,안전운전불이행,건조,맑음,교차로 - 교차로부근,승용,남,41세,상해없음,승용,여,49세,경상
2022041600100395,2022년 4월 16일 16시,토요일,부산광역시 기장군 기장읍,경상사고,0,0,1,0,차대차 - 기타,중앙선침범,건조,맑음,단일로 - 기타,승용,남,23세,상해없음,승용,여,69세,경상
2022041600100441,2022년 4월 16일 17시,토요일,부산광역시 동래구 명륜동,중상사고,0,1,0,0,차대차 - 측면충돌,안전운전불이행,건조,맑음,교차로 - 교차로안,승용,여,47세,상해없음,이륜,남,32세,중상
2022041600100442,2022년 4월 16일 17시,토요일,부산광역시 해운대구 반여동,경상사고,0,0,1,0,차대사람 - 횡단중,신호위반,건조,맑음,단일로 - 지하차도(도로)내,자전거,남,14세,상해없음,보행자,여,69세,경상
2022041600100443,2022년 4월 16일 17시,토요일,부산광역시 해운대구 중동,경상사고,0,0,5,0,차대차 - 측면충돌,교차로운행방법위반,건조,맑음,교차로 - 교차로안,승용,여,53세,경상,승용,여,34세,경상
2022041600100444,2022년 4월 16일 17시,토요일,부산광역시 부산진구 개금동,경상사고,0,0,1,0,차대차 - 기타,안전운전불이행,건조,맑음,기타 - 기타,이륜,남,24세,상해없음,이륜,여,24세,경상
2022041600100488,2022년 4월 16일 18시,토요일,부산광역시 수영구 광안동,경상사고,0,0,2,0,차대사람 - 보도통행중,기타,건조,맑음,기타 - 기타,승용,여,43세,상해없음,보행자,남,78세,경상
2022041600100521,2022년 4월 16일 19시,토요일,부산광역시 중구 영주동,경상사고,0,0,1,0,차대차 - 정면충돌,중앙선침범,건조,맑음,기타 - 기타,승용,남,51세,상해없음,승용,남,69세,경상
2022041600100522,2022년 4월 16일 19시,토요일,부산광역시 동래구 온천동,중상사고,0,1,0,0,차대사람 - 횡단중,안전운전불이행,건조,맑음,단일로 - 기타,승용,남,60세,상해없음,보행자,남,87세,중상
2022041600100523,2022년 4월 16일 19시,토요일,부산광역시 연제구 거제동,경상사고,0,0,1,0,차량단독 - 기타,안전운전불이행,건조,맑음,단일로 - 기타,이륜,남,55세,경상,,,,
2022041600100548,2022년 4월 16일 20시,토요일,부산광역시 동래구 온천동,중상사고,0,1,0,0,차대차 - 추돌,안전운전불이행,건조,맑음,단일로 - 기타,원동기,남,18세,상해없음,승용,남,53세,상해없음
2022041600100549,2022년 4월 16일 20시,토요일,부산광역시 사상구 감전동,경상사고,0,0,1,0,차대사람 - 보도통행중,보행자보호의무위반,건조,맑음,단일로 - 기타,승용,여,34세,상해없음,보행자,여,61세,경상
2022041600100575,2022년 4월 16일 21시,토요일,부산광역시 연제구 거제동,중상사고,0,5,0,0,차대차 - 측면충돌,신호위반,건조,맑음,교차로 - 교차로안,승용,남,60세,중상,승용,남,52세,중상
2022041700100004,2022년 4월 17일 00시,일요일,부산광역시 사하구 하단동,경상사고,0,0,3,0,차대차 - 추돌,안전운전불이행,건조,맑음,단일로 - 기타,승용,남,33세,상해없음,승용,남,62세,경상
2022041700100005,2022년 4월 17일 00시,일요일,부산광역시 사상구 감전동,경상사고,0,0,1,0,차대차 - 추돌,안전운전불이행,건조,기타,교차로 - 교차로부근,승용,남,26세,상해없음,승용,남,51세,경상
2022041700100031,2022년 4월 17일 01시,일요일,부산광역시 북구 덕천동,경상사고,0,0,1,0,차대차 - 기타,중앙선침범,건조,맑음,교차로 - 교차로안,이륜,남,47세,경상,승용,남,55세,상해없음
2022041700100032,2022년 4월 17일 01시,일요일,부산광역시 금정구 남산동,중상사고,0,1,1,0,차대차 - 측면충돌,안전운전불이행,건조,맑음,단일로 - 기타,승용,남,70세,경상,이륜,남,34세,중상
2.02204E+15,2022년 4월 17일 06시,일요일,부산광역시 해운대구 송정동,경상사고,0,0,1,0,차대차 - 측면충돌,안전운전불이행,건조,맑음,단일로 - 기타,승용,남,51세,상해없음,자전거,남,42세,경상
2022041700100113,2022년 4월 17일 10시,일요일,부산광역시 부산진구 가야동,경상사고,0,0,1,0,차대차 - 기타,교차로운행방법위반,건조,맑음,교차로 - 교차로안,승용,남,68세,상해없음,이륜,남,75세,경상
2022041700100114,2022년 4월 17일 10시,일요일,부산광역시 부산진구 양정동,경상사고,0,0,1,0,차대차 - 측면충돌,안전거리미확보,건조,맑음,교차로 - 교차로부근,승용,남,49세,상해없음,승용,여,46세,경상
2022041700100115,2022년 4월 17일 10시,일요일,부산광역시 사하구 하단동,경상사고,0,0,1,0,차대차 - 측면충돌,안전운전불이행,건조,맑음,단일로 - 교량,건설기계,남,63세,기타불명,승용,여,20세,경상
2022041700100163,2022년 4월 17일 12시,일요일,부산광역시 부산진구 부전동,중상사고,0,1,0,0,차대차 - 측면충돌,기타,건조,맑음,교차로 - 교차로안,이륜,남,25세,중상,승용,남,31세,상해없음
2022041700100164,2022년 4월 17일 12시,일요일,부산광역시 금정구 부곡동,경상사고,0,0,1,0,차대사람 - 기타,교차로운행방법위반,건조,맑음,교차로 - 교차로부근,이륜,남,41세,상해없음,보행자,여,67세,경상