사고번호,사고일시,요일,시군구,사고내용,사망자수,중상자수,경상자수,부상신고자수,사고유형,법규위반,노면상태,기상상태,도로형태,가해운전자 차종,가해운전자 성별,가해운전자 연령,가해운전자 상해정도,피해운전자 차종,피해운전자 성별,피해운전자 연령,피해운전자 상해정도
2022042000100541,2022년 4월 20일 20시,수요일,부산광역시 해운대구 재송동,중상사고,0,1,0,0,차대차 - 기타,신호위반,건조,맑음,교차로 - 교차로안,승용,남,31세,상해없음,이륜,남,32세,중상
2022042000100542,2022년 4월 20일 20시,수요일,부산광역시 부산진구 전포동,중상사고,0,1,0,0,차대차 - 기타,안전거리미확보,건조,맑음,교차로 - 교차로안,화물,남,49세,상해없음,승용,여,52세,중상
2022042000100589,2022년 4월 20일 22시,수요일,부산광역시 동구 범일동,중상사고,0,1,0,0,차대사람 - 기타,안전운전불이행,건조,맑음,단일로 - 기타,승용,여,53세,상해없음,보행자,남,50세,중상
2022042100100006,2022년 4월 21일 00시,목요일,부산광역시 부산진구 부전동,경상사고,0,0,3,1,차대차 - 추돌,안전운전불이행,건조,맑음,단일로 - 기타,승용,남,50세,상해없음,승용,남,66세,부상신고
2022042100100039,2022년 4월 21일 06시,목요일,부산광역시 사하구 신평동,경상사고,0,0,1,0,차대차 - 추돌,안전운전불이행,건조,맑음,교차로 - 교차로부근,승용,남,43세,상해없음,승용,남,44세,경상
2022042100100051,2022년 4월 21일 07시,목요일,부산광역시 강서구 화전동,중상사고,0,1,2,0,차대차 - 측면충돌,신호위반,건조,맑음,교차로 - 교차로안,승용,남,21세,중상,승용,남,45세,경상
2022042100100071,2022년 4월 21일 08시,목요일,부산광역시 남구 용호동,중상사고,0,1,0,0,차대사람 - 기타,안전운전불이행,건조,맑음,교차로 - 교차로안,승합,남,61세,상해없음,보행자,여,13세,중상
2022042100100072,2022년 4월 21일 08시,목요일,부산광역시 부산진구 가야동,경상사고,0,0,1,0,차대사람 - 횡단중,보행자보호의무위반,건조,맑음,단일로 - 기타,화물,남,43세,상해없음,보행자,여,66세,경상
2022042100100115,2022년 4월 21일 09시,목요일,부산광역시 동구 좌천동,경상사고,0,0,1,0,차대차 - 기타,차로위반,건조,맑음,단일로 - 고가도로위,특수,남,46세,상해없음,승용,여,37세,경상
2022042100100116,2022년 4월 21일 09시,목요일,부산광역시 수영구 광안동,경상사고,0,0,1,0,차대사람 - 기타,안전운전불이행,건조,맑음,단일로 - 기타,승합,여,53세,상해없음,보행자,남,48세,경상
2022042100100117,2022년 4월 21일 09시,목요일,부산광역시 부산진구 양정동,경상사고,0,0,1,0,차대차 - 측면충돌,중앙선침범,건조,맑음,기타 - 기타,승용,남,47세,상해없음,이륜,남,48세,경상
2022042100100118,2022년 4월 21일 09시,목요일,부산광역시 사상구 감전동,중상사고,0,1,0,0,차대사람 - 기타,안전운전불이행,건조,맑음,단일로 - 기타,승용,남,67세,상해없음,보행자,여,30세,중상
2022042100100144,2022년 4월 21일 10시,목요일,부산광역시 남구 대연동,중상사고,0,1,0,0,차대차 - 추돌,안전거리미확보,건조,맑음,단일로 - 기타,승용,여,30세,상해없음,이륜,남,48세,중상
2022042100100145,2022년 4월 21일 10시,목요일,부산광역시 해운대구 반여동,중상사고,0,1,0,0,차대사람 - 기타,안전운전불이행,건조,맑음,단일로 - 기타,승용,남,72세,상해없음,보행자,여,39세,중상
2022042100100171,2022년 4월 21일 11시,목요일,부산광역시 수영구 민락동,경상사고,0,0,1,0,차대차 - 기타,교차로운행방법위반,건조,맑음,교차로 - 교차로안,승용,여,56세,상해없음,이륜,남,52세,경상
2022042100100173,2022년 4월 21일 11시,목요일,부산광역시 해운대구 우동,중상사고,0,3,0,0,차대차 - 추돌,기타,건조,맑음,단일로 - 기타,승용,남,67세,중상,특수,남,67세,상해없음
2022042100100174,2022년 4월 21일 11시,목요일,부산광역시 부산진구 전포동,경상사고,0,0,1,0,차대사람 - 차도통행중,안전운전불이행,건조,맑음,단일로 - 기타,이륜,여,24세,상해없음,보행자,남,66세,경상
2022042100100176,2022년 4월 21일 11시,목요일,부산광역시 사하구 신평동,경상사고,0,0,1,0,차대사람 - 기타,안전운전불이행,건조,맑음,교차로 - 교차로안,승용,남,64세,상해없음,보행자,남,89세,경상
2022042100100204,2022년 4월 21일 12시,목요일,부산광역시 북구 구포동,경상사고,0,0,1,0,차대사람 - 차도통행중,안전운전불이행,건조,맑음,교차로 - 교차로안,승용,남,68세,상해없음,보행자,남,48세,경상
2022042100100205,2022년 4월 21일 12시,목요일,부산광역시 부산진구 범천동,경상사고,0,0,1,0,차대사람 - 기타,안전운전불이행,젖음/습기,비,단일로 - 기타,화물,남,65세,상해없음,보행자,남,31세,경상
2022042100100252,2022년 4월 21일 14시,목요일,부산광역시 사상구 주례동,경상사고,0,0,1,0,차대차 - 측면충돌,안전거리미확보,젖음/습기,비,단일로 - 기타,승용,여,39세,상해없음,화물,남,27세,경상
2.02204E+15,2022년 4월 21일 15시,목요일,부산광역시 수영구 광안동,경상사고,0,0,1,0,차대차 - 측면충돌,안전거리미확보,젖음/습기,비,교차로 - 교차로부근,승합,남,52세,상해없음,이륜,남,35세,경상
2022042100100281,2022년 4월 21일 15시,목요일,부산광역시 부산진구 부전동,경상사고,0,0,1,0,차대사람 - 길가장자리구역통행중,안전운전불이행,젖음/습기,비,단일로 - 기타,승용,남,69세,상해없음,보행자,남,34세,경상
2.02204E+15,2022년 4월 21일 16시,목요일,부산광역시 동구 초량동,중상사고,0,1,3,0,차대차 - 측면충돌,신호위반,건조,맑음,교차로 - 교차로안,승용,남,47세,경상,승용,남,34세,경상
2022042100100357,2022년 4월 21일 17시,목요일,부산광역시 금정구 서동,경상사고,0,0,1,0,차대차 - 기타,직진우회전진행방해,건조,맑음,교차로 - 교차로안,승용,남,64세,상해없음,원동기,남,35세,경상
2022042100100358,2022년 4월 21일 17시,목요일,부산광역시 사하구 당리동,경상사고,0,0,1,0,차대차 - 기타,기타,젖음/습기,비,단일로 - 기타,승용,남,74세,상해없음,승용,여,39세,경상
2022042100100397,2022년 4월 21일 18시,목요일,부산광역시 동래구 사직동,경상사고,0,0,1,0,차대사람 - 횡단중,안전운전불이행,건조,맑음,단일로 - 기타,승용,남,35세,상해없음,보행자,여,9세,경상
2022042100100398,2022년 4월 21일 18시,목요일,부산광역시 동래구 사직동,경상사고,0,0,1,0,차대차 - 기타,안전운전불이행,젖음/습기,비,교차로 - 교차로안,승용,남,50세,상해없음,이륜,남,52세,경상
2022042100100399,2022년 4월 21일 18시,목요일,부산광역시 사하구 당리동,경상사고,0,0,1,0,차대차 - 기타,안전운전불이행,건조,맑음,단일로 - 지하차도(도로)내,화물,남,48세,상해없음,승용,남,42세,경상
2.02204E+15,2022년 4월 21일 18시,목요일,부산광역시 사하구 신평동,경상사고,0,0,1,0,차대차 - 추돌,안전운전불이행,건조,맑음,교차로 - 교차로부근,승용,남,74세,상해없음,승용,여,30세,경상
2022042100100439,2022년 4월 21일 19시,목요일,부산광역시 동구 좌천동,경상사고,0,0,1,0,차대차 - 측면충돌,안전운전불이행,건조,맑음,교차로 - 교차로부근,승용,여,38세,상해없음,건설기계,남,32세,경상
2.02204E+15,2022년 4월 21일 19시,목요일,부산광역시 영도구 동삼동,경상사고,0,0,3,0,차대차 - 측면충돌,교차로운행방법위반,건조,맑음,교차로 - 교차로안,이륜,남,56세,상해없음,승용,남,48세,경상
2022042100100463,2022년 4월 21일 20시,목요일,부산광역시 연제구 연산동,경상사고,0,0,1,0,차대차 - 측면충돌,안전운전불이행,기타,흐림,교차로 - 교차로안,승용,남,75세,상해없음,이륜,남,53세,경상
2.02204E+15,2022년 4월 21일 21시,목요일,부산광역시 수영구 수영동,경상사고,0,0,2,0,차대차 - 측면충돌,안전운전불이행,건조,맑음,교차로 - 교차로부근,승용,여,40세,경상,승용,남,61세,상해없음
2022042100100501,2022년 4월 21일 21시,목요일,부산광역시 강서구 대저1동,사망사고,1,0,0,0,차대사람 - 차도통행중,안전운전불이행,건조,맑음,단일로 - 기타,화물,남,76세,상해없음,보행자,남,64세,사망
2022042100100532,2022년 4월 21일 22시,목요일,부산광역시 금정구 부곡동,부상신고사고,0,0,0,1,차대차 - 기타,직진우회전진행방해,건조,맑음,교차로 - 교차로안,승용,남,43세,상해없음,승용,여,45세,기타불명
2022042200100045,2022년 4월 22일 05시,금요일,부산광역시 북구 덕천동,경상사고,0,0,1,0,차대사람 - 횡단중,안전운전불이행,건조,맑음,단일로 - 지하차도(도로)내,승용,남,60세,상해없음,보행자,남,65세,경상
2022042200100087,2022년 4월 22일 08시,금요일,부산광역시 영도구 봉래동3가,경상사고,0,0,1,0,차대차 - 측면충돌,교차로운행방법위반,건조,맑음,교차로 - 교차로안,승용,남,70세,기타불명,건설기계,남,58세,경상
2022042200100122,2022년 4월 22일 09시,금요일,부산광역시 수영구 남천동,중상사고,0,1,0,0,차대차 - 추돌,안전운전불이행,건조,맑음,단일로 - 기타,화물,남,28세,상해없음,승용,여,52세,중상
2022042200100123,2022년 4월 22일 09시,금요일,부산광역시 수영구 망미동,중상사고,0,1,0,0,차대차 - 측면충돌,안전운전불이행,건조,맑음,교차로 - 교차로안,화물,남,51세,상해없음,승용,남,65세,중상
2022042200100145,2022년 4월 22일 10시,금요일,부산광역시 부산진구 범천동,중상사고,0,1,0,0,차대차 - 추돌,안전운전불이행,건조,맑음,단일로 - 기타,화물,남,57세,상해없음,화물,남,61세,중상
2022042200100147,2022년 4월 22일 10시,금요일,부산광역시 사상구 학장동,경상사고,0,0,1,0,차대차 - 추돌,안전거리미확보,건조,맑음,단일로 - 고가도로위,화물,남,61세,상해없음,승합,남,61세,경상
2022042200100168,2022년 4월 22일 11시,금요일,부산광역시 동래구 온천동,경상사고,0,0,1,0,차대차 - 측면충돌,중앙선침범,건조,맑음,단일로 - 기타,이륜,남,36세,상해없음,이륜,남,27세,경상
2022042200100169,2022년 4월 22일 11시,금요일,부산광역시 수영구 망미동,경상사고,0,0,1,0,차대차 - 측면충돌,안전운전불이행,건조,맑음,교차로 - 교차로안,승용,남,49세,상해없음,승합,남,53세,상해없음
2022042200100196,2022년 4월 22일 12시,금요일,부산광역시 서구 서대신동3가,경상사고,0,0,1,0,차대차 - 측면충돌,안전거리미확보,건조,맑음,단일로 - 기타,건설기계,남,68세,상해없음,승용,여,60세,경상
2022042200100197,2022년 4월 22일 12시,금요일,부산광역시 동래구 온천동,경상사고,0,0,1,0,차대차 - 측면충돌,안전운전불이행,건조,맑음,교차로 - 교차로부근,이륜,남,57세,상해없음,이륜,여,29세,경상
2022042200100198,2022년 4월 22일 12시,금요일,부산광역시 사하구 신평동,중상사고,0,1,0,0,차대사람 - 기타,안전운전불이행,건조,맑음,교차로 - 교차로횡단보도내,승용,여,33세,상해없음,보행자,여,61세,중상
2022042200100199,2022년 4월 22일 12시,금요일,부산광역시 사하구 신평동,경상사고,0,0,1,0,차대차 - 측면충돌,교차로운행방법위반,건조,맑음,교차로 - 교차로안,승용,여,40세,상해없음,승용,여,38세,경상
2022042200100229,2022년 4월 22일 13시,금요일,부산광역시 부산진구 전포동,경상사고,0,0,1,0,차대차 - 기타,신호위반,건조,맑음,교차로 - 교차로안,승용,남,39세,상해없음,이륜,남,33세,경상
2022042200100256,2022년 4월 22일 14시,금요일,부산광역시 부산진구 범전동,경상사고,0,0,5,0,차대차 - 추돌,안전운전불이행,건조,맑음,단일로 - 기타,승용,남,63세,상해없음,화물,남,27세,경상
2022042200100332,2022년 4월 22일 16시,금요일,부산광역시 남구 감만동,경상사고,0,0,1,0,차대차 - 기타,기타,건조,맑음,단일로 - 기타,화물,남,67세,상해없음,화물,남,67세,경상
2022042200100333,2022년 4월 22일 16시,금요일,부산광역시 동래구 사직동,경상사고,0,0,1,0,차대사람 - 기타,안전운전불이행,건조,맑음,단일로 - 기타,승용,남,71세,상해없음,보행자,여,80세,경상
2022042200100367,2022년 4월 22일 17시,금요일,부산광역시 부산진구 개금동,경상사고,0,0,1,0,차대차 - 추돌,안전거리미확보,건조,맑음,단일로 - 기타,승용,남,60세,상해없음,승합,남,59세,경상
2022042200100368,2022년 4월 22일 17시,금요일,부산광역시 금정구 부곡동,경상사고,0,0,1,0,차대사람 - 기타,기타,건조,맑음,단일로 - 기타,승용,남,51세,상해없음,보행자,여,19세,경상
2022042200100549,2022년 4월 22일 22시,금요일,부산광역시 중구 중앙동4가,경상사고,0,0,1,0,차대차 - 측면충돌,신호위반,건조,맑음,교차로 - 교차로안,화물,남,38세,상해없음,화물,남,43세,경상
2022042200100551,2022년 4월 22일 22시,금요일,부산광역시 부산진구 개금동,중상사고,0,1,1,0,차대사람 - 횡단중,보행자보호의무위반,건조,맑음,교차로 - 교차로횡단보도내,승용,여,26세,상해없음,보행자,남,46세,중상
2022042300100002,2022년 4월 23일 00시,토요일,부산광역시 부산진구 부전동,경상사고,0,0,3,0,차대차 - 측면충돌,기타,건조,맑음,교차로 - 교차로안,승용,남,19세,기타불명,승용,남,65세,경상
2022042300100018,2022년 4월 23일 01시,토요일,부산광역시 수영구 망미동,경상사고,0,0,2,0,차대차 - 측면충돌,안전운전불이행,건조,맑음,단일로 - 기타,승용,남,63세,경상,승용,남,31세,경상
2022042300100031,2022년 4월 23일 02시,토요일,부산광역시 기장군 일광읍,경상사고,0,0,1,0,차대차 - 측면충돌,안전운전불이행,건조,맑음,교차로 - 교차로안,이륜,남,25세,상해없음,승용,남,33세,경상
2022042300100041,2022년 4월 23일 03시,토요일,부산광역시 사하구 하단동,경상사고,0,0,1,0,차량단독 - 공작물충돌,안전운전불이행,건조,맑음,단일로 - 기타,승용,남,60세,상해없음,,,,
2022042300100046,2022년 4월 23일 04시,토요일,부산광역시 기장군 정관읍,부상신고사고,0,0,0,1,차대차 - 추돌,안전운전불이행,건조,맑음,단일로 - 기타,승용,남,22세,상해없음,화물,남,48세,상해없음
2022042300100063,2022년 4월 23일 06시,토요일,부산광역시 부산진구 초읍동,부상신고사고,0,0,0,1,차대차 - 추돌,안전거리미확보,건조,맑음,기타 - 기타,이륜,남,74세,부상신고,승용,남,61세,상해없음
2.02204E+15,2022년 4월 23일 10시,토요일,부산광역시 부산진구 전포동,중상사고,0,1,1,0,차대차 - 추돌,안전거리미확보,건조,맑음,단일로 - 기타,승용,남,28세,상해없음,이륜,남,29세,경상
2022042300100121,2022년 4월 23일 10시,토요일,부산광역시 금정구 부곡동,부상신고사고,0,0,0,1,차대사람 - 길가장자리구역통행중,안전운전불이행,건조,맑음,교차로 - 교차로부근,기타불명,기타불명,미분류,기타불명,보행자,남,12세,부상신고
2022042300100152,2022년 4월 23일 11시,토요일,부산광역시 북구 만덕동,경상사고,0,0,2,0,차대차 - 측면충돌,안전거리미확보,건조,맑음,단일로 - 기타,승용,남,27세,상해없음,승용,남,49세,경상
2022042300100153,2022년 4월 23일 11시,토요일,부산광역시 사하구 하단동,중상사고,0,1,1,0,차대차 - 추돌,안전거리미확보,건조,맑음,단일로 - 기타,특수,남,40세,상해없음,승용,여,59세,중상
2022042300100183,2022년 4월 23일 12시,토요일,부산광역시 해운대구 반여동,경상사고,0,0,1,0,차대차 - 측면충돌,안전운전불이행,건조,맑음,교차로 - 교차로안,승용,여,54세,기타불명,이륜,남,23세,경상
2022042300100185,2022년 4월 23일 12시,토요일,부산광역시 사하구 당리동,경상사고,0,0,2,0,차대차 - 추돌,안전운전불이행,건조,맑음,교차로 - 교차로부근,승용,남,59세,상해없음,승용,남,34세,경상
2.02204E+15,2022년 4월 23일 15시,토요일,부산광역시 북구 구포동,중상사고,0,2,1,0,차대차 - 측면충돌,신호위반,건조,맑음,교차로 - 교차로안,원동기,여,34세,경상,승용,남,48세,중상
2022042300100328,2022년 4월 23일 16시,토요일,부산광역시 남구 대연동,중상사고,0,1,0,0,차대차 - 기타,기타,건조,맑음,단일로 - 지하차도(도로)내,승용,남,55세,상해없음,이륜,남,32세,중상
2022042300100363,2022년 4월 23일 17시,토요일,부산광역시 서구 서대신동3가,경상사고,0,0,1,0,차량단독 - 기타,안전운전불이행,건조,맑음,단일로 - 기타,승합,남,49세,상해없음,,,,
2022042300100364,2022년 4월 23일 17시,토요일,부산광역시 금정구 장전동,경상사고,0,0,2,0,차대사람 - 횡단중,보행자보호의무위반,건조,맑음,교차로 - 교차로횡단보도내,승용,여,37세,상해없음,보행자,남,10세,경상
2022042300100365,2022년 4월 23일 17시,토요일,부산광역시 금정구 부곡동,경상사고,0,0,1,0,차대차 - 기타,안전운전불이행,건조,맑음,교차로 - 교차로안,승용,남,53세,기타불명,승용,남,42세,경상
2022042300100405,2022년 4월 23일 18시,토요일,부산광역시 수영구 남천동,부상신고사고,0,0,0,1,차대차 - 측면충돌,안전운전불이행,건조,맑음,단일로 - 기타,화물,남,57세,상해없음,승용,남,31세,부상신고
2022042300100406,2022년 4월 23일 18시,토요일,부산광역시 수영구 광안동,중상사고,0,1,0,0,차대차 - 기타,안전운전불이행,건조,맑음,단일로 - 기타,승용,남,43세,상해없음,이륜,남,56세,중상
2022042300100407,2022년 4월 23일 18시,토요일,부산광역시 사상구 덕포동,경상사고,0,0,4,0,차대차 - 측면충돌,안전운전불이행,건조,맑음,단일로 - 기타,승용,남,26세,경상,화물,남,42세,경상
2022042300100444,2022년 4월 23일 19시,토요일,부산광역시 중구 대청동4가,경상사고,0,0,1,0,차대차 - 측면충돌,교차로운행방법위반,건조,맑음,단일로 - 기타,승용,남,32세,상해없음,이륜,남,49세,경상
2022042300100445,2022년 4월 23일 19시,토요일,부산광역시 수영구 광안동,경상사고,0,0,1,0,차대사람 - 횡단중,안전운전불이행,건조,맑음,교차로 - 교차로안,승용,남,71세,상해없음,보행자,여,61세,경상
2022042300100483,2022년 4월 23일 20시,토요일,부산광역시 중구 중앙동7가,중상사고,0,1,0,0,차대사람 - 횡단중,안전운전불이행,건조,맑음,단일로 - 기타,승용,남,58세,상해없음,보행자,여,19세,중상
2022042300100484,2022년 4월 23일 20시,토요일,부산광역시 부산진구 양정동,경상사고,0,0,2,0,차대차 - 추돌,안전거리미확보,건조,맑음,교차로 - 교차로부근,승용,여,57세,경상,승용,남,43세,상해없음
2022042300100485,2022년 4월 23일 20시,토요일,부산광역시 사하구 괴정동,중상사고,0,1,1,0,차대사람 - 기타,안전운전불이행,건조,맑음,교차로 - 교차로횡단보도내,이륜,남,24세,상해없음,보행자,남,55세,중상
2022042300100511,2022년 4월 23일 21시,토요일,부산광역시 북구 화명동,경상사고,0,0,3,0,차대차 - 측면충돌,안전운전불이행,건조,맑음,교차로 - 교차로안,승용,여,45세,상해없음,승용,남,38세,경상
2022042300100512,2022년 4월 23일 21시,토요일,부산광역시 부산진구 전포동,경상사고,0,0,1,0,차대차 - 측면충돌,신호위반,건조,맑음,교차로 - 교차로안,이륜,남,26세,경상,승합,남,61세,상해없음
2.02204E+15,2022년 4월 23일 22시,토요일,부산광역시 수영구 수영동,경상사고,0,0,1,0,차대차 - 추돌,안전운전불이행,건조,맑음,교차로 - 교차로부근,승용,남,49세,상해없음,승용,남,66세,경상
2022042400100002,2022년 4월 24일 00시,일요일,부산광역시 수영구 민락동,경상사고,0,0,1,1,차대차 - 추돌,안전거리미확보,건조,맑음,단일로 - 기타,승용,남,56세,부상신고,이륜,남,26세,경상
2022042400100022,2022년 4월 24일 01시,일요일,부산광역시 동구 초량동,경상사고,0,0,1,0,차대차 - 추돌,안전운전불이행,건조,맑음,교차로 - 교차로부근,승용,남,26세,상해없음,승용,남,54세,경상
2022042400100031,2022년 4월 24일 02시,일요일,부산광역시 영도구 청학동,경상사고,0,0,4,0,차대차 - 추돌,안전운전불이행,건조,맑음,교차로 - 교차로부근,승용,남,47세,상해없음,승용,남,69세,경상
2022042400100032,2022년 4월 24일 02시,일요일,부산광역시 연제구 거제동,경상사고,0,0,1,0,차대차 - 정면충돌,안전운전불이행,건조,맑음,교차로 - 교차로횡단보도내,승용,남,62세,상해없음,이륜,남,20세,경상
2022042400100075,2022년 4월 24일 08시,일요일,부산광역시 부산진구 가야동,경상사고,0,0,1,0,차대사람 - 횡단중,보행자보호의무위반,건조,맑음,교차로 - 교차로횡단보도내,승용,여,40세,상해없음,보행자,여,51세,경상
2022042400100091,2022년 4월 24일 09시,일요일,부산광역시 동구 초량동,경상사고,0,0,2,0,차대차 - 기타,신호위반,건조,맑음,단일로 - 기타,승용,남,48세,상해없음,승합,남,46세,경상
2022042400100092,2022년 4월 24일 09시,일요일,부산광역시 남구 용호동,경상사고,0,0,1,0,차대차 - 기타,안전운전불이행,건조,맑음,교차로 - 교차로안,승용,남,34세,상해없음,승용,여,52세,경상
2022042400100125,2022년 4월 24일 11시,일요일,부산광역시 남구 대연동,경상사고,0,0,1,0,차대차 - 기타,안전운전불이행,건조,맑음,교차로 - 교차로안,자전거,남,19세,상해없음,이륜,남,19세,경상
2022042400100171,2022년 4월 24일 13시,일요일,부산광역시 수영구 광안동,중상사고,0,1,0,0,차대사람 - 보도통행중,신호위반,건조,맑음,단일로 - 기타,승용,남,20세,상해없음,보행자,여,47세,중상
2022042400100172,2022년 4월 24일 13시,일요일,부산광역시 사상구 학장동,경상사고,0,0,2,0,차대차 - 측면충돌,신호위반,건조,맑음,교차로 - 교차로부근,이륜,남,23세,기타불명,승용,여,54세,경상
2.02204E+15,2022년 4월 24일 14시,일요일,부산광역시 사상구 삼락동,경상사고,0,0,1,0,차대사람 - 기타,안전운전불이행,건조,맑음,단일로 - 기타,자전거,남,49세,상해없음,보행자,여,57세,경상
2022042400100234,2022년 4월 24일 15시,일요일,부산광역시 중구 동광동4가,경상사고,0,0,1,0,차대차 - 측면충돌,안전운전불이행,건조,맑음,교차로 - 교차로부근,승용,남,29세,상해없음,승용,여,31세,경상
2022042400100235,2022년 4월 24일 15시,일요일,부산광역시 남구 용호동,중상사고,0,1,0,0,차대사람 - 보도통행중,보행자보호의무위반,건조,맑음,교차로 - 교차로부근,승용,남,39세,상해없음,보행자,남,79세,중상
2022042400100236,2022년 4월 24일 15시,일요일,부산광역시 사하구 감천동,경상사고,0,0,6,0,차대차 - 기타,신호위반,건조,맑음,교차로 - 교차로안,승용,여,23세,상해없음,승용,남,67세,경상
2022042400100268,2022년 4월 24일 16시,일요일,부산광역시 해운대구 좌동,경상사고,0,0,1,0,차대차 - 기타,신호위반,건조,맑음,교차로 - 교차로안,기타불명,기타불명,미분류,기타불명,승용,남,67세,상해없음
2022042400100302,2022년 4월 24일 17시,일요일,부산광역시 중구 보수동1가,경상사고,0,0,1,0,차대사람 - 횡단중,보행자보호의무위반,건조,맑음,교차로 - 교차로안,승용,남,61세,상해없음,보행자,여,65세,경상
2022042400100332,2022년 4월 24일 18시,일요일,부산광역시 서구 서대신동2가,경상사고,0,0,1,0,차대사람 - 기타,안전운전불이행,건조,맑음,단일로 - 기타,이륜,남,45세,상해없음,보행자,여,15세,경상
2022042400100333,2022년 4월 24일 18시,일요일,부산광역시 부산진구 부전동,경상사고,0,0,1,0,차대사람 - 기타,안전운전불이행,건조,맑음,단일로 - 기타,승용,남,61세,상해없음,보행자,남,35세,경상
2022042400100356,2022년 4월 24일 19시,일요일,부산광역시 사하구 감천동,부상신고사고,0,0,0,1,차대사람 - 기타,안전운전불이행,건조,맑음,단일로 - 기타,기타불명,기타불명,미분류,기타불명,보행자,여,71세,부상신고
2.02204E+15,2022년 4월 24일 20시,일요일,부산광역시 해운대구 우동,경상사고,0,0,2,0,차대차 - 측면충돌,안전운전불이행,건조,맑음,교차로 - 교차로부근,승용,남,71세,경상,승용,여,38세,상해없음
2.02204E+15,2022년 4월 24일 21시,일요일,부산광역시 동래구 사직동,경상사고,0,0,2,0,차대차 - 추돌,안전운전불이행,건조,맑음,단일로 - 기타,원동기,남,52세,경상,승용,여,53세,경상
2022042500100021,2022년 4월 25일 04시,월요일,부산광역시 동구 초량동,중상사고,0,1,1,0,차대차 - 측면충돌,안전운전불이행,젖음/습기,흐림,단일로 - 기타,화물,남,57세,상해없음,승용,남,65세,경상
2022042500100022,2022년 4월 25일 04시,월요일,부산광역시 동구 초량동,경상사고,0,0,2,0,차대차 - 추돌,안전거리미확보,젖음/습기,흐림,단일로 - 기타,승용,남,64세,경상,승용,남,31세,상해없음
2022042500100023,2022년 4월 25일 04시,월요일,부산광역시 해운대구 반송동,부상신고사고,0,0,0,1,차량단독 - 전도전복 - 전도,안전운전불이행,건조,맑음,단일로 - 기타,이륜,남,22세,부상신고,,,,
2022042500100024,2022년 4월 25일 04시,월요일,부산광역시 연제구 연산동,중상사고,0,1,0,0,차대사람 - 기타,안전운전불이행,건조,맑음,단일로 - 기타,승용,남,27세,상해없음,보행자,여,57세,중상
2022042500100029,2022년 4월 25일 05시,월요일,부산광역시 수영구 민락동,중상사고,0,1,0,0,차대사람 - 횡단중,안전운전불이행,건조,맑음,교차로 - 교차로부근,승용,남,29세,상해없음,보행자,여,76세,중상
2.02204E+15,2022년 4월 25일 05시,월요일,부산광역시 영도구 남항동1가,중상사고,0,2,0,0,차대차 - 측면충돌,직진우회전진행방해,건조,맑음,교차로 - 교차로안,이륜,여,58세,중상,승용,남,41세,중상
2022042500100031,2022년 4월 25일 05시,월요일,부산광역시 기장군 정관읍,경상사고,0,0,1,0,차대사람 - 기타,안전운전불이행,건조,맑음,기타 - 기타,화물,남,47세,상해없음,보행자,여,61세,경상
2022042500100043,2022년 4월 25일 06시,월요일,부산광역시 부산진구 범전동,경상사고,0,0,1,0,차대차 - 후진중충돌,안전운전불이행,건조,맑음,교차로 - 교차로안,승용,남,20세,상해없음,승용,남,47세,경상
2022042500100057,2022년 4월 25일 07시,월요일,부산광역시 동래구 온천동,경상사고,0,0,1,0,차대차 - 측면충돌,차로위반,건조,맑음,단일로 - 기타,화물,남,33세,상해없음,승용,남,38세,경상
2022042500100058,2022년 4월 25일 07시,월요일,부산광역시 해운대구 우동,중상사고,0,1,1,0,차대차 - 측면충돌,신호위반,건조,맑음,단일로 - 기타,승용,남,44세,기타불명,승합,남,64세,경상
2022042500100086,2022년 4월 25일 08시,월요일,부산광역시 중구 중앙동4가,중상사고,0,1,0,0,차대차 - 정면충돌,교차로운행방법위반,건조,맑음,교차로 - 교차로안,화물,남,69세,상해없음,이륜,남,39세,중상
2022042500100087,2022년 4월 25일 08시,월요일,부산광역시 남구 용호동,중상사고,0,1,0,0,차대차 - 기타,안전운전불이행,건조,맑음,교차로 - 교차로부근,승용,남,72세,상해없음,자전거,남,46세,중상
2022042500100088,2022년 4월 25일 08시,월요일,부산광역시 동래구 복천동,경상사고,0,0,2,0,차대차 - 측면충돌,안전운전불이행,건조,맑음,단일로 - 기타,승합,남,63세,상해없음,승용,남,55세,경상
2022042500100089,2022년 4월 25일 08시,월요일,부산광역시 사하구 괴정동,중상사고,0,1,0,0,차대사람 - 횡단중,안전운전불이행,건조,맑음,단일로 - 기타,승용,여,66세,상해없음,보행자,남,84세,중상
2022042500100126,2022년 4월 25일 09시,월요일,부산광역시 남구 대연동,경상사고,0,0,1,0,차대차 - 추돌,안전거리미확보,건조,맑음,교차로 - 교차로부근,화물,남,52세,상해없음,승용,여,47세,기타불명
2022042500100128,2022년 4월 25일 09시,월요일,부산광역시 강서구 생곡동,경상사고,0,0,2,0,차대차 - 추돌,안전운전불이행,건조,맑음,단일로 - 기타,승용,남,74세,상해없음,승용,남,38세,경상
2022042500100182,2022년 4월 25일 11시,월요일,부산광역시 해운대구 반여동,경상사고,0,0,1,0,차대사람 - 기타,안전운전불이행,건조,맑음,단일로 - 기타,기타불명,기타불명,미분류,기타불명,보행자,여,60세,경상