사고번호,사고일시,요일,시군구,사고내용,사망자수,중상자수,경상자수,부상신고자수,사고유형,법규위반,노면상태,기상상태,도로형태,가해운전자 차종,가해운전자 성별,가해운전자 연령,가해운전자 상해정도,피해운전자 차종,피해운전자 성별,피해운전자 연령,피해운전자 상해정도
2022042500100183,2022년 4월 25일 11시,월요일,부산광역시 해운대구 우동,중상사고,0,1,0,0,차대사람 - 길가장자리구역통행중,안전운전불이행,건조,맑음,단일로 - 기타,승용,여,51세,상해없음,보행자,남,64세,중상
2022042500100184,2022년 4월 25일 11시,월요일,부산광역시 사상구 모라동,경상사고,0,0,1,0,차대사람 - 횡단중,안전운전불이행,건조,맑음,단일로 - 기타,화물,남,65세,기타불명,보행자,여,79세,경상
2022042500100217,2022년 4월 25일 12시,월요일,부산광역시 수영구 남천동,부상신고사고,0,0,0,3,차대차 - 추돌,안전거리미확보,건조,맑음,단일로 - 기타,승용,여,46세,상해없음,승용,남,35세,부상신고
2022042500100245,2022년 4월 25일 13시,월요일,부산광역시 북구 만덕동,경상사고,0,0,1,0,차대차 - 기타,안전운전불이행,건조,맑음,단일로 - 기타,화물,남,60세,상해없음,승용,남,43세,경상
2022042500100246,2022년 4월 25일 13시,월요일,부산광역시 부산진구 당감동,중상사고,0,1,0,0,차대차 - 측면충돌,신호위반,건조,맑음,교차로 - 교차로부근,화물,남,53세,상해없음,자전거,남,89세,중상
2022042500100247,2022년 4월 25일 13시,월요일,부산광역시 부산진구 당감동,경상사고,0,0,1,0,차대차 - 기타,안전거리미확보,건조,맑음,기타 - 기타,화물,남,59세,상해없음,승용,남,50세,경상
2022042500100248,2022년 4월 25일 13시,월요일,부산광역시 금정구 장전동,경상사고,0,0,1,0,차대차 - 기타,안전운전불이행,건조,맑음,단일로 - 기타,승용,남,35세,상해없음,승용,남,47세,경상
2022042500100249,2022년 4월 25일 13시,월요일,부산광역시 사하구 신평동,중상사고,0,1,0,0,차대차 - 측면충돌,신호위반,건조,맑음,단일로 - 기타,승합,남,79세,상해없음,이륜,남,21세,중상
2.02204E+15,2022년 4월 25일 13시,월요일,부산광역시 사하구 장림동,경상사고,0,0,1,0,차대사람 - 보도통행중,신호위반,건조,맑음,단일로 - 기타,승용,여,58세,상해없음,보행자,남,10세,경상
2022042500100279,2022년 4월 25일 14시,월요일,부산광역시 남구 대연동,중상사고,0,1,0,0,차량단독 - 기타,안전운전불이행,건조,맑음,단일로 - 기타,승합,남,51세,상해없음,,,,
2.02204E+15,2022년 4월 25일 14시,월요일,부산광역시 부산진구 양정동,경상사고,0,0,1,0,차대차 - 측면충돌,신호위반,건조,맑음,교차로 - 교차로부근,이륜,남,34세,상해없음,승용,남,63세,경상
2022042500100322,2022년 4월 25일 15시,월요일,부산광역시 서구 동대신동3가,중상사고,0,1,0,0,차대사람 - 기타,안전운전불이행,건조,맑음,기타 - 기타,원동기,남,71세,상해없음,보행자,여,70세,중상
2022042500100323,2022년 4월 25일 15시,월요일,부산광역시 부산진구 개금동,중상사고,0,1,1,0,차대차 - 기타,안전운전불이행,건조,맑음,단일로 - 고가도로위,승용,남,45세,상해없음,승용,남,67세,중상
2022042500100324,2022년 4월 25일 15시,월요일,부산광역시 사하구 감천동,중상사고,0,1,0,0,차대사람 - 기타,기타,건조,맑음,단일로 - 기타,승용,여,59세,상해없음,보행자,여,74세,중상
2022042500100376,2022년 4월 25일 16시,월요일,부산광역시 영도구 청학동,경상사고,0,0,2,0,차대차 - 추돌,안전운전불이행,건조,맑음,교차로 - 교차로안,승용,남,65세,기타불명,승용,남,63세,경상
2022042500100377,2022년 4월 25일 16시,월요일,부산광역시 해운대구 좌동,경상사고,0,0,1,0,차대차 - 기타,안전운전불이행,건조,맑음,교차로 - 교차로안,자전거,남,15세,경상,승용,남,54세,상해없음
2022042500100378,2022년 4월 25일 16시,월요일,부산광역시 연제구 거제동,경상사고,0,0,1,0,차대사람 - 횡단중,보행자보호의무위반,건조,맑음,단일로 - 기타,승용,여,53세,상해없음,보행자,남,22세,경상
2022042500100419,2022년 4월 25일 17시,월요일,부산광역시 동구 좌천동,경상사고,0,0,1,0,차대차 - 측면충돌,안전거리미확보,건조,맑음,단일로 - 고가도로위,특수,남,64세,상해없음,승용,남,52세,경상
2.02204E+15,2022년 4월 25일 17시,월요일,부산광역시 해운대구 우동,경상사고,0,0,1,0,차대차 - 측면충돌,안전운전불이행,건조,맑음,교차로 - 교차로안,승용,여,57세,기타불명,화물,남,48세,경상
2022042500100421,2022년 4월 25일 17시,월요일,부산광역시 사하구 신평동,경상사고,0,0,1,0,차대사람 - 차도통행중,안전운전불이행,건조,맑음,단일로 - 기타,승용,남,41세,상해없음,보행자,여,73세,경상
2.02204E+15,2022년 4월 25일 18시,월요일,부산광역시 남구 대연동,경상사고,0,0,1,0,차대차 - 측면충돌,안전운전불이행,건조,맑음,교차로 - 교차로안,승용,남,51세,상해없음,이륜,남,46세,경상
2022042500100461,2022년 4월 25일 18시,월요일,부산광역시 남구 대연동,경상사고,0,0,1,0,차대차 - 추돌,안전운전불이행,건조,맑음,교차로 - 교차로안,승용,남,35세,상해없음,승용,여,71세,경상
2022042500100462,2022년 4월 25일 18시,월요일,부산광역시 영도구 영선동3가,경상사고,0,0,1,0,차대차 - 측면충돌,교차로운행방법위반,건조,맑음,교차로 - 교차로부근,화물,남,39세,기타불명,승용,남,58세,경상
2022042500100463,2022년 4월 25일 18시,월요일,부산광역시 해운대구 반여동,경상사고,0,0,1,0,차대사람 - 보도통행중,안전운전불이행,건조,맑음,교차로 - 교차로부근,화물,남,74세,상해없음,보행자,남,51세,경상
2022042500100499,2022년 4월 25일 19시,월요일,부산광역시 동구 초량동,중상사고,0,1,0,0,차대사람 - 차도통행중,보행자보호의무위반,건조,맑음,단일로 - 기타,승용,남,63세,상해없음,보행자,여,54세,중상
2.02204E+15,2022년 4월 25일 19시,월요일,부산광역시 기장군 기장읍,경상사고,0,0,1,0,차대차 - 기타,안전운전불이행,건조,맑음,교차로 - 교차로안,승용,남,71세,상해없음,자전거,남,16세,경상
2022042500100531,2022년 4월 25일 20시,월요일,부산광역시 사하구 하단동,중상사고,0,1,0,0,차대차 - 기타,안전운전불이행,건조,맑음,교차로 - 교차로부근,화물,남,51세,기타불명,승용,남,68세,기타불명
2022042500100532,2022년 4월 25일 20시,월요일,부산광역시 사상구 감전동,중상사고,0,2,0,0,차대사람 - 횡단중,신호위반,건조,맑음,단일로 - 기타,승용,남,24세,상해없음,보행자,남,42세,중상
2022042500100563,2022년 4월 25일 21시,월요일,부산광역시 금정구 구서동,경상사고,0,0,1,0,차대차 - 기타,교차로운행방법위반,건조,맑음,교차로 - 교차로안,승합,남,73세,상해없음,승용,여,37세,경상
2022042500100585,2022년 4월 25일 22시,월요일,부산광역시 금정구 남산동,중상사고,0,1,0,0,차대차 - 후진중충돌,안전운전불이행,건조,맑음,단일로 - 기타,승용,남,56세,상해없음,승용,여,55세,중상
2022042600100005,2022년 4월 26일 00시,화요일,부산광역시 동래구 명륜동,중상사고,0,1,0,0,차대차 - 측면충돌,안전운전불이행,젖음/습기,비,교차로 - 교차로안,승용,남,27세,상해없음,이륜,남,34세,중상
2022042600100036,2022년 4월 26일 02시,화요일,부산광역시 북구 화명동,중상사고,0,1,0,0,차대사람 - 기타,안전운전불이행,젖음/습기,비,단일로 - 기타,이륜,남,24세,상해없음,보행자,여,71세,중상
2022042600100048,2022년 4월 26일 04시,화요일,부산광역시 동구 범일동,경상사고,0,0,1,0,차대차 - 측면충돌,신호위반,젖음/습기,비,교차로 - 교차로안,승용,여,63세,상해없음,화물,남,70세,상해없음
2022042600100051,2022년 4월 26일 05시,화요일,부산광역시 부산진구 전포동,중상사고,0,1,1,0,차대차 - 측면충돌,신호위반,젖음/습기,비,교차로 - 교차로안,승용,남,32세,상해없음,화물,남,67세,경상
2022042600100102,2022년 4월 26일 08시,화요일,부산광역시 서구 서대신동1가,경상사고,0,0,1,0,차대차 - 측면충돌,안전운전불이행,건조,흐림,교차로 - 교차로부근,화물,남,57세,상해없음,승용,여,45세,경상
2022042600100103,2022년 4월 26일 08시,화요일,부산광역시 부산진구 양정동,중상사고,0,2,0,0,차대차 - 기타,중앙선침범,젖음/습기,흐림,교차로 - 교차로부근,승용,남,71세,상해없음,승용,남,30세,중상
2022042600100104,2022년 4월 26일 08시,화요일,부산광역시 금정구 장전동,경상사고,0,0,1,0,차대차 - 측면충돌,안전운전불이행,건조,맑음,교차로 - 교차로안,승용,남,65세,상해없음,승용,여,63세,경상
2022042600100154,2022년 4월 26일 09시,화요일,부산광역시 사하구 당리동,중상사고,0,1,0,0,차대사람 - 횡단중,보행자보호의무위반,건조,맑음,교차로 - 교차로횡단보도내,승용,여,43세,상해없음,보행자,여,83세,중상
2022042600100155,2022년 4월 26일 09시,화요일,부산광역시 강서구 대저1동,중상사고,0,1,1,0,차대차 - 측면충돌,안전운전불이행,젖음/습기,비,단일로 - 기타,승용,여,44세,중상,승용,남,49세,경상
2022042600100189,2022년 4월 26일 10시,화요일,부산광역시 영도구 청학동,중상사고,0,1,0,0,차대사람 - 횡단중,안전운전불이행,건조,맑음,교차로 - 교차로안,승용,남,66세,상해없음,보행자,여,75세,중상
2.02204E+15,2022년 4월 26일 10시,화요일,부산광역시 강서구 송정동,경상사고,0,0,1,0,차대차 - 추돌,안전운전불이행,건조,맑음,교차로 - 교차로부근,화물,남,36세,상해없음,화물,남,30세,경상
2022042600100224,2022년 4월 26일 11시,화요일,부산광역시 사상구 모라동,경상사고,0,0,1,0,차대차 - 정면충돌,안전운전불이행,건조,맑음,교차로 - 교차로안,화물,남,68세,상해없음,이륜,남,42세,경상
2022042600100257,2022년 4월 26일 12시,화요일,부산광역시 중구 중앙동6가,중상사고,0,1,0,0,차대차 - 측면충돌,안전운전불이행,건조,맑음,교차로 - 교차로안,개인형이동수단(PM),여,55세,중상,승용,여,54세,상해없음
2022042600100282,2022년 4월 26일 13시,화요일,부산광역시 기장군 장안읍,경상사고,0,0,1,0,차대차 - 기타,안전운전불이행,젖음/습기,비,단일로 - 기타,화물,남,38세,상해없음,화물,남,62세,경상
2022042600100312,2022년 4월 26일 14시,화요일,부산광역시 동구 수정동,부상신고사고,0,0,0,2,차대사람 - 길가장자리구역통행중,보행자보호의무위반,젖음/습기,비,단일로 - 기타,승용,남,57세,상해없음,보행자,남,59세,부상신고
2.02204E+15,2022년 4월 26일 15시,화요일,부산광역시 사상구 감전동,경상사고,0,0,1,0,차대차 - 측면충돌,안전거리미확보,젖음/습기,비,단일로 - 기타,승용,남,54세,상해없음,화물,남,61세,상해없음
2022042600100365,2022년 4월 26일 16시,화요일,부산광역시 수영구 민락동,경상사고,0,0,1,0,차대차 - 기타,안전운전불이행,건조,맑음,단일로 - 기타,승용,여,40세,상해없음,승합,남,34세,상해없음
2022042600100366,2022년 4월 26일 16시,화요일,부산광역시 사하구 하단동,경상사고,0,0,1,0,차대차 - 추돌,안전거리미확보,젖음/습기,비,단일로 - 기타,승용,남,57세,상해없음,승용,여,59세,경상
2022042600100395,2022년 4월 26일 17시,화요일,부산광역시 사하구 다대동,경상사고,0,0,1,0,차대사람 - 기타,안전운전불이행,건조,맑음,단일로 - 지하차도(도로)내,승용,여,31세,상해없음,보행자,남,42세,경상
2022042600100457,2022년 4월 26일 19시,화요일,부산광역시 연제구 연산동,경상사고,0,0,1,0,차대차 - 기타,안전운전불이행,젖음/습기,비,단일로 - 기타,승용,남,61세,상해없음,이륜,남,24세,경상
2022042600100504,2022년 4월 26일 21시,화요일,부산광역시 동래구 사직동,중상사고,0,1,0,0,차대사람 - 차도통행중,안전운전불이행,건조,맑음,단일로 - 기타,승용,남,49세,상해없음,보행자,남,57세,중상
2022042600100505,2022년 4월 26일 21시,화요일,부산광역시 부산진구 부전동,중상사고,0,1,1,0,차대차 - 측면충돌,신호위반,건조,맑음,교차로 - 교차로안,승용,여,32세,상해없음,승용,남,51세,경상
2022042600100506,2022년 4월 26일 21시,화요일,부산광역시 연제구 거제동,경상사고,0,0,1,0,차대차 - 정면충돌,안전운전불이행,건조,흐림,교차로 - 교차로부근,승용,남,40세,상해없음,승용,남,61세,경상
2022042700100001,2022년 4월 27일 00시,수요일,부산광역시 기장군 기장읍,중상사고,0,1,0,0,차대차 - 측면충돌,교차로운행방법위반,건조,맑음,교차로 - 교차로안,승용,남,56세,상해없음,승용,여,45세,중상
2022042700100014,2022년 4월 27일 01시,수요일,부산광역시 동구 초량동,경상사고,0,0,1,0,차대차 - 후진중충돌,안전운전불이행,건조,맑음,단일로 - 기타,승용,남,40세,상해없음,승용,남,31세,경상
2022042700100029,2022년 4월 27일 04시,수요일,부산광역시 부산진구 범전동,중상사고,0,1,0,0,차대사람 - 횡단중,신호위반,건조,맑음,기타 - 기타,승용,남,65세,상해없음,보행자,남,84세,중상
2022042700100058,2022년 4월 27일 07시,수요일,부산광역시 북구 화명동,경상사고,0,0,1,0,차대차 - 측면충돌,안전운전불이행,건조,맑음,단일로 - 지하차도(도로)내,승용,여,49세,상해없음,승용,남,48세,경상
2022042700100059,2022년 4월 27일 07시,수요일,부산광역시 강서구 명지동,경상사고,0,0,1,0,차대차 - 추돌,안전운전불이행,건조,맑음,단일로 - 기타,승용,남,37세,상해없음,승용,남,32세,경상
2.02204E+15,2022년 4월 27일 07시,수요일,부산광역시 사하구 신평동,경상사고,0,0,2,0,차대차 - 측면충돌,안전운전불이행,건조,맑음,교차로 - 교차로안,이륜,남,51세,경상,승용,남,28세,경상
2022042700100061,2022년 4월 27일 07시,수요일,부산광역시 강서구 미음동,경상사고,0,0,1,0,차대차 - 측면충돌,신호위반,건조,맑음,교차로 - 교차로안,승용,남,69세,상해없음,승용,남,50세,경상
2022042700100062,2022년 4월 27일 07시,수요일,부산광역시 강서구 구랑동,경상사고,0,0,8,0,차대차 - 측면충돌,차로위반,건조,맑음,교차로 - 교차로부근,승용,남,33세,상해없음,승합,남,54세,경상
2022042700100093,2022년 4월 27일 08시,수요일,부산광역시 동구 범일동,경상사고,0,0,1,0,차대차 - 측면충돌,안전거리미확보,건조,맑음,단일로 - 기타,화물,남,48세,상해없음,승용,남,44세,경상
2022042700100094,2022년 4월 27일 08시,수요일,부산광역시 강서구 명지동,경상사고,0,0,1,0,차대사람 - 기타,안전운전불이행,건조,맑음,주차장 - 주차장,승용,남,49세,상해없음,보행자,남,46세,경상
2022042700100199,2022년 4월 27일 11시,수요일,부산광역시 강서구 대저1동,경상사고,0,0,1,0,차대차 - 기타,안전운전불이행,건조,맑음,교차로 - 교차로부근,화물,남,56세,상해없음,이륜,남,42세,경상
2022042700100222,2022년 4월 27일 12시,수요일,부산광역시 수영구 광안동,중상사고,0,1,0,0,차대사람 - 보도통행중,안전운전불이행,건조,맑음,기타 - 기타,승용,남,62세,상해없음,보행자,여,31세,중상
2022042700100253,2022년 4월 27일 13시,수요일,부산광역시 동구 초량동,경상사고,0,0,1,0,차대차 - 측면충돌,안전거리미확보,건조,맑음,교차로 - 교차로부근,승용,여,54세,상해없음,승용,남,42세,경상
2022042700100254,2022년 4월 27일 13시,수요일,부산광역시 서구 서대신동2가,경상사고,0,0,1,0,차대사람 - 기타,안전운전불이행,건조,맑음,단일로 - 기타,승용,여,32세,상해없음,보행자,여,10세,경상
2022042700100255,2022년 4월 27일 13시,수요일,부산광역시 서구 아미동2가,경상사고,0,0,1,0,차대차 - 측면충돌,기타,건조,맑음,교차로 - 교차로안,승용,남,24세,상해없음,승용,남,73세,경상
2022042700100256,2022년 4월 27일 13시,수요일,부산광역시 부산진구 당감동,경상사고,0,0,1,0,차대차 - 기타,차로위반,건조,맑음,단일로 - 기타,승용,남,75세,상해없음,이륜,남,42세,경상
2022042700100257,2022년 4월 27일 13시,수요일,부산광역시 사하구 신평동,경상사고,0,0,1,0,차대차 - 정면충돌,안전운전불이행,건조,맑음,단일로 - 기타,승용,남,28세,상해없음,자전거,남,68세,경상
2022042700100295,2022년 4월 27일 14시,수요일,부산광역시 중구 광복동2가,경상사고,0,0,1,0,차대사람 - 차도통행중,안전운전불이행,건조,맑음,단일로 - 기타,승용,남,73세,상해없음,보행자,여,24세,경상
2022042700100327,2022년 4월 27일 15시,수요일,부산광역시 사하구 하단동,경상사고,0,0,1,0,차대차 - 추돌,안전운전불이행,건조,맑음,단일로 - 기타,이륜,남,19세,상해없음,승용,여,26세,경상
2022042700100328,2022년 4월 27일 15시,수요일,부산광역시 강서구 대저1동,경상사고,0,0,1,0,차대차 - 기타,안전운전불이행,건조,맑음,교차로 - 교차로부근,건설기계,남,59세,상해없음,화물,남,53세,경상
2022042700100366,2022년 4월 27일 16시,수요일,부산광역시 남구 대연동,경상사고,0,0,1,0,차대사람 - 횡단중,보행자보호의무위반,건조,맑음,교차로 - 교차로횡단보도내,승용,남,57세,상해없음,보행자,여,12세,경상
2022042700100367,2022년 4월 27일 16시,수요일,부산광역시 연제구 연산동,부상신고사고,0,0,0,1,차대사람 - 보도통행중,기타,건조,맑음,단일로 - 기타,승용,남,32세,상해없음,보행자,여,64세,부상신고
2.02204E+15,2022년 4월 27일 17시,수요일,부산광역시 수영구 민락동,경상사고,0,0,1,0,차대사람 - 기타,안전운전불이행,건조,맑음,교차로 - 교차로안,승용,남,44세,상해없음,보행자,남,26세,경상
2022042700100411,2022년 4월 27일 17시,수요일,부산광역시 영도구 대교동2가,경상사고,0,0,1,0,차대사람 - 횡단중,신호위반,건조,맑음,단일로 - 기타,개인형이동수단(PM),남,38세,상해없음,보행자,여,64세,경상
2022042700100412,2022년 4월 27일 17시,수요일,부산광역시 연제구 거제동,경상사고,0,0,1,0,차대차 - 기타,안전거리미확보,건조,맑음,교차로 - 교차로부근,승용,여,37세,상해없음,승용,남,64세,경상
2022042700100453,2022년 4월 27일 18시,수요일,부산광역시 부산진구 부전동,경상사고,0,0,1,0,차대사람 - 기타,안전운전불이행,건조,맑음,단일로 - 기타,승용,여,51세,상해없음,보행자,여,26세,경상
2022042700100454,2022년 4월 27일 18시,수요일,부산광역시 강서구 강동동,경상사고,0,0,1,0,차대차 - 추돌,안전운전불이행,건조,맑음,단일로 - 기타,화물,남,56세,상해없음,화물,남,39세,경상
2022042700100494,2022년 4월 27일 19시,수요일,부산광역시 남구 우암동,중상사고,0,1,0,0,차량단독 - 기타,기타,건조,맑음,단일로 - 기타,승합,남,71세,상해없음,,,,
2022042700100495,2022년 4월 27일 19시,수요일,부산광역시 해운대구 반송동,부상신고사고,0,0,0,1,차대차 - 측면충돌,직진우회전진행방해,건조,맑음,교차로 - 교차로안,승용,남,50세,상해없음,이륜,남,32세,부상신고
2022042700100526,2022년 4월 27일 20시,수요일,부산광역시 동래구 사직동,중상사고,0,1,0,0,차대사람 - 길가장자리구역통행중,안전운전불이행,건조,맑음,단일로 - 기타,이륜,여,21세,상해없음,보행자,여,65세,중상
2022042700100527,2022년 4월 27일 20시,수요일,부산광역시 사하구 하단동,중상사고,0,1,0,0,차대차 - 기타,교차로운행방법위반,건조,맑음,교차로 - 교차로안,승합,남,65세,상해없음,이륜,남,51세,중상
2022042700100567,2022년 4월 27일 22시,수요일,부산광역시 사하구 당리동,경상사고,0,0,1,0,차대사람 - 기타,안전운전불이행,건조,맑음,단일로 - 기타,승용,여,54세,상해없음,보행자,여,45세,경상
2022042700100592,2022년 4월 27일 23시,수요일,부산광역시 부산진구 연지동,경상사고,0,0,1,0,차대차 - 기타,안전운전불이행,건조,맑음,교차로 - 교차로부근,승용,남,48세,상해없음,승용,남,37세,경상
2022042700100593,2022년 4월 27일 23시,수요일,부산광역시 수영구 망미동,중상사고,0,1,0,0,차량단독 - 기타,안전운전불이행,건조,맑음,단일로 - 기타,이륜,남,29세,중상,,,,
2022042800100043,2022년 4월 28일 06시,목요일,부산광역시 연제구 거제동,경상사고,0,0,2,0,차대차 - 측면충돌,교차로운행방법위반,건조,맑음,교차로 - 교차로안,승용,여,39세,경상,승용,남,29세,경상
2022042800100054,2022년 4월 28일 07시,목요일,부산광역시 사상구 엄궁동,중상사고,0,1,0,0,차대차 - 추돌,안전운전불이행,건조,맑음,단일로 - 기타,승용,여,24세,상해없음,승용,여,44세,중상
2.02204E+15,2022년 4월 28일 08시,목요일,부산광역시 사하구 하단동,경상사고,0,0,1,0,차대차 - 기타,중앙선침범,건조,맑음,교차로 - 교차로부근,화물,남,60세,상해없음,승용,남,28세,경상
2022042800100081,2022년 4월 28일 08시,목요일,부산광역시 연제구 연산동,경상사고,0,0,1,0,차대차 - 기타,안전운전불이행,건조,맑음,교차로 - 교차로부근,승용,여,24세,상해없음,이륜,남,35세,경상
2022042800100129,2022년 4월 28일 09시,목요일,부산광역시 남구 용호동,경상사고,0,0,1,0,차량단독 - 기타,안전운전불이행,건조,맑음,단일로 - 기타,이륜,남,22세,경상,,,,
2.02204E+15,2022년 4월 28일 09시,목요일,부산광역시 부산진구 범천동,경상사고,0,0,1,0,차량단독 - 기타,안전거리미확보,건조,맑음,단일로 - 기타,승용,남,59세,상해없음,,,,
2022042800100158,2022년 4월 28일 10시,목요일,부산광역시 부산진구 부전동,중상사고,0,1,0,0,차대사람 - 기타,안전운전불이행,건조,맑음,기타 - 기타,화물,남,44세,상해없음,보행자,여,65세,중상
2022042800100159,2022년 4월 28일 10시,목요일,부산광역시 연제구 거제동,경상사고,0,0,2,0,차대차 - 추돌,안전운전불이행,건조,맑음,단일로 - 기타,승용,남,58세,상해없음,승용,남,74세,상해없음
2022042800100195,2022년 4월 28일 11시,목요일,부산광역시 연제구 연산동,중상사고,0,1,0,0,차대차 - 측면충돌,안전운전불이행,건조,맑음,교차로 - 교차로부근,승용,남,39세,상해없음,자전거,여,79세,중상
2022042800100231,2022년 4월 28일 12시,목요일,부산광역시 부산진구 가야동,경상사고,0,0,1,0,차대차 - 기타,교차로운행방법위반,건조,맑음,교차로 - 교차로안,승용,여,42세,상해없음,이륜,남,38세,경상
2022042800100266,2022년 4월 28일 13시,목요일,부산광역시 동래구 낙민동,경상사고,0,0,1,0,차대차 - 후진중충돌,불법유턴,건조,맑음,기타 - 기타,승용,남,56세,상해없음,승용,남,29세,경상
2022042800100267,2022년 4월 28일 13시,목요일,부산광역시 동래구 안락동,경상사고,0,0,1,0,차대차 - 측면충돌,안전거리미확보,건조,맑음,단일로 - 기타,승용,여,40세,기타불명,승용,남,70세,경상
2022042800100268,2022년 4월 28일 13시,목요일,부산광역시 해운대구 좌동,중상사고,0,1,0,0,차대차 - 기타,안전운전불이행,건조,맑음,단일로 - 기타,자전거,남,15세,중상,승용,남,70세,상해없음
2022042800100292,2022년 4월 28일 14시,목요일,부산광역시 남구 대연동,경상사고,0,0,1,0,차대차 - 기타,안전거리미확보,건조,맑음,단일로 - 기타,승용,남,68세,상해없음,승용,남,72세,경상
2022042800100293,2022년 4월 28일 14시,목요일,부산광역시 사하구 신평동,경상사고,0,0,1,0,차대사람 - 횡단중,보행자보호의무위반,건조,맑음,교차로 - 교차로횡단보도내,화물,남,35세,상해없음,보행자,여,66세,경상
2.02204E+15,2022년 4월 28일 15시,목요일,부산광역시 동구 초량동,경상사고,0,0,1,0,차대사람 - 차도통행중,안전운전불이행,건조,맑음,교차로 - 교차로부근,승용,남,71세,상해없음,보행자,남,61세,경상
2022042800100331,2022년 4월 28일 15시,목요일,부산광역시 기장군 장안읍,경상사고,0,0,1,0,차대차 - 측면충돌,안전운전불이행,건조,맑음,단일로 - 기타,승용,남,65세,상해없음,승용,여,65세,경상
2.02204E+15,2022년 4월 28일 16시,목요일,부산광역시 서구 부민동2가,경상사고,0,0,1,0,차대차 - 기타,신호위반,건조,맑음,교차로 - 교차로안,승합,남,63세,상해없음,승용,남,33세,경상
2022042800100361,2022년 4월 28일 16시,목요일,부산광역시 부산진구 전포동,경상사고,0,0,1,0,차대차 - 측면충돌,안전거리미확보,건조,맑음,단일로 - 기타,승용,여,55세,기타불명,승용,남,62세,경상
2022042800100406,2022년 4월 28일 17시,목요일,부산광역시 해운대구 반송동,경상사고,0,0,1,0,차대차 - 기타,기타,건조,맑음,교차로 - 교차로부근,원동기,남,26세,상해없음,개인형이동수단(PM),여,34세,경상
2022042800100407,2022년 4월 28일 17시,목요일,부산광역시 부산진구 부암동,경상사고,0,0,1,0,차대차 - 추돌,안전운전불이행,건조,맑음,단일로 - 고가도로위,승용,남,67세,상해없음,승용,남,42세,경상
2022042800100442,2022년 4월 28일 18시,목요일,부산광역시 남구 대연동,경상사고,0,0,1,0,차대사람 - 기타,안전운전불이행,건조,맑음,교차로 - 교차로안,승용,남,60세,상해없음,보행자,남,28세,경상
2022042800100472,2022년 4월 28일 19시,목요일,부산광역시 중구 남포동1가,경상사고,0,0,1,0,차대사람 - 기타,안전운전불이행,건조,맑음,기타 - 기타,기타불명,기타불명,미분류,기타불명,보행자,여,63세,경상
2022042800100473,2022년 4월 28일 19시,목요일,부산광역시 금정구 부곡동,경상사고,0,0,1,0,차대사람 - 횡단중,안전운전불이행,건조,맑음,교차로 - 교차로안,승용,여,30세,상해없음,보행자,여,27세,경상
2022042800100518,2022년 4월 28일 20시,목요일,부산광역시 북구 금곡동,부상신고사고,0,0,0,1,차대차 - 측면충돌,안전운전불이행,건조,맑음,기타 - 기타,승용,여,33세,상해없음,자전거,남,11세,부상신고
2022042800100556,2022년 4월 28일 21시,목요일,부산광역시 중구 부평동4가,경상사고,0,0,3,0,차대차 - 기타,안전운전불이행,건조,맑음,단일로 - 기타,이륜,여,21세,기타불명,승용,남,65세,상해없음
2022042800100573,2022년 4월 28일 22시,목요일,부산광역시 동래구 칠산동,경상사고,0,0,1,0,차대차 - 측면충돌,안전거리미확보,건조,맑음,교차로 - 교차로부근,승합,남,71세,상해없음,승용,남,26세,경상
2022042800100574,2022년 4월 28일 22시,목요일,부산광역시 수영구 광안동,중상사고,0,1,0,0,차대차 - 측면충돌,차로위반,건조,맑음,단일로 - 기타,이륜,남,54세,중상,승용,남,57세,상해없음
2022042800100591,2022년 4월 28일 23시,목요일,부산광역시 중구 중앙동5가,경상사고,0,0,2,0,차대차 - 측면충돌,교차로운행방법위반,건조,맑음,교차로 - 교차로안,승용,여,54세,상해없음,승용,남,21세,경상
2022042800100592,2022년 4월 28일 23시,목요일,부산광역시 사하구 하단동,경상사고,0,0,1,0,차대차 - 기타,안전거리미확보,건조,맑음,단일로 - 기타,승용,남,48세,상해없음,승용,남,28세,경상
2022042900100016,2022년 4월 29일 01시,금요일,부산광역시 동래구 온천동,경상사고,0,0,1,0,차대사람 - 횡단중,안전운전불이행,건조,맑음,단일로 - 기타,승용,남,65세,상해없음,보행자,여,61세,경상
2022042900100064,2022년 4월 29일 05시,금요일,부산광역시 강서구 대저1동,경상사고,0,0,1,0,차대차 - 추돌,안전운전불이행,젖음/습기,비,단일로 - 지하차도(도로)내,화물,남,64세,상해없음,승합,남,40세,경상
2022042900100079,2022년 4월 29일 06시,금요일,부산광역시 기장군 기장읍,경상사고,0,0,1,0,차대차 - 추돌,안전운전불이행,건조,맑음,교차로 - 교차로부근,승용,남,34세,상해없음,승용,여,63세,경상
2022042900100095,2022년 4월 29일 07시,금요일,부산광역시 동구 초량동,경상사고,0,0,1,0,차대차 - 측면충돌,안전거리미확보,젖음/습기,비,단일로 - 기타,승합,남,51세,상해없음,승용,여,32세,경상
2022042900100096,2022년 4월 29일 07시,금요일,부산광역시 사하구 신평동,경상사고,0,0,1,0,차대차 - 추돌,안전거리미확보,건조,맑음,단일로 - 기타,특수,남,55세,상해없음,승용,남,52세,경상