사고번호,사고일시,요일,시군구,사고내용,사망자수,중상자수,경상자수,부상신고자수,사고유형,법규위반,노면상태,기상상태,도로형태,가해운전자 차종,가해운전자 성별,가해운전자 연령,가해운전자 상해정도,피해운전자 차종,피해운전자 성별,피해운전자 연령,피해운전자 상해정도
2.02204E+15,2022년 4월 29일 08시,금요일,부산광역시 영도구 동삼동,중상사고,0,1,0,0,차대사람 - 기타,안전운전불이행,젖음/습기,비,교차로 - 교차로부근,승합,남,54세,상해없음,보행자,여,75세,중상
2022042900100121,2022년 4월 29일 08시,금요일,부산광역시 사하구 신평동,경상사고,0,0,1,0,차대사람 - 기타,보행자보호의무위반,젖음/습기,비,단일로 - 지하차도(도로)내,승용,여,44세,상해없음,보행자,남,10세,경상
2022042900100122,2022년 4월 29일 08시,금요일,부산광역시 연제구 거제동,경상사고,0,0,1,0,차대차 - 기타,안전거리미확보,건조,맑음,교차로 - 교차로안,승용,남,38세,상해없음,승용,남,59세,경상
2.02204E+15,2022년 4월 29일 09시,금요일,부산광역시 부산진구 가야동,경상사고,0,0,1,0,차대차 - 기타,안전거리미확보,젖음/습기,비,단일로 - 기타,승용,남,65세,상해없음,승합,남,60세,기타불명
2022042900100171,2022년 4월 29일 09시,금요일,부산광역시 연제구 거제동,경상사고,0,0,1,0,차대차 - 추돌,안전운전불이행,젖음/습기,비,단일로 - 기타,승용,남,34세,상해없음,승용,남,37세,경상
2022042900100198,2022년 4월 29일 10시,금요일,부산광역시 동구 초량동,경상사고,0,0,1,1,차대차 - 측면충돌,교차로운행방법위반,건조,맑음,교차로 - 교차로부근,승용,여,40세,부상신고,승용,남,29세,경상
2022042900100199,2022년 4월 29일 10시,금요일,부산광역시 기장군 기장읍,경상사고,0,0,3,0,차대차 - 추돌,안전운전불이행,침수,비,교차로 - 교차로부근,승합,남,69세,상해없음,승용,여,48세,경상
2022042900100233,2022년 4월 29일 11시,금요일,부산광역시 해운대구 우동,경상사고,0,0,2,0,차대차 - 측면충돌,안전거리미확보,건조,맑음,단일로 - 기타,화물,남,61세,상해없음,승용,남,51세,경상
2022042900100234,2022년 4월 29일 11시,금요일,부산광역시 부산진구 부전동,경상사고,0,0,1,0,차대차 - 기타,중앙선침범,젖음/습기,비,기타 - 기타,승용,남,미분류,상해없음,이륜,남,35세,경상
2022042900100265,2022년 4월 29일 12시,금요일,부산광역시 수영구 광안동,경상사고,0,0,1,0,차대차 - 측면충돌,안전운전불이행,건조,맑음,단일로 - 기타,이륜,남,22세,상해없음,화물,남,40세,경상
2022042900100291,2022년 4월 29일 13시,금요일,부산광역시 중구 남포동5가,중상사고,0,1,0,0,차대사람 - 차도통행중,안전운전불이행,건조,맑음,단일로 - 기타,승합,남,54세,상해없음,보행자,여,64세,중상
2022042900100292,2022년 4월 29일 13시,금요일,부산광역시 동래구 안락동,경상사고,0,0,1,0,차대사람 - 기타,안전운전불이행,건조,맑음,단일로 - 기타,승용,여,43세,상해없음,보행자,남,32세,경상
2022042900100293,2022년 4월 29일 13시,금요일,부산광역시 해운대구 재송동,중상사고,0,1,0,0,차대사람 - 횡단중,신호위반,건조,맑음,교차로 - 교차로안,이륜,남,17세,상해없음,보행자,여,66세,중상
2022042900100294,2022년 4월 29일 13시,금요일,부산광역시 강서구 대저2동,경상사고,0,0,1,0,차대사람 - 기타,안전운전불이행,건조,맑음,단일로 - 기타,승용,남,64세,상해없음,보행자,남,53세,경상
2022042900100295,2022년 4월 29일 13시,금요일,부산광역시 강서구 대저1동,중상사고,0,1,0,0,차대차 - 측면충돌,안전운전불이행,건조,맑음,교차로 - 교차로부근,승용,여,35세,상해없음,승용,남,49세,중상
2022042900100333,2022년 4월 29일 14시,금요일,부산광역시 북구 구포동,경상사고,0,0,1,0,차대차 - 기타,교차로운행방법위반,건조,맑음,교차로 - 교차로안,승용,남,70세,상해없음,이륜,남,49세,경상
2022042900100334,2022년 4월 29일 14시,금요일,부산광역시 해운대구 재송동,경상사고,0,0,1,0,차대차 - 측면충돌,중앙선침범,건조,맑음,단일로 - 기타,승용,여,50세,상해없음,승용,남,40세,경상
2022042900100405,2022년 4월 29일 16시,금요일,부산광역시 중구 중앙동4가,경상사고,0,0,1,0,차대차 - 측면충돌,안전운전불이행,건조,맑음,교차로 - 교차로부근,승용,여,27세,상해없음,승용,여,46세,경상
2022042900100406,2022년 4월 29일 16시,금요일,부산광역시 남구 용호동,중상사고,0,1,0,0,차대차 - 측면충돌,안전운전불이행,건조,맑음,단일로 - 기타,승용,여,53세,상해없음,승용,남,35세,중상
2022042900100437,2022년 4월 29일 17시,금요일,부산광역시 금정구 남산동,경상사고,0,0,1,0,차대차 - 측면충돌,기타,건조,맑음,교차로 - 교차로안,승용,남,67세,상해없음,승용,여,26세,경상
2022042900100481,2022년 4월 29일 18시,금요일,부산광역시 북구 화명동,경상사고,0,0,1,0,차대차 - 기타,직진우회전진행방해,건조,맑음,교차로 - 교차로안,승용,여,35세,상해없음,원동기,남,39세,경상
2.02204E+15,2022년 4월 29일 19시,금요일,부산광역시 남구 용호동,경상사고,0,0,4,0,차대차 - 기타,신호위반,건조,맑음,단일로 - 기타,승용,남,24세,상해없음,승용,여,33세,경상
2022042900100521,2022년 4월 29일 19시,금요일,부산광역시 사상구 주례동,중상사고,0,1,0,0,차량단독 - 기타,안전운전불이행,건조,맑음,단일로 - 기타,이륜,남,31세,중상,,,,
2022042900100556,2022년 4월 29일 20시,금요일,부산광역시 서구 암남동,경상사고,0,0,2,0,차대사람 - 기타,기타,건조,맑음,단일로 - 기타,승용,남,52세,경상,보행자,여,44세,경상
2022042900100592,2022년 4월 29일 21시,금요일,부산광역시 남구 문현동,중상사고,0,1,0,0,차대사람 - 기타,안전운전불이행,젖음/습기,흐림,교차로 - 교차로횡단보도내,승용,여,33세,상해없음,보행자,여,67세,중상
2022042900100593,2022년 4월 29일 21시,금요일,부산광역시 수영구 민락동,경상사고,0,0,2,0,차대차 - 추돌,안전운전불이행,건조,맑음,교차로 - 교차로부근,승용,남,62세,상해없음,승용,남,29세,경상
2022042900100615,2022년 4월 29일 22시,금요일,부산광역시 부산진구 부전동,경상사고,0,0,2,0,차대차 - 측면충돌,안전운전불이행,건조,맑음,기타 - 기타,승용,남,51세,상해없음,승용,남,70세,경상
2022042900100616,2022년 4월 29일 22시,금요일,부산광역시 부산진구 양정동,경상사고,0,0,1,0,차대사람 - 기타,보행자보호의무위반,건조,맑음,교차로 - 교차로안,승용,여,40세,상해없음,보행자,여,7세,경상
2022042900100617,2022년 4월 29일 22시,금요일,부산광역시 기장군 장안읍,경상사고,0,0,1,0,차대차 - 기타,신호위반,건조,맑음,단일로 - 기타,화물,남,59세,상해없음,승용,여,25세,경상
2.02204E+15,2022년 4월 30일 02시,토요일,부산광역시 금정구 구서동,경상사고,0,0,2,0,차대차 - 측면충돌,안전운전불이행,건조,맑음,기타 - 기타,승용,남,19세,상해없음,승용,여,48세,경상
2022043000100081,2022년 4월 30일 08시,토요일,부산광역시 사하구 하단동,경상사고,0,0,1,0,차대사람 - 보도통행중,기타,건조,맑음,기타 - 기타,화물,남,56세,상해없음,보행자,남,85세,경상
2022043000100096,2022년 4월 30일 09시,토요일,부산광역시 연제구 거제동,경상사고,0,0,1,0,차량단독 - 도로외이탈 - 기타,안전운전불이행,건조,맑음,기타 - 기타,자전거,여,52세,경상,,,,
2.02204E+15,2022년 4월 30일 10시,토요일,부산광역시 북구 화명동,중상사고,0,1,0,0,차대사람 - 기타,보행자보호의무위반,건조,맑음,교차로 - 교차로횡단보도내,화물,남,41세,상해없음,보행자,남,12세,중상
2022043000100121,2022년 4월 30일 10시,토요일,부산광역시 해운대구 반송동,중상사고,0,1,0,0,차대사람 - 기타,안전운전불이행,건조,맑음,기타 - 기타,승용,남,62세,상해없음,보행자,남,53세,중상
2022043000100147,2022년 4월 30일 11시,토요일,부산광역시 부산진구 전포동,경상사고,0,0,1,0,차대차 - 측면충돌,안전운전불이행,건조,맑음,기타 - 기타,승용,여,35세,상해없음,자전거,여,66세,경상
2022043000100181,2022년 4월 30일 12시,토요일,부산광역시 사하구 다대동,경상사고,0,0,2,0,차대차 - 기타,교차로운행방법위반,건조,맑음,교차로 - 교차로안,승용,남,58세,기타불명,승용,남,34세,경상
2022043000100182,2022년 4월 30일 12시,토요일,부산광역시 연제구 연산동,경상사고,0,0,1,0,차대사람 - 횡단중,보행자보호의무위반,건조,맑음,교차로 - 교차로횡단보도내,승용,남,58세,상해없음,보행자,여,25세,경상
2022043000100217,2022년 4월 30일 13시,토요일,부산광역시 남구 문현동,중상사고,0,1,0,0,차대차 - 기타,안전운전불이행,건조,맑음,단일로 - 기타,승용,남,32세,상해없음,원동기,남,53세,중상
2022043000100218,2022년 4월 30일 13시,토요일,부산광역시 남구 용호동,중상사고,0,1,0,0,차대차 - 기타,안전운전불이행,건조,맑음,단일로 - 기타,자전거,남,69세,중상,승용,여,44세,상해없음
2022043000100219,2022년 4월 30일 13시,토요일,부산광역시 북구 화명동,경상사고,0,0,1,0,차대차 - 기타,직진우회전진행방해,건조,맑음,교차로 - 교차로안,승용,여,45세,상해없음,승용,남,33세,경상
2.02204E+15,2022년 4월 30일 13시,토요일,부산광역시 동래구 온천동,경상사고,0,0,2,0,차대차 - 측면충돌,교차로운행방법위반,건조,맑음,교차로 - 교차로안,화물,남,57세,상해없음,승용,남,32세,경상
2022043000100221,2022년 4월 30일 13시,토요일,부산광역시 해운대구 좌동,경상사고,0,0,1,0,차대사람 - 기타,안전운전불이행,건조,맑음,단일로 - 기타,이륜,남,36세,상해없음,보행자,남,31세,경상
2022043000100222,2022년 4월 30일 13시,토요일,부산광역시 강서구 대저1동,부상신고사고,0,0,0,1,차대차 - 측면충돌,신호위반,건조,맑음,교차로 - 교차로안,자전거,남,73세,부상신고,승용,여,60세,상해없음
2022043000100223,2022년 4월 30일 13시,토요일,부산광역시 사상구 모라동,중상사고,0,1,1,0,차대차 - 추돌,교차로운행방법위반,건조,맑음,단일로 - 기타,승용,여,52세,경상,화물,남,31세,중상
2022043000100269,2022년 4월 30일 14시,토요일,부산광역시 영도구 대교동1가,경상사고,0,0,1,0,차대차 - 측면충돌,교차로운행방법위반,건조,맑음,교차로 - 교차로안,승용,남,52세,상해없음,승합,남,36세,상해없음
2.02204E+15,2022년 4월 30일 14시,토요일,부산광역시 해운대구 중동,경상사고,0,0,1,0,차대차 - 추돌,안전거리미확보,건조,맑음,교차로 - 교차로안,승용,남,22세,상해없음,승용,여,40세,경상
2022043000100374,2022년 4월 30일 17시,토요일,부산광역시 남구 감만동,중상사고,0,1,0,0,차대차 - 기타,안전거리미확보,건조,맑음,단일로 - 기타,특수,남,54세,상해없음,승용,남,32세,중상
2022043000100408,2022년 4월 30일 18시,토요일,부산광역시 사상구 감전동,경상사고,0,0,2,0,차대차 - 측면충돌,안전운전불이행,건조,맑음,교차로 - 교차로안,승용,남,82세,상해없음,승용,남,71세,경상
2022043000100446,2022년 4월 30일 19시,토요일,부산광역시 북구 덕천동,중상사고,0,1,0,0,차대차 - 기타,신호위반,건조,맑음,교차로 - 교차로안,원동기,남,62세,중상,승용,남,70세,상해없음
2022043000100469,2022년 4월 30일 20시,토요일,부산광역시 수영구 광안동,경상사고,0,0,1,0,차대사람 - 보도통행중,안전운전불이행,건조,맑음,단일로 - 기타,승용,여,39세,상해없음,보행자,여,25세,경상
2022043000100497,2022년 4월 30일 21시,토요일,부산광역시 부산진구 범천동,중상사고,0,1,2,0,차대차 - 추돌,중앙선침범,건조,맑음,단일로 - 기타,이륜,남,67세,중상,승용,남,58세,경상
2022043000100538,2022년 4월 30일 23시,토요일,부산광역시 해운대구 반여동,경상사고,0,0,2,0,차대차 - 기타,신호위반,건조,맑음,교차로 - 교차로안,승용,여,44세,상해없음,승용,남,65세,경상
2022050100100003,2022년 5월 1일 00시,일요일,부산광역시 동래구 명장동,경상사고,0,0,3,0,차대차 - 추돌,안전운전불이행,건조,맑음,단일로 - 기타,승용,남,34세,상해없음,승용,남,66세,경상
2022050100100004,2022년 5월 1일 00시,일요일,부산광역시 영도구 대교동1가,중상사고,0,1,1,0,차대차 - 기타,신호위반,건조,맑음,교차로 - 교차로안,승용,여,59세,상해없음,승용,남,49세,중상
2022050100100005,2022년 5월 1일 00시,일요일,부산광역시 금정구 부곡동,경상사고,0,0,3,0,차대차 - 추돌,안전운전불이행,건조,맑음,교차로 - 교차로안,승용,남,38세,상해없음,승용,남,63세,경상
2022050100100039,2022년 5월 1일 04시,일요일,부산광역시 수영구 남천동,부상신고사고,0,0,0,1,차량단독 - 공작물충돌,안전운전불이행,건조,맑음,단일로 - 교량,승용,남,32세,부상신고,,,,
2.02205E+15,2022년 5월 1일 04시,일요일,부산광역시 연제구 거제동,중상사고,0,1,0,0,차대사람 - 차도통행중,안전운전불이행,건조,맑음,단일로 - 기타,승용,남,77세,상해없음,보행자,남,24세,중상
2022050100100051,2022년 5월 1일 06시,일요일,부산광역시 중구 영주동,경상사고,0,0,1,0,차량단독 - 기타,안전운전불이행,건조,맑음,단일로 - 기타,이륜,남,25세,경상,,,,
2022050100100088,2022년 5월 1일 09시,일요일,부산광역시 부산진구 연지동,부상신고사고,0,0,0,1,차대차 - 기타,안전운전불이행,건조,맑음,교차로 - 교차로안,이륜,남,55세,부상신고,승용,남,70세,상해없음
2022050100100089,2022년 5월 1일 09시,일요일,부산광역시 부산진구 전포동,경상사고,0,0,1,0,차대차 - 측면충돌,안전운전불이행,건조,맑음,단일로 - 기타,승용,남,45세,상해없음,승용,여,71세,경상
2022050100100112,2022년 5월 1일 10시,일요일,부산광역시 동래구 명륜동,경상사고,0,0,1,0,차량단독 - 기타,안전운전불이행,건조,맑음,단일로 - 기타,승합,남,45세,기타불명,,,,
2022050100100113,2022년 5월 1일 10시,일요일,부산광역시 부산진구 부암동,경상사고,0,0,2,2,차대차 - 기타,교차로운행방법위반,건조,맑음,교차로 - 교차로부근,승용,남,81세,기타불명,승합,남,55세,경상
2022050100100114,2022년 5월 1일 10시,일요일,부산광역시 수영구 수영동,중상사고,0,1,0,0,차대차 - 측면충돌,신호위반,건조,맑음,교차로 - 교차로안,승용,남,70세,상해없음,이륜,남,54세,중상
2022050100100135,2022년 5월 1일 11시,일요일,부산광역시 사상구 감전동,중상사고,0,2,0,0,차대차 - 기타,직진우회전진행방해,건조,맑음,교차로 - 교차로안,승용,남,50세,상해없음,승용,여,38세,중상
2022050100100155,2022년 5월 1일 12시,일요일,부산광역시 금정구 부곡동,경상사고,0,0,3,0,차대차 - 측면충돌,교차로운행방법위반,건조,맑음,교차로 - 교차로안,승용,여,62세,경상,승용,남,44세,경상
2022050100100178,2022년 5월 1일 13시,일요일,부산광역시 중구 남포동6가,중상사고,0,1,0,0,차대차 - 측면충돌,교차로운행방법위반,건조,맑음,교차로 - 교차로안,이륜,남,62세,중상,승용,남,62세,상해없음
2022050100100179,2022년 5월 1일 13시,일요일,부산광역시 남구 대연동,중상사고,0,1,0,0,차대차 - 기타,안전운전불이행,건조,맑음,기타 - 기타,승용,남,71세,상해없음,자전거,남,67세,중상
2.02205E+15,2022년 5월 1일 13시,일요일,부산광역시 영도구 청학동,경상사고,0,0,2,0,차대차 - 기타,신호위반,건조,맑음,교차로 - 교차로안,승용,남,47세,상해없음,승용,남,40세,경상
2022050100100181,2022년 5월 1일 13시,일요일,부산광역시 연제구 연산동,경상사고,0,0,2,0,차대차 - 기타,신호위반,건조,맑음,교차로 - 교차로안,승용,남,69세,상해없음,승용,남,66세,경상
2022050100100182,2022년 5월 1일 13시,일요일,부산광역시 강서구 명지동,경상사고,0,0,1,0,차대차 - 추돌,안전운전불이행,건조,맑음,교차로 - 교차로부근,이륜,남,38세,상해없음,이륜,남,39세,경상
2022050100100244,2022년 5월 1일 15시,일요일,부산광역시 동구 좌천동,부상신고사고,0,0,0,1,차량단독 - 기타,안전운전불이행,건조,맑음,교차로 - 교차로부근,승합,남,49세,상해없음,,,,
2022050100100245,2022년 5월 1일 15시,일요일,부산광역시 해운대구 좌동,경상사고,0,0,2,0,차대차 - 후진중충돌,안전운전불이행,건조,맑음,단일로 - 기타,승용,남,41세,상해없음,승용,남,24세,경상
2022050100100246,2022년 5월 1일 15시,일요일,부산광역시 금정구 장전동,경상사고,0,0,1,0,차대차 - 측면충돌,교차로운행방법위반,건조,맑음,기타 - 기타,승용,여,46세,상해없음,승용,남,55세,상해없음
2022050100100286,2022년 5월 1일 16시,일요일,부산광역시 기장군 정관읍,경상사고,0,0,1,0,차대사람 - 횡단중,보행자보호의무위반,건조,맑음,교차로 - 교차로횡단보도내,승용,남,38세,상해없음,보행자,여,28세,경상
2022050100100351,2022년 5월 1일 18시,일요일,부산광역시 북구 화명동,경상사고,0,0,1,0,차대차 - 기타,안전운전불이행,건조,맑음,단일로 - 기타,승용,남,30세,상해없음,승용,남,43세,경상
2022050100100402,2022년 5월 1일 20시,일요일,부산광역시 서구 암남동,경상사고,0,0,1,0,차대차 - 추돌,기타,건조,맑음,교차로 - 교차로부근,승합,남,72세,상해없음,승용,남,43세,경상
2022050100100403,2022년 5월 1일 20시,일요일,부산광역시 금정구 장전동,경상사고,0,0,2,0,차대차 - 측면충돌,안전운전불이행,건조,맑음,교차로 - 교차로안,승용,남,62세,상해없음,이륜,남,24세,경상
2022050100100423,2022년 5월 1일 21시,일요일,부산광역시 서구 토성동4가,중상사고,0,1,0,0,차대차 - 측면충돌,안전운전불이행,건조,맑음,교차로 - 교차로안,이륜,남,56세,상해없음,이륜,남,39세,중상
2022050100100424,2022년 5월 1일 21시,일요일,부산광역시 동래구 사직동,경상사고,0,0,2,0,차대차 - 기타,안전운전불이행,건조,맑음,기타 - 기타,승용,남,64세,상해없음,승용,남,58세,경상
2022050100100452,2022년 5월 1일 23시,일요일,부산광역시 연제구 연산동,중상사고,0,1,3,0,차대차 - 추돌,신호위반,건조,맑음,교차로 - 교차로안,승용,여,25세,상해없음,승용,남,57세,중상
2022050200100003,2022년 5월 2일 00시,월요일,부산광역시 부산진구 부전동,경상사고,0,0,2,0,차대차 - 측면충돌,신호위반,건조,맑음,교차로 - 교차로안,이륜,남,22세,상해없음,승용,남,45세,경상
2022050200100013,2022년 5월 2일 01시,월요일,부산광역시 강서구 명지동,경상사고,0,0,2,0,차대차 - 측면충돌,안전운전불이행,건조,맑음,단일로 - 지하차도(도로)내,승용,남,25세,상해없음,승용,남,41세,경상
2022050200100035,2022년 5월 2일 06시,월요일,부산광역시 동래구 온천동,경상사고,0,0,1,0,차대차 - 기타,기타,건조,맑음,단일로 - 기타,화물,남,62세,상해없음,승용,여,30세,경상
2022050200100049,2022년 5월 2일 07시,월요일,부산광역시 북구 금곡동,중상사고,0,1,0,0,차대사람 - 기타,안전운전불이행,건조,맑음,교차로 - 교차로안,화물,남,22세,상해없음,보행자,여,72세,중상
2.02205E+15,2022년 5월 2일 07시,월요일,부산광역시 강서구 명지동,중상사고,0,1,0,0,차대사람 - 횡단중,보행자보호의무위반,건조,맑음,교차로 - 교차로안,승용,여,45세,상해없음,보행자,여,15세,중상
2022050200100082,2022년 5월 2일 08시,월요일,부산광역시 동구 초량동,경상사고,0,0,2,0,차대차 - 측면충돌,안전거리미확보,건조,맑음,교차로 - 교차로부근,승용,남,53세,경상,승용,여,25세,경상
2022050200100128,2022년 5월 2일 09시,월요일,부산광역시 해운대구 좌동,경상사고,0,0,1,0,차대차 - 추돌,안전운전불이행,건조,맑음,단일로 - 기타,승용,남,42세,상해없음,이륜,남,34세,경상
2022050200100129,2022년 5월 2일 09시,월요일,부산광역시 사하구 신평동,경상사고,0,0,1,0,차대사람 - 횡단중,보행자보호의무위반,건조,맑음,교차로 - 교차로안,화물,남,53세,상해없음,보행자,여,58세,경상
2.02205E+15,2022년 5월 2일 09시,월요일,부산광역시 연제구 연산동,경상사고,0,0,2,0,차대차 - 추돌,안전운전불이행,건조,맑음,단일로 - 기타,승용,여,48세,상해없음,승용,남,47세,경상
2022050200100164,2022년 5월 2일 10시,월요일,부산광역시 동구 수정동,경상사고,0,0,2,0,차대차 - 측면충돌,중앙선침범,건조,맑음,단일로 - 지하차도(도로)내,승용,여,57세,상해없음,승용,남,79세,상해없음
2022050200100165,2022년 5월 2일 10시,월요일,부산광역시 동구 초량동,중상사고,0,1,0,0,차대차 - 측면충돌,안전운전불이행,건조,맑음,교차로 - 교차로부근,이륜,남,66세,중상,화물,남,55세,상해없음
2022050200100192,2022년 5월 2일 11시,월요일,부산광역시 금정구 장전동,경상사고,0,0,3,0,차대차 - 기타,직진우회전진행방해,건조,맑음,교차로 - 교차로안,승용,남,38세,경상,승용,남,56세,상해없음
2022050200100193,2022년 5월 2일 11시,월요일,부산광역시 금정구 두구동,경상사고,0,0,1,0,차대차 - 기타,기타,건조,맑음,교차로 - 교차로부근,승용,여,68세,상해없음,승용,여,32세,경상
2022050200100194,2022년 5월 2일 11시,월요일,부산광역시 사하구 구평동,중상사고,0,1,0,0,차대사람 - 횡단중,안전운전불이행,건조,맑음,단일로 - 기타,승용,남,76세,상해없음,보행자,여,32세,중상
2.02205E+15,2022년 5월 2일 12시,월요일,부산광역시 해운대구 반여동,중상사고,0,1,0,0,차대사람 - 기타,기타,건조,맑음,기타 - 기타,자전거,남,25세,상해없음,보행자,여,67세,중상
2022050200100231,2022년 5월 2일 12시,월요일,부산광역시 금정구 장전동,경상사고,0,0,1,0,차대차 - 측면충돌,안전운전불이행,건조,맑음,단일로 - 기타,승용,여,43세,상해없음,승용,남,48세,경상
2022050200100232,2022년 5월 2일 12시,월요일,부산광역시 연제구 연산동,중상사고,0,1,0,0,차대사람 - 횡단중,보행자보호의무위반,건조,맑음,교차로 - 교차로횡단보도내,승용,남,68세,상해없음,보행자,남,84세,중상
2022050200100268,2022년 5월 2일 13시,월요일,부산광역시 영도구 남항동3가,경상사고,0,0,2,0,차대차 - 기타,안전운전불이행,건조,맑음,기타 - 기타,화물,남,48세,상해없음,이륜,남,58세,경상
2022050200100269,2022년 5월 2일 13시,월요일,부산광역시 해운대구 우동,중상사고,0,1,2,0,차대차 - 추돌,안전운전불이행,건조,맑음,교차로 - 교차로부근,승용,남,27세,상해없음,이륜,남,59세,중상
2.02205E+15,2022년 5월 2일 13시,월요일,부산광역시 사상구 주례동,중상사고,0,1,0,0,차대사람 - 기타,안전운전불이행,건조,맑음,교차로 - 교차로안,승용,남,20세,상해없음,보행자,여,65세,중상
2022050200100326,2022년 5월 2일 15시,월요일,부산광역시 중구 중앙동6가,경상사고,0,0,1,0,차대차 - 기타,교차로운행방법위반,건조,맑음,교차로 - 교차로안,승용,남,65세,상해없음,승합,남,58세,상해없음
2022050200100327,2022년 5월 2일 15시,월요일,부산광역시 남구 대연동,경상사고,0,0,1,0,차대차 - 측면충돌,안전운전불이행,건조,맑음,교차로 - 교차로부근,승합,남,51세,상해없음,승용,남,75세,경상
2022050200100328,2022년 5월 2일 15시,월요일,부산광역시 해운대구 중동,중상사고,0,1,0,0,차대차 - 측면충돌,안전운전불이행,건조,맑음,교차로 - 교차로안,이륜,남,56세,중상,승용,남,22세,상해없음
2022050200100329,2022년 5월 2일 15시,월요일,부산광역시 사하구 신평동,경상사고,0,0,2,0,차대차 - 기타,신호위반,건조,맑음,교차로 - 교차로안,승합,남,72세,상해없음,승용,남,61세,경상
2022050200100375,2022년 5월 2일 16시,월요일,부산광역시 동구 초량동,경상사고,0,0,1,0,차대차 - 기타,차로위반,건조,맑음,단일로 - 기타,승용,남,46세,상해없음,승용,남,69세,경상
2022050200100376,2022년 5월 2일 16시,월요일,부산광역시 해운대구 우동,경상사고,0,0,2,0,차대사람 - 횡단중,신호위반,건조,흐림,단일로 - 기타,이륜,남,41세,상해없음,보행자,여,70세,경상
2022050200100418,2022년 5월 2일 17시,월요일,부산광역시 서구 토성동2가,부상신고사고,0,0,0,1,차대차 - 기타,신호위반,젖음/습기,비,단일로 - 기타,승용,남,76세,상해없음,이륜,남,25세,부상신고
2022050200100419,2022년 5월 2일 17시,월요일,부산광역시 동래구 수안동,경상사고,0,0,1,0,차대차 - 측면충돌,안전운전불이행,건조,맑음,단일로 - 기타,자전거,여,62세,경상,승용,남,52세,상해없음
2.02205E+15,2022년 5월 2일 17시,월요일,부산광역시 동래구 온천동,경상사고,0,0,1,0,차대차 - 기타,안전운전불이행,건조,맑음,단일로 - 기타,승용,남,69세,상해없음,원동기,남,40세,경상
2022050200100464,2022년 5월 2일 18시,월요일,부산광역시 사하구 괴정동,경상사고,0,0,1,0,차대차 - 추돌,안전운전불이행,건조,맑음,단일로 - 기타,승용,남,54세,상해없음,승용,남,51세,상해없음
2022050200100498,2022년 5월 2일 19시,월요일,부산광역시 수영구 수영동,중상사고,0,1,1,0,차대차 - 기타,안전운전불이행,건조,맑음,교차로 - 교차로부근,승용,남,44세,상해없음,원동기,남,21세,경상
2022050200100527,2022년 5월 2일 20시,월요일,부산광역시 남구 대연동,중상사고,0,1,0,0,차대차 - 측면충돌,신호위반,건조,맑음,교차로 - 교차로안,이륜,남,30세,중상,승용,여,29세,상해없음
2022050200100528,2022년 5월 2일 20시,월요일,부산광역시 동래구 사직동,경상사고,0,0,4,0,차대차 - 측면충돌,직진우회전진행방해,젖음/습기,비,교차로 - 교차로안,승합,남,61세,경상,승용,여,31세,경상
2022050200100529,2022년 5월 2일 20시,월요일,부산광역시 부산진구 부전동,경상사고,0,0,1,0,차대차 - 후진중충돌,안전운전불이행,젖음/습기,비,단일로 - 기타,승용,남,23세,상해없음,이륜,남,23세,경상
2.02205E+15,2022년 5월 2일 20시,월요일,부산광역시 연제구 연산동,중상사고,0,1,0,0,차대사람 - 기타,보행자보호의무위반,건조,맑음,단일로 - 기타,이륜,남,25세,상해없음,보행자,여,71세,중상
2022050200100565,2022년 5월 2일 21시,월요일,부산광역시 부산진구 전포동,경상사고,0,0,2,0,차대차 - 측면충돌,안전거리미확보,젖음/습기,비,교차로 - 교차로부근,승용,남,65세,상해없음,승용,남,24세,경상
2022050200100566,2022년 5월 2일 21시,월요일,부산광역시 사하구 장림동,경상사고,0,0,1,0,차대차 - 추돌,안전운전불이행,젖음/습기,비,단일로 - 기타,승용,남,63세,상해없음,이륜,남,51세,경상
2022050200100588,2022년 5월 2일 22시,월요일,부산광역시 서구 아미동2가,경상사고,0,0,1,0,차대차 - 측면충돌,중앙선침범,젖음/습기,비,단일로 - 지하차도(도로)내,승용,남,58세,상해없음,승용,남,51세,경상
2022050200100589,2022년 5월 2일 22시,월요일,부산광역시 부산진구 전포동,중상사고,0,1,0,0,차대차 - 측면충돌,신호위반,젖음/습기,비,교차로 - 교차로안,승용,남,26세,상해없음,승용,남,23세,중상
2.02205E+15,2022년 5월 2일 22시,월요일,부산광역시 사하구 구평동,부상신고사고,0,0,0,1,차대사람 - 기타,안전운전불이행,젖음/습기,비,교차로 - 교차로부근,기타불명,기타불명,미분류,기타불명,보행자,남,26세,부상신고
2022050200100611,2022년 5월 2일 23시,월요일,부산광역시 연제구 연산동,경상사고,0,0,1,0,차대사람 - 횡단중,안전운전불이행,젖음/습기,비,단일로 - 기타,승용,남,62세,상해없음,보행자,남,58세,경상
2022050300100003,2022년 5월 3일 00시,화요일,부산광역시 동구 범일동,경상사고,0,0,3,0,차대차 - 추돌,안전운전불이행,젖음/습기,흐림,단일로 - 기타,승용,남,31세,상해없음,승용,남,49세,경상
2022050300100004,2022년 5월 3일 00시,화요일,부산광역시 기장군 기장읍,경상사고,0,0,1,0,차대차 - 기타,안전운전불이행,젖음/습기,비,교차로 - 교차로부근,승용,남,34세,상해없음,승용,남,41세,경상