사고번호,사고일시,요일,시군구,사고내용,사망자수,중상자수,경상자수,부상신고자수,사고유형,법규위반,노면상태,기상상태,도로형태,가해운전자 차종,가해운전자 성별,가해운전자 연령,가해운전자 상해정도,피해운전자 차종,피해운전자 성별,피해운전자 연령,피해운전자 상해정도
2022051000100321,2022년 5월 10일 14시,화요일,부산광역시 서구 충무동1가,경상사고,0,0,1,0,차대사람 - 길가장자리구역통행중,안전운전불이행,건조,맑음,단일로 - 기타,화물,남,55세,상해없음,보행자,남,53세,경상
2022051000100322,2022년 5월 10일 14시,화요일,부산광역시 동래구 낙민동,경상사고,0,0,1,0,차대차 - 추돌,안전운전불이행,건조,맑음,단일로 - 기타,승용,남,64세,상해없음,승용,남,64세,경상
2022051000100323,2022년 5월 10일 14시,화요일,부산광역시 해운대구 반여동,경상사고,0,0,1,0,차대차 - 추돌,안전운전불이행,건조,맑음,교차로 - 교차로부근,화물,남,51세,상해없음,화물,남,55세,경상
2022051000100354,2022년 5월 10일 15시,화요일,부산광역시 동구 좌천동,경상사고,0,0,2,0,차대차 - 추돌,안전운전불이행,건조,맑음,교차로 - 교차로부근,승용,여,64세,상해없음,승용,남,63세,상해없음
2022051000100397,2022년 5월 10일 16시,화요일,부산광역시 부산진구 부전동,중상사고,0,1,0,0,차대차 - 기타,신호위반,건조,맑음,단일로 - 기타,승용,여,34세,상해없음,원동기,남,38세,중상
2.02205E+15,2022년 5월 10일 17시,화요일,부산광역시 강서구 명지동,중상사고,0,1,2,0,차대차 - 추돌,기타,건조,맑음,단일로 - 교량,승용,남,68세,상해없음,이륜,남,58세,중상
2022051000100441,2022년 5월 10일 17시,화요일,부산광역시 강서구 강동동,부상신고사고,0,0,0,1,차량단독 - 기타,안전운전불이행,건조,맑음,교차로 - 교차로안,농기계,남,39세,부상신고,,,,
2022051000100477,2022년 5월 10일 18시,화요일,부산광역시 중구 신창동4가,부상신고사고,0,0,0,1,차대차 - 측면충돌,안전운전불이행,건조,맑음,교차로 - 교차로부근,이륜,남,60세,부상신고,승용,남,66세,상해없음
2022051000100478,2022년 5월 10일 18시,화요일,부산광역시 동구 초량동,경상사고,0,0,1,0,차대사람 - 기타,안전운전불이행,건조,맑음,단일로 - 기타,승용,여,27세,상해없음,보행자,여,33세,경상
2022051000100479,2022년 5월 10일 18시,화요일,부산광역시 금정구 부곡동,경상사고,0,0,2,0,차대차 - 정면충돌,안전운전불이행,건조,맑음,단일로 - 지하차도(도로)내,이륜,남,17세,상해없음,이륜,남,26세,경상
2022051000100516,2022년 5월 10일 19시,화요일,부산광역시 중구 중앙동6가,경상사고,0,0,1,0,차대차 - 측면충돌,안전운전불이행,건조,맑음,단일로 - 기타,승합,남,63세,상해없음,승용,남,47세,경상
2022051000100517,2022년 5월 10일 19시,화요일,부산광역시 영도구 동삼동,경상사고,0,0,1,0,차대차 - 측면충돌,안전운전불이행,건조,맑음,단일로 - 기타,승용,여,42세,상해없음,승용,남,60세,경상
2022051000100518,2022년 5월 10일 19시,화요일,부산광역시 영도구 청학동,경상사고,0,0,1,0,차대차 - 추돌,안전운전불이행,건조,맑음,단일로 - 지하차도(도로)내,이륜,남,33세,기타불명,승용,남,49세,경상
2022051000100546,2022년 5월 10일 20시,화요일,부산광역시 부산진구 가야동,경상사고,0,0,2,0,차대차 - 추돌,안전운전불이행,건조,맑음,교차로 - 교차로부근,승용,남,62세,상해없음,승용,남,45세,경상
2022051000100576,2022년 5월 10일 21시,화요일,부산광역시 기장군 정관읍,경상사고,0,0,1,0,차대사람 - 기타,안전운전불이행,건조,맑음,기타 - 기타,승용,여,25세,상해없음,보행자,남,48세,경상
2022051100100003,2022년 5월 11일 00시,수요일,부산광역시 동래구 온천동,경상사고,0,0,1,0,차대사람 - 기타,안전운전불이행,건조,맑음,교차로 - 교차로부근,승용,남,55세,상해없음,보행자,남,48세,경상
2022051100100021,2022년 5월 11일 03시,수요일,부산광역시 강서구 대저1동,경상사고,0,0,1,0,차대차 - 기타,안전거리미확보,건조,맑음,단일로 - 기타,기타불명,기타불명,미분류,기타불명,승용,남,46세,상해없음
2022051100100041,2022년 5월 11일 06시,수요일,부산광역시 수영구 망미동,중상사고,0,1,0,0,차대차 - 기타,신호위반,건조,맑음,단일로 - 기타,승용,남,29세,상해없음,이륜,남,42세,중상
2022051100100052,2022년 5월 11일 07시,수요일,부산광역시 서구 동대신동3가,경상사고,0,0,1,0,차대차 - 기타,안전거리미확보,건조,맑음,단일로 - 기타,승용,여,41세,상해없음,승합,남,53세,경상
2022051100100053,2022년 5월 11일 07시,수요일,부산광역시 서구 충무동1가,경상사고,0,0,1,0,차대차 - 측면충돌,교차로운행방법위반,건조,맑음,교차로 - 교차로안,화물,남,46세,기타불명,승용,여,22세,경상
2022051100100076,2022년 5월 11일 08시,수요일,부산광역시 서구 부민동1가,중상사고,0,1,2,0,차대차 - 측면충돌,차로위반,건조,맑음,교차로 - 교차로부근,승용,남,32세,경상,승용,여,28세,경상
2022051100100077,2022년 5월 11일 08시,수요일,부산광역시 영도구 동삼동,경상사고,0,0,1,0,차대차 - 측면충돌,직진우회전진행방해,건조,맑음,교차로 - 교차로안,승용,남,31세,기타불명,승용,여,56세,경상
2022051100100078,2022년 5월 11일 08시,수요일,부산광역시 사하구 다대동,중상사고,0,1,0,0,차대차 - 기타,기타,건조,맑음,단일로 - 기타,화물,남,34세,상해없음,자전거,남,82세,중상
2022051100100079,2022년 5월 11일 08시,수요일,부산광역시 사하구 괴정동,중상사고,0,1,0,0,차대차 - 기타,불법유턴,건조,맑음,단일로 - 기타,자전거,남,71세,중상,승용,남,49세,상해없음
2.02205E+15,2022년 5월 11일 08시,수요일,부산광역시 강서구 녹산동,경상사고,0,0,1,0,차대차 - 추돌,안전운전불이행,건조,맑음,단일로 - 기타,승용,남,29세,상해없음,승용,여,38세,경상
2.02205E+15,2022년 5월 11일 09시,수요일,부산광역시 동구 초량동,중상사고,0,1,0,0,차대차 - 추돌,안전운전불이행,건조,맑음,단일로 - 기타,화물,남,25세,상해없음,승용,남,69세,중상
2022051100100122,2022년 5월 11일 09시,수요일,부산광역시 연제구 거제동,중상사고,0,1,0,0,차대사람 - 횡단중,불법유턴,건조,맑음,단일로 - 기타,화물,남,63세,상해없음,보행자,남,53세,중상
2022051100100123,2022년 5월 11일 09시,수요일,부산광역시 연제구 연산동,경상사고,0,0,2,0,차대차 - 기타,교차로운행방법위반,건조,맑음,교차로 - 교차로안,승용,남,42세,경상,승용,남,50세,경상
2022051100100152,2022년 5월 11일 10시,수요일,부산광역시 동래구 명장동,경상사고,0,0,1,0,차대차 - 측면충돌,안전운전불이행,건조,맑음,교차로 - 교차로안,승용,남,71세,상해없음,승용,남,67세,경상
2022051100100153,2022년 5월 11일 10시,수요일,부산광역시 부산진구 개금동,중상사고,0,1,0,0,차대사람 - 기타,안전운전불이행,건조,맑음,단일로 - 기타,승용,남,69세,상해없음,보행자,여,76세,중상
2022051100100154,2022년 5월 11일 10시,수요일,부산광역시 금정구 금사동,경상사고,0,0,1,1,차대차 - 측면충돌,교차로운행방법위반,건조,맑음,교차로 - 교차로안,화물,남,73세,부상신고,화물,남,64세,경상
2022051100100178,2022년 5월 11일 11시,수요일,부산광역시 중구 신창동4가,중상사고,0,1,0,0,차대사람 - 기타,안전운전불이행,건조,맑음,단일로 - 기타,승용,남,68세,상해없음,보행자,여,84세,중상
2022051100100179,2022년 5월 11일 11시,수요일,부산광역시 동래구 온천동,경상사고,0,0,2,0,차대차 - 추돌,안전거리미확보,건조,맑음,교차로 - 교차로부근,화물,남,47세,상해없음,승용,여,31세,경상
2022051100100204,2022년 5월 11일 12시,수요일,부산광역시 부산진구 전포동,중상사고,0,1,0,0,차대차 - 측면충돌,기타,건조,맑음,단일로 - 기타,승용,남,74세,상해없음,이륜,남,44세,중상
2022051100100205,2022년 5월 11일 12시,수요일,부산광역시 수영구 망미동,중상사고,0,1,0,0,차대사람 - 횡단중,보행자보호의무위반,건조,맑음,교차로 - 교차로안,승용,여,44세,상해없음,보행자,여,65세,중상
2.02205E+15,2022년 5월 11일 13시,수요일,부산광역시 금정구 부곡동,경상사고,0,0,1,0,차대사람 - 기타,안전운전불이행,건조,맑음,기타 - 기타,화물,남,76세,상해없음,보행자,남,61세,경상
2022051100100261,2022년 5월 11일 14시,수요일,부산광역시 서구 충무동1가,중상사고,0,1,0,0,차대사람 - 횡단중,안전운전불이행,건조,맑음,교차로 - 교차로부근,화물,남,67세,상해없음,보행자,여,52세,중상
2022051100100262,2022년 5월 11일 14시,수요일,부산광역시 부산진구 부전동,경상사고,0,0,1,1,차대사람 - 기타,안전운전불이행,건조,맑음,단일로 - 기타,화물,남,56세,상해없음,보행자,남,62세,부상신고
2022051100100263,2022년 5월 11일 14시,수요일,부산광역시 금정구 구서동,경상사고,0,0,1,0,차대차 - 측면충돌,교차로운행방법위반,건조,맑음,교차로 - 교차로안,승용,여,43세,기타불명,화물,여,61세,경상
2022051100100298,2022년 5월 11일 15시,수요일,부산광역시 남구 대연동,경상사고,0,0,1,0,차대차 - 측면충돌,안전운전불이행,건조,맑음,교차로 - 교차로부근,승용,남,46세,상해없음,승용,여,19세,경상
2022051100100335,2022년 5월 11일 16시,수요일,부산광역시 동구 좌천동,경상사고,0,0,1,1,차대차 - 기타,신호위반,건조,맑음,단일로 - 기타,승용,남,39세,상해없음,승합,남,43세,부상신고
2022051100100336,2022년 5월 11일 16시,수요일,부산광역시 강서구 송정동,중상사고,0,1,0,0,차대차 - 측면충돌,안전운전불이행,건조,맑음,교차로 - 교차로안,특수,남,65세,상해없음,승용,남,34세,중상
2022051100100386,2022년 5월 11일 17시,수요일,부산광역시 동구 범일동,부상신고사고,0,0,0,1,차량단독 - 기타,안전운전불이행,건조,맑음,단일로 - 기타,승합,남,51세,상해없음,,,,
2022051100100427,2022년 5월 11일 18시,수요일,부산광역시 동구 초량동,경상사고,0,0,1,0,차대차 - 측면충돌,안전운전불이행,건조,맑음,단일로 - 기타,이륜,남,22세,상해없음,이륜,여,56세,경상
2022051100100428,2022년 5월 11일 18시,수요일,부산광역시 해운대구 우동,경상사고,0,0,2,0,차대차 - 측면충돌,안전운전불이행,건조,맑음,교차로 - 교차로안,승용,여,61세,상해없음,승용,남,21세,경상
2022051100100429,2022년 5월 11일 18시,수요일,부산광역시 강서구 봉림동,중상사고,0,1,1,0,차대차 - 추돌,안전운전불이행,건조,맑음,단일로 - 기타,특수,남,48세,상해없음,화물,남,54세,중상
2022051100100473,2022년 5월 11일 19시,수요일,부산광역시 동구 좌천동,중상사고,0,1,0,0,차대차 - 기타,안전운전불이행,건조,맑음,단일로 - 기타,승용,여,55세,상해없음,승용,남,37세,중상
2022051100100474,2022년 5월 11일 19시,수요일,부산광역시 사상구 모라동,경상사고,0,0,1,0,차대차 - 측면충돌,신호위반,건조,맑음,단일로 - 기타,승용,여,50세,상해없음,이륜,남,76세,경상
2022051100100475,2022년 5월 11일 19시,수요일,부산광역시 기장군 기장읍,중상사고,0,1,0,0,차대사람 - 횡단중,신호위반,젖음/습기,비,교차로 - 교차로횡단보도내,이륜,남,18세,상해없음,보행자,여,42세,중상
2022051100100568,2022년 5월 11일 23시,수요일,부산광역시 남구 대연동,경상사고,0,0,1,0,차대사람 - 횡단중,신호위반,건조,맑음,교차로 - 교차로부근,승용,남,71세,상해없음,보행자,여,26세,경상
2022051200100018,2022년 5월 12일 01시,목요일,부산광역시 동래구 온천동,경상사고,0,0,1,0,차대사람 - 기타,안전운전불이행,건조,맑음,단일로 - 기타,이륜,남,35세,상해없음,보행자,여,61세,경상
2.02205E+15,2022년 5월 12일 02시,목요일,부산광역시 연제구 연산동,경상사고,0,0,1,0,차대차 - 측면충돌,안전운전불이행,건조,맑음,단일로 - 기타,승용,남,43세,상해없음,이륜,남,39세,경상
2.02205E+15,2022년 5월 12일 05시,목요일,부산광역시 사상구 엄궁동,경상사고,0,0,1,0,차대차 - 추돌,안전운전불이행,건조,맑음,교차로 - 교차로부근,화물,남,45세,상해없음,승용,남,42세,경상
2.02205E+15,2022년 5월 12일 07시,목요일,부산광역시 기장군 기장읍,중상사고,0,1,0,0,차대차 - 기타,안전운전불이행,건조,맑음,교차로 - 교차로안,승용,여,78세,상해없음,이륜,남,59세,중상
2022051200100096,2022년 5월 12일 08시,목요일,부산광역시 수영구 망미동,경상사고,0,0,2,0,차대차 - 기타,기타,건조,맑음,단일로 - 기타,승용,남,81세,상해없음,개인형이동수단(PM),남,40세,경상
2.02205E+15,2022년 5월 12일 09시,목요일,부산광역시 수영구 광안동,경상사고,0,0,1,0,차대차 - 기타,안전거리미확보,건조,맑음,단일로 - 기타,승용,남,55세,상해없음,승합,남,47세,상해없음
2022051200100141,2022년 5월 12일 09시,목요일,부산광역시 금정구 부곡동,경상사고,0,0,1,0,차대사람 - 기타,안전운전불이행,건조,맑음,기타 - 기타,승용,여,22세,상해없음,보행자,여,66세,경상
2022051200100191,2022년 5월 12일 11시,목요일,부산광역시 남구 용호동,중상사고,0,1,0,0,차대차 - 측면충돌,교차로운행방법위반,건조,맑음,교차로 - 교차로안,이륜,남,48세,중상,승용,남,60세,상해없음
2022051200100192,2022년 5월 12일 11시,목요일,부산광역시 금정구 부곡동,경상사고,0,0,1,0,차대차 - 추돌,안전운전불이행,건조,맑음,단일로 - 기타,화물,남,65세,상해없음,이륜,남,77세,경상
2022051200100222,2022년 5월 12일 12시,목요일,부산광역시 남구 대연동,중상사고,0,2,0,0,차대차 - 측면충돌,안전운전불이행,건조,맑음,단일로 - 기타,승용,남,66세,상해없음,승용,남,25세,중상
2022051200100223,2022년 5월 12일 12시,목요일,부산광역시 금정구 구서동,중상사고,0,1,0,0,차대사람 - 횡단중,안전운전불이행,건조,맑음,교차로 - 교차로안,승용,여,53세,상해없음,보행자,남,78세,중상
2022051200100224,2022년 5월 12일 12시,목요일,부산광역시 기장군 기장읍,중상사고,0,1,0,0,차대사람 - 횡단중,직진우회전진행방해,건조,맑음,교차로 - 교차로안,승용,남,67세,상해없음,보행자,남,63세,중상
2022051200100316,2022년 5월 12일 15시,목요일,부산광역시 중구 남포동5가,경상사고,0,0,1,0,차대사람 - 기타,안전운전불이행,건조,맑음,단일로 - 기타,승용,여,75세,상해없음,보행자,여,67세,경상
2022051200100317,2022년 5월 12일 15시,목요일,부산광역시 해운대구 반송동,경상사고,0,0,1,0,차대사람 - 횡단중,안전운전불이행,건조,맑음,단일로 - 기타,승용,남,49세,상해없음,보행자,여,59세,경상
2022051200100318,2022년 5월 12일 15시,목요일,부산광역시 사상구 삼락동,사망사고,1,0,0,0,차대차 - 측면충돌,안전운전불이행,건조,맑음,단일로 - 지하차도(도로)내,화물,남,33세,상해없음,자전거,남,80세,사망
2022051200100319,2022년 5월 12일 15시,목요일,부산광역시 기장군 정관읍,중상사고,0,1,0,0,차대사람 - 횡단중,신호위반,건조,맑음,단일로 - 기타,화물,남,53세,상해없음,보행자,남,10세,중상
2022051200100357,2022년 5월 12일 16시,목요일,부산광역시 남구 대연동,경상사고,0,0,2,0,차대차 - 기타,기타,건조,맑음,단일로 - 기타,승용,남,63세,상해없음,이륜,남,32세,경상
2022051200100358,2022년 5월 12일 16시,목요일,부산광역시 동래구 안락동,중상사고,0,1,0,0,차대차 - 기타,안전운전불이행,건조,맑음,단일로 - 기타,승용,남,67세,상해없음,화물,남,65세,중상
2022051200100397,2022년 5월 12일 17시,목요일,부산광역시 금정구 구서동,경상사고,0,0,2,0,차대차 - 측면충돌,신호위반,건조,맑음,단일로 - 지하차도(도로)내,승용,여,57세,상해없음,승용,남,26세,경상
2022051200100448,2022년 5월 12일 18시,목요일,부산광역시 북구 구포동,경상사고,0,0,1,0,차대사람 - 기타,안전운전불이행,건조,맑음,단일로 - 기타,승용,남,63세,상해없음,보행자,남,67세,경상
2022051200100449,2022년 5월 12일 18시,목요일,부산광역시 동래구 명장동,중상사고,0,1,0,0,차대차 - 추돌,안전거리미확보,건조,맑음,교차로 - 교차로부근,승용,여,64세,상해없음,승용,여,45세,중상
2.02205E+15,2022년 5월 12일 18시,목요일,부산광역시 연제구 거제동,경상사고,0,0,1,0,차대차 - 추돌,교차로운행방법위반,건조,맑음,교차로 - 교차로안,승용,남,27세,상해없음,이륜,남,71세,경상
2022051200100489,2022년 5월 12일 19시,목요일,부산광역시 남구 대연동,중상사고,0,2,0,0,차대차 - 추돌,안전거리미확보,건조,맑음,교차로 - 교차로부근,화물,남,69세,기타불명,승용,남,48세,중상
2.02205E+15,2022년 5월 12일 19시,목요일,부산광역시 영도구 봉래동4가,경상사고,0,0,1,0,차대차 - 측면충돌,안전운전불이행,건조,맑음,단일로 - 기타,화물,남,69세,상해없음,승용,여,33세,경상
2022051200100491,2022년 5월 12일 19시,목요일,부산광역시 연제구 거제동,중상사고,0,1,0,0,차대사람 - 기타,안전운전불이행,건조,맑음,단일로 - 기타,승용,여,35세,상해없음,보행자,남,74세,중상
2.02205E+15,2022년 5월 12일 20시,목요일,부산광역시 동구 초량동,경상사고,0,0,1,0,차대차 - 측면충돌,교차로운행방법위반,건조,맑음,교차로 - 교차로안,특수,남,25세,상해없음,승용,남,37세,경상
2022051200100555,2022년 5월 12일 21시,목요일,부산광역시 강서구 송정동,경상사고,0,0,1,0,차대차 - 추돌,안전운전불이행,건조,맑음,교차로 - 교차로부근,화물,남,52세,상해없음,승용,남,76세,경상
2022051200100574,2022년 5월 12일 22시,목요일,부산광역시 남구 대연동,경상사고,0,0,1,0,차대사람 - 기타,안전운전불이행,건조,맑음,단일로 - 기타,승용,남,47세,기타불명,보행자,남,19세,경상
2022051300100003,2022년 5월 13일 00시,금요일,부산광역시 기장군 정관읍,중상사고,0,1,0,0,차대차 - 추돌,안전운전불이행,건조,맑음,교차로 - 교차로부근,이륜,남,19세,상해없음,승용,남,26세,상해없음
2022051300100016,2022년 5월 13일 01시,금요일,부산광역시 사하구 다대동,사망사고,1,0,0,0,차대사람 - 횡단중,기타,건조,맑음,교차로 - 교차로횡단보도내,승용,남,63세,상해없음,보행자,남,55세,사망
2022051300100052,2022년 5월 13일 07시,금요일,부산광역시 부산진구 부전동,경상사고,0,0,2,0,차대차 - 기타,신호위반,건조,맑음,교차로 - 교차로부근,화물,남,61세,상해없음,승용,남,37세,경상
2022051300100085,2022년 5월 13일 08시,금요일,부산광역시 동래구 명륜동,경상사고,0,0,1,0,차대차 - 측면충돌,중앙선침범,건조,흐림,단일로 - 기타,승용,남,57세,상해없음,이륜,남,25세,경상
2022051300100086,2022년 5월 13일 08시,금요일,부산광역시 영도구 영선동3가,부상신고사고,0,0,0,2,차대차 - 추돌,교차로운행방법위반,건조,맑음,교차로 - 교차로안,승용,여,48세,상해없음,화물,여,44세,부상신고
2022051300100087,2022년 5월 13일 08시,금요일,부산광역시 영도구 대교동1가,경상사고,0,0,1,0,차대차 - 추돌,안전운전불이행,건조,맑음,단일로 - 지하차도(도로)내,승용,여,70세,기타불명,승용,남,41세,경상
2022051300100088,2022년 5월 13일 08시,금요일,부산광역시 금정구 남산동,경상사고,0,0,1,0,차대차 - 측면충돌,안전운전불이행,건조,맑음,단일로 - 기타,승용,여,41세,상해없음,승용,여,53세,경상
2022051300100089,2022년 5월 13일 08시,금요일,부산광역시 강서구 송정동,경상사고,0,0,1,0,차대차 - 측면충돌,안전운전불이행,건조,맑음,교차로 - 교차로안,승용,여,28세,상해없음,개인형이동수단(PM),여,32세,경상
2022051300100136,2022년 5월 13일 09시,금요일,부산광역시 동구 초량동,경상사고,0,0,1,0,차대차 - 측면충돌,안전거리미확보,건조,맑음,단일로 - 기타,승용,남,65세,상해없음,승용,여,51세,경상
2022051300100164,2022년 5월 13일 10시,금요일,부산광역시 동래구 칠산동,경상사고,0,0,1,0,차대사람 - 횡단중,보행자보호의무위반,건조,맑음,교차로 - 교차로횡단보도내,승용,남,65세,상해없음,보행자,여,41세,경상
2.02205E+15,2022년 5월 13일 11시,금요일,부산광역시 동구 범일동,경상사고,0,0,1,0,차대차 - 후진중충돌,안전운전불이행,건조,맑음,교차로 - 교차로안,승용,남,36세,상해없음,승용,여,30세,경상
2022051300100201,2022년 5월 13일 11시,금요일,부산광역시 수영구 남천동,중상사고,0,1,0,0,차대사람 - 기타,안전운전불이행,건조,맑음,주차장 - 주차장,승용,여,48세,상해없음,보행자,여,76세,중상
2022051300100202,2022년 5월 13일 11시,금요일,부산광역시 강서구 명지동,경상사고,0,0,1,0,차대차 - 측면충돌,안전거리미확보,건조,맑음,단일로 - 기타,승용,남,39세,상해없음,승용,여,35세,경상
2022051300100203,2022년 5월 13일 11시,금요일,부산광역시 연제구 연산동,경상사고,0,0,1,0,차대차 - 측면충돌,직진우회전진행방해,건조,맑음,교차로 - 교차로안,이륜,남,54세,상해없음,승용,여,32세,경상
2022051300100204,2022년 5월 13일 11시,금요일,부산광역시 사상구 감전동,경상사고,0,0,1,0,차대차 - 측면충돌,안전거리미확보,건조,맑음,교차로 - 교차로부근,건설기계,남,55세,상해없음,승용,남,64세,경상
2022051300100205,2022년 5월 13일 11시,금요일,부산광역시 기장군 기장읍,경상사고,0,0,1,0,차대차 - 기타,안전운전불이행,건조,맑음,교차로 - 교차로부근,승용,남,79세,상해없음,화물,남,50세,경상
2022051300100244,2022년 5월 13일 12시,금요일,부산광역시 부산진구 범전동,경상사고,0,0,1,1,차대차 - 기타,안전운전불이행,건조,기타,교차로 - 교차로부근,이륜,남,52세,부상신고,승용,여,49세,경상
2022051300100279,2022년 5월 13일 13시,금요일,부산광역시 부산진구 가야동,중상사고,0,1,0,0,차대차 - 추돌,안전거리미확보,건조,맑음,단일로 - 기타,승용,남,56세,상해없음,이륜,남,17세,중상
2.02205E+15,2022년 5월 13일 13시,금요일,부산광역시 부산진구 개금동,경상사고,0,0,1,0,차대차 - 측면충돌,신호위반,건조,맑음,교차로 - 교차로안,승용,여,60세,상해없음,승용,남,53세,경상
2022051300100281,2022년 5월 13일 13시,금요일,부산광역시 사상구 감전동,중상사고,0,1,0,0,차대차 - 기타,안전운전불이행,건조,기타,단일로 - 기타,화물,남,50세,상해없음,자전거,남,45세,중상
2022051300100309,2022년 5월 13일 14시,금요일,부산광역시 동구 좌천동,경상사고,0,0,3,0,차대차 - 추돌,안전운전불이행,건조,맑음,교차로 - 교차로부근,승용,남,62세,상해없음,승용,남,66세,경상
2.02205E+15,2022년 5월 13일 14시,금요일,부산광역시 남구 대연동,중상사고,0,2,0,0,차대차 - 추돌,안전운전불이행,건조,맑음,단일로 - 터널,화물,남,69세,중상,화물,남,62세,상해없음
2022051300100311,2022년 5월 13일 14시,금요일,부산광역시 연제구 연산동,경상사고,0,0,2,0,차대차 - 후진중충돌,안전운전불이행,건조,맑음,교차로 - 교차로부근,화물,남,61세,경상,승용,남,40세,경상
2022051300100345,2022년 5월 13일 15시,금요일,부산광역시 동구 범일동,중상사고,0,1,0,0,차대사람 - 횡단중,신호위반,건조,맑음,교차로 - 교차로부근,승합,남,43세,상해없음,보행자,여,73세,중상
2022051300100346,2022년 5월 13일 15시,금요일,부산광역시 동래구 온천동,중상사고,0,1,2,0,차대차 - 기타,불법유턴,건조,맑음,단일로 - 기타,승용,여,44세,상해없음,승합,남,66세,중상
2022051300100383,2022년 5월 13일 16시,금요일,부산광역시 북구 구포동,경상사고,0,0,1,0,차대차 - 측면충돌,안전거리미확보,건조,맑음,단일로 - 지하차도(도로)내,승용,여,51세,상해없음,승용,여,66세,경상
2022051300100412,2022년 5월 13일 17시,금요일,부산광역시 남구 대연동,경상사고,0,0,1,0,차대차 - 추돌,안전거리미확보,건조,맑음,단일로 - 교량,화물,남,55세,상해없음,이륜,남,25세,경상
2022051300100413,2022년 5월 13일 17시,금요일,부산광역시 북구 덕천동,중상사고,0,1,0,0,차대사람 - 횡단중,안전운전불이행,건조,맑음,교차로 - 교차로횡단보도내,승용,여,54세,상해없음,보행자,남,81세,중상
2022051300100414,2022년 5월 13일 17시,금요일,부산광역시 강서구 명지동,경상사고,0,0,1,0,차대사람 - 기타,안전운전불이행,건조,맑음,단일로 - 기타,승용,남,38세,상해없음,보행자,여,77세,경상
2022051300100468,2022년 5월 13일 18시,금요일,부산광역시 동래구 안락동,경상사고,0,0,1,0,차대차 - 측면충돌,안전운전불이행,건조,맑음,단일로 - 기타,승용,남,48세,상해없음,승용,여,59세,경상
2022051300100469,2022년 5월 13일 18시,금요일,부산광역시 동래구 복천동,경상사고,0,0,1,0,차대차 - 측면충돌,안전거리미확보,건조,맑음,단일로 - 기타,승용,남,65세,상해없음,승용,남,69세,경상
2022051300100534,2022년 5월 13일 19시,금요일,부산광역시 북구 화명동,경상사고,0,0,1,0,차대차 - 추돌,안전운전불이행,젖음/습기,비,단일로 - 고가도로위,승용,남,49세,상해없음,승용,여,46세,경상
2022051300100535,2022년 5월 13일 19시,금요일,부산광역시 부산진구 전포동,경상사고,0,0,1,0,차대차 - 기타,안전운전불이행,건조,기타,단일로 - 기타,이륜,남,45세,경상,승용,남,50세,상해없음
2022051300100574,2022년 5월 13일 20시,금요일,부산광역시 수영구 남천동,경상사고,0,0,1,0,차대차 - 측면충돌,안전운전불이행,건조,맑음,단일로 - 기타,원동기,남,51세,경상,승용,남,52세,상해없음
2022051300100575,2022년 5월 13일 20시,금요일,부산광역시 남구 문현동,경상사고,0,0,2,0,차대차 - 측면충돌,안전거리미확보,건조,맑음,교차로 - 교차로부근,승용,남,69세,경상,승용,남,23세,상해없음
2022051300100577,2022년 5월 13일 20시,금요일,부산광역시 해운대구 반여동,경상사고,0,0,1,0,차대사람 - 횡단중,보행자보호의무위반,건조,맑음,교차로 - 교차로안,승용,남,41세,상해없음,보행자,남,7세,경상
2022051300100608,2022년 5월 13일 21시,금요일,부산광역시 해운대구 우동,경상사고,0,0,1,0,차대차 - 측면충돌,안전운전불이행,건조,맑음,교차로 - 교차로안,승용,남,63세,기타불명,승용,남,25세,경상
2022051300100642,2022년 5월 13일 22시,금요일,부산광역시 영도구 영선동4가,중상사고,0,1,0,0,차대사람 - 기타,교차로운행방법위반,건조,맑음,교차로 - 교차로안,승용,여,38세,기타불명,보행자,남,31세,중상
2022051300100643,2022년 5월 13일 22시,금요일,부산광역시 해운대구 중동,경상사고,0,0,1,0,차대차 - 추돌,안전운전불이행,건조,맑음,교차로 - 교차로부근,승용,남,59세,기타불명,승용,여,47세,경상
2022051300100644,2022년 5월 13일 22시,금요일,부산광역시 연제구 거제동,경상사고,0,0,1,0,차대사람 - 횡단중,중앙선침범,젖음/습기,비,단일로 - 기타,승용,남,51세,상해없음,보행자,여,72세,경상
2022051300100645,2022년 5월 13일 22시,금요일,부산광역시 기장군 기장읍,경상사고,0,0,1,0,차대차 - 기타,안전운전불이행,건조,맑음,단일로 - 기타,승용,남,34세,상해없음,이륜,남,29세,경상
2022051400100006,2022년 5월 14일 00시,토요일,부산광역시 부산진구 부전동,경상사고,0,0,1,0,차대사람 - 차도통행중,안전운전불이행,건조,맑음,교차로 - 교차로횡단보도내,승용,남,53세,상해없음,보행자,남,42세,경상
2022051400100027,2022년 5월 14일 02시,토요일,부산광역시 남구 대연동,경상사고,0,0,1,0,차대사람 - 기타,안전운전불이행,건조,맑음,단일로 - 기타,승용,여,35세,상해없음,보행자,남,27세,경상
2022051400100028,2022년 5월 14일 02시,토요일,부산광역시 연제구 연산동,중상사고,0,1,1,0,차대차 - 측면충돌,신호위반,건조,맑음,교차로 - 교차로안,원동기,남,26세,중상,승용,여,39세,경상
2022051400100046,2022년 5월 14일 03시,토요일,부산광역시 부산진구 부전동,중상사고,0,1,0,0,차대사람 - 횡단중,안전운전불이행,건조,맑음,단일로 - 기타,승용,여,27세,상해없음,보행자,남,56세,중상