사고번호,사고일시,요일,시군구,사고내용,사망자수,중상자수,경상자수,부상신고자수,사고유형,법규위반,노면상태,기상상태,도로형태,가해운전자 차종,가해운전자 성별,가해운전자 연령,가해운전자 상해정도,피해운전자 차종,피해운전자 성별,피해운전자 연령,피해운전자 상해정도
2022051400100058,2022년 5월 14일 04시,토요일,부산광역시 수영구 수영동,중상사고,0,1,1,0,차대차 - 정면충돌,중앙선침범,건조,맑음,단일로 - 기타,승용,남,24세,상해없음,승용,남,76세,중상
2022051400100086,2022년 5월 14일 07시,토요일,부산광역시 사하구 장림동,경상사고,0,0,1,0,차대차 - 측면충돌,교차로운행방법위반,건조,맑음,교차로 - 교차로안,화물,남,63세,상해없음,화물,남,55세,경상
2022051400100122,2022년 5월 14일 09시,토요일,부산광역시 동구 초량동,부상신고사고,0,0,0,1,차대차 - 추돌,안전운전불이행,건조,맑음,단일로 - 기타,승용,남,74세,상해없음,승용,남,47세,부상신고
2022051400100123,2022년 5월 14일 09시,토요일,부산광역시 사하구 장림동,경상사고,0,0,1,0,차대차 - 측면충돌,안전거리미확보,건조,맑음,단일로 - 기타,승용,남,68세,상해없음,승합,여,61세,경상
2.02205E+15,2022년 5월 14일 10시,토요일,부산광역시 해운대구 재송동,중상사고,0,1,1,0,차대차 - 추돌,안전거리미확보,건조,맑음,단일로 - 지하차도(도로)내,승용,남,26세,상해없음,승용,여,67세,경상
2022051400100151,2022년 5월 14일 10시,토요일,부산광역시 부산진구 당감동,경상사고,0,0,5,0,차대차 - 추돌,안전운전불이행,건조,맑음,기타 - 기타,화물,남,28세,상해없음,승용,남,32세,경상
2022051400100179,2022년 5월 14일 11시,토요일,부산광역시 서구 충무동1가,경상사고,0,0,1,0,차대차 - 측면충돌,안전운전불이행,건조,맑음,교차로 - 교차로안,승용,여,51세,상해없음,승용,여,23세,경상
2.02205E+15,2022년 5월 14일 11시,토요일,부산광역시 동래구 안락동,중상사고,0,1,0,0,차대차 - 정면충돌,안전운전불이행,기타,맑음,기타 - 기타,자전거,남,73세,상해없음,자전거,여,35세,중상
2022051400100224,2022년 5월 14일 12시,토요일,부산광역시 남구 용당동,경상사고,0,0,1,0,차대차 - 측면충돌,신호위반,건조,맑음,교차로 - 교차로횡단보도내,승용,여,58세,상해없음,이륜,남,59세,경상
2022051400100225,2022년 5월 14일 12시,토요일,부산광역시 북구 화명동,경상사고,0,0,1,0,차대차 - 기타,안전운전불이행,건조,맑음,단일로 - 기타,승용,남,66세,상해없음,승합,남,31세,상해없음
2022051400100257,2022년 5월 14일 13시,토요일,부산광역시 동구 수정동,중상사고,0,1,0,0,차대차 - 정면충돌,교차로운행방법위반,건조,맑음,교차로 - 교차로안,승합,남,55세,상해없음,이륜,남,36세,중상
2022051400100304,2022년 5월 14일 14시,토요일,부산광역시 남구 대연동,경상사고,0,0,1,0,차대차 - 기타,안전운전불이행,건조,맑음,단일로 - 기타,승용,남,41세,상해없음,승합,남,49세,경상
2022051400100305,2022년 5월 14일 14시,토요일,부산광역시 수영구 광안동,경상사고,0,0,2,0,차대차 - 측면충돌,안전운전불이행,건조,맑음,교차로 - 교차로부근,승용,남,61세,상해없음,승용,남,24세,경상
2022051400100306,2022년 5월 14일 14시,토요일,부산광역시 북구 덕천동,경상사고,0,0,1,0,차대사람 - 기타,안전운전불이행,건조,맑음,기타 - 기타,승용,남,75세,상해없음,보행자,남,82세,경상
2022051400100307,2022년 5월 14일 14시,토요일,부산광역시 부산진구 양정동,경상사고,0,0,1,0,차대차 - 정면충돌,안전운전불이행,건조,맑음,단일로 - 기타,승용,여,54세,상해없음,승용,남,41세,경상
2022051400100346,2022년 5월 14일 15시,토요일,부산광역시 서구 남부민동,중상사고,0,1,0,0,차대차 - 기타,안전운전불이행,건조,맑음,단일로 - 기타,승용,남,34세,상해없음,개인형이동수단(PM),남,45세,중상
2022051400100347,2022년 5월 14일 15시,토요일,부산광역시 동래구 온천동,중상사고,0,1,0,0,차대차 - 기타,안전운전불이행,건조,맑음,교차로 - 교차로안,승용,남,72세,상해없음,사륜오토바이(ATV),남,43세,중상
2022051400100348,2022년 5월 14일 15시,토요일,부산광역시 해운대구 반여동,경상사고,0,0,1,0,차대차 - 측면충돌,안전운전불이행,건조,맑음,단일로 - 기타,승용,남,57세,상해없음,이륜,남,25세,경상
2022051400100349,2022년 5월 14일 15시,토요일,부산광역시 금정구 오륜동,경상사고,0,0,2,0,차대차 - 측면충돌,불법유턴,건조,맑음,단일로 - 기타,승용,여,61세,상해없음,승용,남,53세,경상
2022051400100398,2022년 5월 14일 16시,토요일,부산광역시 동래구 명륜동,경상사고,0,0,1,0,차대차 - 기타,안전운전불이행,건조,맑음,단일로 - 기타,승용,남,35세,상해없음,자전거,남,83세,경상
2022051400100442,2022년 5월 14일 17시,토요일,부산광역시 해운대구 우동,경상사고,0,0,1,0,차대차 - 측면충돌,교차로운행방법위반,건조,맑음,단일로 - 기타,승용,남,34세,상해없음,이륜,남,24세,경상
2022051400100443,2022년 5월 14일 17시,토요일,부산광역시 금정구 부곡동,경상사고,0,0,2,0,차대차 - 기타,교차로운행방법위반,건조,맑음,교차로 - 교차로안,화물,남,45세,상해없음,승용,남,42세,경상
2022051400100488,2022년 5월 14일 18시,토요일,부산광역시 연제구 연산동,경상사고,0,0,1,0,차대차 - 기타,안전거리미확보,건조,맑음,단일로 - 기타,승용,남,48세,상해없음,승합,남,50세,경상
2022051400100523,2022년 5월 14일 19시,토요일,부산광역시 해운대구 우동,경상사고,0,0,1,0,차대사람 - 보도통행중,신호위반,건조,맑음,기타 - 기타,승용,남,56세,상해없음,보행자,여,23세,경상
2022051400100524,2022년 5월 14일 19시,토요일,부산광역시 부산진구 가야동,중상사고,0,1,0,0,차대차 - 추돌,안전운전불이행,건조,맑음,단일로 - 기타,승용,남,45세,상해없음,이륜,남,38세,중상
2022051400100562,2022년 5월 14일 20시,토요일,부산광역시 부산진구 부전동,경상사고,0,0,1,0,차대사람 - 기타,안전운전불이행,건조,맑음,단일로 - 기타,승용,남,18세,상해없음,보행자,여,26세,경상
2.02205E+15,2022년 5월 14일 21시,토요일,부산광역시 부산진구 부전동,경상사고,0,0,1,0,차대사람 - 기타,보행자보호의무위반,건조,맑음,단일로 - 기타,이륜,남,24세,상해없음,보행자,남,27세,경상
2022051400100615,2022년 5월 14일 22시,토요일,부산광역시 해운대구 재송동,경상사고,0,0,3,0,차대차 - 측면충돌,안전운전불이행,건조,맑음,단일로 - 기타,승용,남,31세,상해없음,승용,남,38세,경상
2022051500100004,2022년 5월 15일 00시,일요일,부산광역시 수영구 민락동,경상사고,0,0,1,0,차대차 - 기타,안전운전불이행,건조,맑음,단일로 - 기타,승용,여,24세,상해없음,승용,남,36세,기타불명
2022051500100005,2022년 5월 15일 00시,일요일,부산광역시 부산진구 연지동,중상사고,0,1,3,1,차대차 - 추돌,안전운전불이행,건조,맑음,교차로 - 교차로부근,승용,남,72세,부상신고,승용,여,44세,경상
2022051500100028,2022년 5월 15일 01시,일요일,부산광역시 사하구 하단동,부상신고사고,0,0,0,1,차대차 - 기타,신호위반,건조,맑음,단일로 - 기타,이륜,남,52세,상해없음,자전거,남,61세,부상신고
2022051500100049,2022년 5월 15일 03시,일요일,부산광역시 부산진구 부전동,경상사고,0,0,1,0,차대사람 - 기타,신호위반,젖음/습기,맑음,단일로 - 기타,이륜,여,22세,상해없음,보행자,남,25세,경상
2.02205E+15,2022년 5월 15일 03시,일요일,부산광역시 부산진구 전포동,중상사고,0,1,1,0,차대차 - 측면충돌,신호위반,건조,맑음,교차로 - 교차로안,승용,남,38세,상해없음,이륜,남,18세,중상
2022051500100051,2022년 5월 15일 03시,일요일,부산광역시 사하구 신평동,사망사고,1,1,0,0,차량단독 - 공작물충돌,안전운전불이행,건조,맑음,단일로 - 기타,승용,여,23세,상해없음,,,,
2022051500100072,2022년 5월 15일 05시,일요일,부산광역시 연제구 연산동,경상사고,0,0,1,0,차대사람 - 횡단중,신호위반,건조,맑음,단일로 - 기타,승용,남,54세,상해없음,보행자,여,48세,경상
2022051500100089,2022년 5월 15일 07시,일요일,부산광역시 기장군 기장읍,경상사고,0,0,1,0,차대차 - 기타,안전거리미확보,건조,맑음,기타 - 기타,승용,남,26세,상해없음,승용,남,69세,경상
2022051500100099,2022년 5월 15일 08시,일요일,부산광역시 강서구 성북동,중상사고,0,1,4,0,차대차 - 추돌,안전운전불이행,건조,맑음,단일로 - 기타,승용,남,52세,상해없음,승용,남,48세,중상
2.02205E+15,2022년 5월 15일 12시,일요일,부산광역시 수영구 수영동,중상사고,0,1,0,0,차대사람 - 기타,안전운전불이행,건조,맑음,단일로 - 기타,승용,여,39세,상해없음,보행자,여,85세,중상
2022051500100191,2022년 5월 15일 12시,일요일,부산광역시 강서구 식만동,중상사고,0,1,1,0,차대차 - 기타,중앙선침범,건조,맑음,단일로 - 기타,승용,남,75세,기타불명,화물,남,30세,경상
2022051500100218,2022년 5월 15일 13시,일요일,부산광역시 부산진구 부전동,경상사고,0,0,4,0,차대차 - 기타,안전운전불이행,건조,기타,단일로 - 기타,승합,남,39세,상해없음,승용,남,34세,상해없음
2022051500100249,2022년 5월 15일 14시,일요일,부산광역시 남구 문현동,중상사고,0,1,0,0,차대사람 - 횡단중,안전운전불이행,건조,맑음,교차로 - 교차로부근,승용,여,24세,상해없음,보행자,여,76세,중상
2.02205E+15,2022년 5월 15일 14시,일요일,부산광역시 부산진구 개금동,중상사고,0,1,0,0,차대사람 - 횡단중,보행자보호의무위반,건조,맑음,교차로 - 교차로횡단보도내,승용,여,53세,상해없음,보행자,여,21세,중상
2022051500100251,2022년 5월 15일 14시,일요일,부산광역시 사하구 신평동,중상사고,0,2,1,0,차대차 - 기타,교차로운행방법위반,건조,맑음,교차로 - 교차로안,승용,여,58세,기타불명,승용,남,32세,중상
2022051500100252,2022년 5월 15일 14시,일요일,부산광역시 연제구 연산동,경상사고,0,0,1,0,차대사람 - 기타,안전운전불이행,건조,맑음,단일로 - 기타,승합,남,54세,기타불명,보행자,남,53세,경상
2022051500100279,2022년 5월 15일 15시,일요일,부산광역시 동구 초량동,중상사고,0,1,0,0,차대차 - 추돌,안전운전불이행,건조,맑음,단일로 - 기타,승용,남,62세,상해없음,승용,여,46세,중상
2.02205E+15,2022년 5월 15일 15시,일요일,부산광역시 서구 서대신동2가,경상사고,0,0,1,0,차대사람 - 기타,보행자보호의무위반,건조,맑음,단일로 - 기타,승용,여,41세,상해없음,보행자,여,18세,경상
2022051500100281,2022년 5월 15일 15시,일요일,부산광역시 동래구 온천동,중상사고,0,1,0,0,차대차 - 측면충돌,신호위반,건조,맑음,교차로 - 교차로안,승용,여,54세,상해없음,원동기,남,27세,중상
2022051500100282,2022년 5월 15일 15시,일요일,부산광역시 동래구 사직동,경상사고,0,0,1,0,차대차 - 측면충돌,신호위반,건조,맑음,교차로 - 교차로안,승용,남,37세,상해없음,승용,여,25세,경상
2022051500100283,2022년 5월 15일 15시,일요일,부산광역시 해운대구 재송동,경상사고,0,0,1,0,차대차 - 기타,교차로운행방법위반,건조,맑음,교차로 - 교차로안,승용,남,71세,상해없음,승용,남,32세,상해없음
2022051500100393,2022년 5월 15일 18시,일요일,부산광역시 해운대구 우동,경상사고,0,0,2,0,차대차 - 추돌,안전운전불이행,건조,맑음,교차로 - 교차로부근,화물,남,47세,상해없음,승용,남,39세,경상
2022051500100394,2022년 5월 15일 18시,일요일,부산광역시 부산진구 당감동,경상사고,0,0,1,0,차대차 - 기타,안전운전불이행,건조,맑음,교차로 - 교차로부근,승용,남,55세,상해없음,이륜,남,20세,경상
2022051500100395,2022년 5월 15일 18시,일요일,부산광역시 사상구 모라동,경상사고,0,0,1,0,차대차 - 측면충돌,안전운전불이행,건조,맑음,단일로 - 기타,기타불명,기타불명,미분류,기타불명,자전거,여,53세,경상
2.02205E+15,2022년 5월 15일 19시,일요일,부산광역시 해운대구 재송동,경상사고,0,0,1,0,차대사람 - 기타,안전운전불이행,건조,맑음,단일로 - 기타,원동기,남,20세,상해없음,보행자,여,53세,경상
2.02205E+15,2022년 5월 15일 22시,일요일,부산광역시 사하구 하단동,경상사고,0,0,1,0,차대사람 - 기타,안전운전불이행,건조,맑음,주차장 - 주차장,이륜,남,17세,상해없음,보행자,여,39세,경상
2022051500100498,2022년 5월 15일 23시,일요일,부산광역시 중구 대창동1가,경상사고,0,0,3,0,차대차 - 측면충돌,신호위반,건조,맑음,교차로 - 교차로안,승용,남,62세,상해없음,승합,남,42세,경상
2022051600100014,2022년 5월 16일 02시,월요일,부산광역시 기장군 정관읍,경상사고,0,0,1,0,차대차 - 추돌,안전운전불이행,건조,맑음,교차로 - 교차로부근,승용,남,33세,상해없음,승용,남,39세,경상
2022051600100058,2022년 5월 16일 07시,월요일,부산광역시 사하구 괴정동,경상사고,0,0,1,0,차대차 - 기타,교차로운행방법위반,건조,맑음,교차로 - 교차로부근,승용,남,19세,상해없음,승합,남,56세,상해없음
2022051600100059,2022년 5월 16일 07시,월요일,부산광역시 사상구 감전동,경상사고,0,0,1,0,차대차 - 측면충돌,안전운전불이행,건조,맑음,교차로 - 교차로부근,특수,남,52세,상해없음,승합,남,49세,경상
2022051600100085,2022년 5월 16일 08시,월요일,부산광역시 사하구 신평동,중상사고,0,1,0,0,차대차 - 기타,교차로운행방법위반,건조,맑음,교차로 - 교차로안,승용,여,47세,상해없음,자전거,여,30세,중상
2022051600100086,2022년 5월 16일 08시,월요일,부산광역시 사상구 감전동,경상사고,0,0,2,0,차대차 - 측면충돌,안전운전불이행,건조,맑음,단일로 - 기타,화물,남,33세,상해없음,승용,여,49세,경상
2022051600100135,2022년 5월 16일 09시,월요일,부산광역시 서구 동대신동2가,경상사고,0,0,2,0,차대차 - 측면충돌,안전운전불이행,건조,맑음,단일로 - 기타,화물,남,71세,경상,승합,남,53세,경상
2022051600100136,2022년 5월 16일 09시,월요일,부산광역시 북구 금곡동,경상사고,0,0,2,0,차대차 - 기타,교차로운행방법위반,건조,맑음,교차로 - 교차로안,승용,남,37세,상해없음,승용,여,59세,경상
2022051600100181,2022년 5월 16일 10시,월요일,부산광역시 연제구 거제동,경상사고,0,0,1,0,차대차 - 측면충돌,안전거리미확보,건조,맑음,단일로 - 기타,승용,남,72세,상해없음,화물,남,30세,경상
2022051600100207,2022년 5월 16일 11시,월요일,부산광역시 동구 범일동,경상사고,0,0,1,0,차대차 - 측면충돌,안전거리미확보,건조,맑음,단일로 - 기타,승용,여,66세,상해없음,승용,남,37세,경상
2022051600100208,2022년 5월 16일 11시,월요일,부산광역시 해운대구 재송동,중상사고,0,1,0,0,차대사람 - 횡단중,신호위반,건조,맑음,단일로 - 기타,승용,여,55세,상해없음,보행자,여,70세,중상
2022051600100241,2022년 5월 16일 12시,월요일,부산광역시 부산진구 개금동,경상사고,0,0,1,0,차대사람 - 기타,안전운전불이행,건조,맑음,단일로 - 기타,승용,남,65세,상해없음,보행자,남,53세,경상
2022051600100305,2022년 5월 16일 14시,월요일,부산광역시 수영구 광안동,경상사고,0,0,1,0,차대사람 - 횡단중,보행자보호의무위반,건조,맑음,교차로 - 교차로횡단보도내,화물,남,33세,상해없음,보행자,남,7세,경상
2022051600100343,2022년 5월 16일 15시,월요일,부산광역시 수영구 광안동,경상사고,0,0,2,0,차대차 - 추돌,안전운전불이행,건조,맑음,단일로 - 기타,이륜,남,72세,상해없음,승용,남,70세,경상
2.02205E+15,2022년 5월 16일 16시,월요일,부산광역시 해운대구 반송동,경상사고,0,0,1,0,차대사람 - 보도통행중,안전운전불이행,건조,맑음,단일로 - 기타,승용,남,39세,상해없음,보행자,여,60세,경상
2022051600100381,2022년 5월 16일 16시,월요일,부산광역시 사하구 당리동,경상사고,0,0,1,0,차대사람 - 길가장자리구역통행중,안전운전불이행,건조,맑음,단일로 - 기타,승용,남,71세,상해없음,보행자,여,48세,경상
2022051600100382,2022년 5월 16일 16시,월요일,부산광역시 기장군 기장읍,중상사고,0,1,0,0,차대사람 - 횡단중,보행자보호의무위반,건조,맑음,교차로 - 교차로횡단보도내,승합,남,55세,상해없음,보행자,여,69세,중상
2022051600100423,2022년 5월 16일 17시,월요일,부산광역시 서구 토성동5가,부상신고사고,0,0,0,1,차대사람 - 기타,안전운전불이행,건조,맑음,단일로 - 기타,화물,남,65세,상해없음,보행자,남,74세,부상신고
2022051600100424,2022년 5월 16일 17시,월요일,부산광역시 남구 문현동,경상사고,0,0,1,0,차대차 - 측면충돌,안전운전불이행,건조,맑음,기타 - 기타,승합,남,72세,상해없음,승용,여,38세,경상
2022051600100425,2022년 5월 16일 17시,월요일,부산광역시 수영구 남천동,부상신고사고,0,0,0,1,차대차 - 측면충돌,안전거리미확보,건조,맑음,단일로 - 기타,이륜,남,28세,부상신고,승용,남,48세,상해없음
2022051600100426,2022년 5월 16일 17시,월요일,부산광역시 남구 우암동,경상사고,0,0,1,0,차대차 - 측면충돌,안전운전불이행,건조,맑음,단일로 - 기타,특수,남,68세,상해없음,승용,남,49세,경상
2022051600100427,2022년 5월 16일 17시,월요일,부산광역시 동래구 온천동,경상사고,0,0,1,0,차대차 - 추돌,안전운전불이행,건조,맑음,교차로 - 교차로부근,승용,남,44세,상해없음,이륜,남,25세,경상
2022051600100428,2022년 5월 16일 17시,월요일,부산광역시 동래구 온천동,중상사고,0,2,0,0,차대차 - 측면충돌,중앙선침범,건조,맑음,단일로 - 기타,승합,남,60세,상해없음,승용,남,28세,중상
2.02205E+15,2022년 5월 16일 18시,월요일,부산광역시 서구 토성동5가,경상사고,0,0,1,0,차대차 - 측면충돌,차로위반,건조,맑음,단일로 - 기타,승용,남,64세,상해없음,이륜,남,27세,경상
2022051600100471,2022년 5월 16일 18시,월요일,부산광역시 동래구 명장동,중상사고,0,1,0,0,차대차 - 측면충돌,안전운전불이행,건조,맑음,교차로 - 교차로부근,이륜,여,69세,중상,승용,남,51세,상해없음
2022051600100472,2022년 5월 16일 18시,월요일,부산광역시 사하구 장림동,경상사고,0,0,3,0,차대차 - 추돌,기타,건조,맑음,단일로 - 기타,승용,남,63세,상해없음,이륜,남,39세,경상
2022051600100473,2022년 5월 16일 18시,월요일,부산광역시 사상구 주례동,경상사고,0,0,1,0,차대차 - 측면충돌,안전거리미확보,건조,맑음,단일로 - 기타,승합,남,46세,상해없음,이륜,남,43세,경상
2022051600100474,2022년 5월 16일 18시,월요일,부산광역시 기장군 기장읍,중상사고,0,1,0,0,차대차 - 추돌,안전운전불이행,건조,맑음,교차로 - 교차로부근,승용,남,52세,상해없음,승용,여,32세,중상
2022051600100516,2022년 5월 16일 19시,월요일,부산광역시 강서구 명지동,중상사고,0,1,0,0,차대차 - 기타,불법유턴,건조,맑음,교차로 - 교차로횡단보도내,자전거,남,68세,중상,승용,남,27세,상해없음
2022051600100542,2022년 5월 16일 20시,월요일,부산광역시 기장군 정관읍,경상사고,0,0,2,0,차대차 - 추돌,안전거리미확보,건조,맑음,교차로 - 교차로안,승용,여,50세,상해없음,승용,남,70세,경상
2022051600100567,2022년 5월 16일 21시,월요일,부산광역시 금정구 장전동,중상사고,0,1,0,0,차대차 - 측면충돌,중앙선침범,건조,맑음,단일로 - 기타,이륜,남,32세,상해없음,이륜,여,38세,중상
2.02205E+15,2022년 5월 16일 23시,월요일,부산광역시 부산진구 전포동,사망사고,1,0,0,0,차대차 - 추돌,안전운전불이행,건조,맑음,교차로 - 교차로부근,건설기계,남,72세,상해없음,이륜,남,32세,사망
2022051600100611,2022년 5월 16일 23시,월요일,부산광역시 부산진구 양정동,경상사고,0,0,1,0,차대차 - 기타,중앙선침범,건조,맑음,교차로 - 교차로안,승용,남,32세,상해없음,승용,남,67세,경상
2022051700100011,2022년 5월 17일 01시,화요일,부산광역시 금정구 회동동,경상사고,0,0,3,0,차대차 - 추돌,기타,건조,맑음,교차로 - 교차로부근,승용,남,70세,경상,승용,여,64세,경상
2022051700100031,2022년 5월 17일 04시,화요일,부산광역시 서구 남부민동,경상사고,0,0,1,0,차대차 - 측면충돌,안전운전불이행,건조,맑음,교차로 - 교차로안,화물,남,56세,기타불명,승용,남,80세,경상
2022051700100053,2022년 5월 17일 07시,화요일,부산광역시 금정구 오륜동,경상사고,0,0,1,0,차대차 - 측면충돌,안전거리미확보,건조,맑음,단일로 - 기타,특수,남,57세,상해없음,승용,남,35세,경상
2022051700100076,2022년 5월 17일 08시,화요일,부산광역시 수영구 남천동,경상사고,0,0,1,0,차대차 - 기타,안전운전불이행,건조,맑음,교차로 - 교차로안,승용,남,59세,상해없음,승용,여,31세,경상
2022051700100077,2022년 5월 17일 08시,화요일,부산광역시 연제구 연산동,경상사고,0,0,1,0,차대차 - 기타,교차로운행방법위반,건조,맑음,교차로 - 교차로안,승용,남,50세,상해없음,승용,여,46세,경상
2022051700100124,2022년 5월 17일 09시,화요일,부산광역시 사하구 하단동,경상사고,0,0,1,0,차대차 - 기타,안전거리미확보,건조,맑음,단일로 - 기타,승용,여,68세,상해없음,승용,남,65세,경상
2022051700100158,2022년 5월 17일 10시,화요일,부산광역시 강서구 구랑동,중상사고,0,1,0,0,차량단독 - 공작물충돌,안전운전불이행,건조,맑음,교차로 - 교차로안,화물,남,60세,중상,,,,
2022051700100187,2022년 5월 17일 11시,화요일,부산광역시 서구 서대신동3가,경상사고,0,0,1,0,차대사람 - 기타,안전운전불이행,건조,맑음,교차로 - 교차로부근,승용,남,67세,상해없음,보행자,여,2세,경상
2022051700100188,2022년 5월 17일 11시,화요일,부산광역시 연제구 연산동,중상사고,0,1,0,0,차대차 - 기타,신호위반,건조,맑음,교차로 - 교차로안,원동기,남,23세,중상,승합,남,49세,상해없음
2022051700100221,2022년 5월 17일 12시,화요일,부산광역시 수영구 광안동,중상사고,0,1,0,0,차대차 - 기타,안전운전불이행,건조,맑음,교차로 - 교차로안,승용,남,69세,상해없음,이륜,남,47세,중상
2022051700100222,2022년 5월 17일 12시,화요일,부산광역시 남구 대연동,중상사고,0,1,1,0,차대차 - 측면충돌,안전운전불이행,건조,맑음,교차로 - 교차로부근,이륜,남,61세,경상,이륜,남,29세,중상
2022051700100259,2022년 5월 17일 13시,화요일,부산광역시 영도구 청학동,경상사고,0,0,1,0,차대차 - 측면충돌,안전운전불이행,건조,맑음,단일로 - 기타,승용,여,63세,상해없음,승용,남,71세,경상
2022051700100292,2022년 5월 17일 14시,화요일,부산광역시 해운대구 재송동,중상사고,0,1,0,0,차대차 - 측면충돌,중앙선침범,건조,맑음,단일로 - 기타,승용,여,41세,상해없음,이륜,남,40세,중상
2022051700100293,2022년 5월 17일 14시,화요일,부산광역시 금정구 장전동,경상사고,0,0,1,0,차대차 - 기타,교차로운행방법위반,건조,맑음,교차로 - 교차로안,승용,남,29세,상해없음,개인형이동수단(PM),남,23세,경상
2022051700100294,2022년 5월 17일 14시,화요일,부산광역시 금정구 구서동,중상사고,0,1,0,0,차대사람 - 횡단중,안전운전불이행,건조,맑음,단일로 - 기타,승용,여,63세,상해없음,보행자,남,58세,중상
2022051700100295,2022년 5월 17일 14시,화요일,부산광역시 사하구 장림동,경상사고,0,0,1,1,차대차 - 기타,안전운전불이행,건조,맑음,단일로 - 기타,승용,여,47세,상해없음,승용,남,23세,경상
2022051700100326,2022년 5월 17일 15시,화요일,부산광역시 북구 덕천동,경상사고,0,0,1,0,차대차 - 기타,안전운전불이행,건조,맑음,단일로 - 기타,승용,남,80세,상해없음,특수,남,41세,경상
2022051700100327,2022년 5월 17일 15시,화요일,부산광역시 해운대구 우동,경상사고,0,0,1,0,차대차 - 측면충돌,안전운전불이행,건조,맑음,교차로 - 교차로안,승용,남,43세,상해없음,승용,여,41세,경상
2022051700100328,2022년 5월 17일 15시,화요일,부산광역시 사하구 하단동,중상사고,0,1,0,0,차대차 - 기타,안전운전불이행,건조,맑음,단일로 - 기타,승용,여,32세,상해없음,자전거,여,61세,중상
2022051700100366,2022년 5월 17일 16시,화요일,부산광역시 영도구 동삼동,경상사고,0,0,1,0,차대사람 - 차도통행중,안전운전불이행,건조,맑음,교차로 - 교차로부근,승합,남,45세,상해없음,보행자,남,6세,경상
2022051700100367,2022년 5월 17일 16시,화요일,부산광역시 부산진구 당감동,중상사고,0,1,0,0,차대차 - 추돌,안전운전불이행,건조,맑음,단일로 - 기타,승용,여,46세,상해없음,이륜,남,52세,중상
2022051700100368,2022년 5월 17일 16시,화요일,부산광역시 부산진구 양정동,경상사고,0,0,2,0,차대차 - 기타,안전거리미확보,건조,맑음,교차로 - 교차로부근,승용,남,61세,상해없음,승합,남,67세,상해없음
2022051700100369,2022년 5월 17일 16시,화요일,부산광역시 사하구 하단동,중상사고,0,1,0,0,차대차 - 추돌,안전운전불이행,건조,맑음,단일로 - 교량,화물,남,62세,상해없음,승용,여,46세,상해없음
2.02205E+15,2022년 5월 17일 16시,화요일,부산광역시 기장군 기장읍,중상사고,0,2,0,0,차대사람 - 횡단중,안전운전불이행,건조,맑음,교차로 - 교차로부근,승용,남,68세,상해없음,보행자,여,17세,중상
2022051700100397,2022년 5월 17일 17시,화요일,부산광역시 수영구 민락동,경상사고,0,0,1,0,차대차 - 측면충돌,안전운전불이행,건조,맑음,단일로 - 기타,승용,여,25세,상해없음,이륜,남,28세,경상
2022051700100463,2022년 5월 17일 18시,화요일,부산광역시 부산진구 전포동,경상사고,0,0,1,0,차대사람 - 차도통행중,안전운전불이행,건조,맑음,단일로 - 기타,이륜,남,24세,상해없음,보행자,여,8세,경상
2022051700100464,2022년 5월 17일 18시,화요일,부산광역시 부산진구 부암동,경상사고,0,0,3,0,차대차 - 추돌,안전운전불이행,건조,맑음,단일로 - 기타,승합,남,57세,상해없음,승용,여,42세,경상
2022051700100465,2022년 5월 17일 18시,화요일,부산광역시 연제구 연산동,중상사고,0,1,0,0,차대차 - 기타,중앙선침범,건조,맑음,단일로 - 기타,이륜,남,38세,상해없음,이륜,남,42세,중상
2022051700100507,2022년 5월 17일 19시,화요일,부산광역시 수영구 수영동,중상사고,0,1,0,0,차대차 - 측면충돌,기타,건조,맑음,단일로 - 기타,승용,남,57세,상해없음,이륜,남,22세,중상
2022051700100528,2022년 5월 17일 20시,화요일,부산광역시 수영구 망미동,경상사고,0,0,2,0,차대차 - 기타,안전거리미확보,건조,맑음,단일로 - 기타,승용,여,61세,상해없음,승용,남,30세,경상
2022051700100578,2022년 5월 17일 22시,화요일,부산광역시 수영구 수영동,경상사고,0,0,1,0,차대사람 - 길가장자리구역통행중,안전운전불이행,건조,맑음,교차로 - 교차로부근,화물,남,53세,상해없음,보행자,여,32세,경상
2022051700100605,2022년 5월 17일 23시,화요일,부산광역시 영도구 대교동2가,경상사고,0,0,2,0,차대차 - 측면충돌,교차로운행방법위반,건조,맑음,교차로 - 교차로안,승용,여,28세,경상,승용,여,60세,경상
2022051800100004,2022년 5월 18일 00시,수요일,부산광역시 부산진구 양정동,경상사고,0,0,1,1,차대차 - 추돌,안전운전불이행,건조,맑음,교차로 - 교차로부근,이륜,남,47세,부상신고,이륜,남,29세,경상
2022051800100005,2022년 5월 18일 00시,수요일,부산광역시 금정구 구서동,경상사고,0,0,1,0,차대차 - 기타,안전운전불이행,건조,맑음,기타 - 기타,승용,남,59세,기타불명,이륜,남,24세,경상
2.02205E+15,2022년 5월 18일 02시,수요일,부산광역시 해운대구 반여동,경상사고,0,0,1,0,차대차 - 추돌,안전거리미확보,건조,맑음,단일로 - 기타,화물,남,65세,상해없음,승용,남,65세,경상