사고번호,사고일시,요일,시군구,사고내용,사망자수,중상자수,경상자수,부상신고자수,사고유형,법규위반,노면상태,기상상태,도로형태,가해운전자 차종,가해운전자 성별,가해운전자 연령,가해운전자 상해정도,피해운전자 차종,피해운전자 성별,피해운전자 연령,피해운전자 상해정도
2022052100100524,2022년 5월 21일 20시,토요일,부산광역시 동구 초량동,중상사고,0,1,0,0,차대사람 - 기타,안전운전불이행,건조,맑음,단일로 - 기타,승합,남,61세,상해없음,보행자,남,63세,중상
2022052100100525,2022년 5월 21일 20시,토요일,부산광역시 서구 서대신동1가,부상신고사고,0,0,0,1,차대차 - 기타,신호위반,건조,맑음,교차로 - 교차로안,승용,남,63세,상해없음,승용,남,44세,상해없음
2022052100100526,2022년 5월 21일 20시,토요일,부산광역시 해운대구 재송동,경상사고,0,0,1,0,차대차 - 기타,안전운전불이행,건조,맑음,단일로 - 기타,승합,남,60세,기타불명,기타불명,기타불명,미분류,기타불명
2022052100100527,2022년 5월 21일 20시,토요일,부산광역시 강서구 대저2동,경상사고,0,0,1,0,차대차 - 측면충돌,안전거리미확보,건조,맑음,단일로 - 기타,화물,남,59세,상해없음,승용,남,31세,경상
2022052100100559,2022년 5월 21일 21시,토요일,부산광역시 부산진구 부전동,경상사고,0,0,1,0,차대사람 - 횡단중,안전운전불이행,건조,맑음,단일로 - 기타,승용,남,68세,상해없음,보행자,남,5세,경상
2022052100100576,2022년 5월 21일 22시,토요일,부산광역시 부산진구 전포동,경상사고,0,0,3,0,차대차 - 추돌,안전운전불이행,건조,맑음,단일로 - 기타,승용,남,75세,상해없음,승용,남,49세,경상
2022052100100577,2022년 5월 21일 22시,토요일,부산광역시 연제구 거제동,경상사고,0,0,1,0,차대차 - 추돌,안전거리미확보,건조,맑음,교차로 - 교차로안,이륜,남,41세,경상,승용,남,61세,상해없음
2022052100100597,2022년 5월 21일 23시,토요일,부산광역시 부산진구 부전동,경상사고,0,0,2,0,차대차 - 측면충돌,신호위반,건조,맑음,교차로 - 교차로안,이륜,남,18세,경상,승용,남,66세,경상
2022052100100598,2022년 5월 21일 23시,토요일,부산광역시 사하구 신평동,경상사고,0,0,2,0,차대사람 - 기타,안전운전불이행,건조,맑음,단일로 - 기타,이륜,남,31세,경상,보행자,남,22세,경상
2022052100100599,2022년 5월 21일 23시,토요일,부산광역시 사하구 신평동,경상사고,0,0,1,0,차대차 - 정면충돌,안전운전불이행,건조,맑음,단일로 - 기타,승용,남,36세,상해없음,승용,남,29세,상해없음
2022052100100601,2022년 5월 21일 23시,토요일,부산광역시 사상구 엄궁동,중상사고,0,1,0,0,차대차 - 추돌,안전운전불이행,건조,맑음,단일로 - 지하차도(도로)내,승용,여,53세,상해없음,승용,남,59세,중상
2022052200100049,2022년 5월 22일 05시,일요일,부산광역시 금정구 부곡동,중상사고,0,1,0,0,차대사람 - 횡단중,보행자보호의무위반,건조,맑음,교차로 - 교차로안,화물,남,61세,상해없음,보행자,남,83세,중상
2022052200100061,2022년 5월 22일 07시,일요일,부산광역시 기장군 장안읍,경상사고,0,0,1,0,차대차 - 기타,안전운전불이행,건조,맑음,단일로 - 기타,자전거,남,45세,상해없음,자전거,남,45세,경상
2022052200100096,2022년 5월 22일 10시,일요일,부산광역시 기장군 정관읍,경상사고,0,0,1,0,차대차 - 기타,안전운전불이행,건조,맑음,교차로 - 교차로안,승용,여,65세,상해없음,승용,남,32세,경상
2022052200100119,2022년 5월 22일 11시,일요일,부산광역시 강서구 대저1동,중상사고,0,1,1,0,차대차 - 추돌,기타,건조,맑음,단일로 - 기타,승용,남,61세,상해없음,승용,남,58세,경상
2022052200100186,2022년 5월 22일 13시,일요일,부산광역시 동구 좌천동,경상사고,0,0,2,0,차대차 - 추돌,안전거리미확보,건조,맑음,단일로 - 기타,승용,남,29세,상해없음,승용,여,46세,경상
2022052200100187,2022년 5월 22일 13시,일요일,부산광역시 수영구 광안동,경상사고,0,0,2,0,차대차 - 측면충돌,안전운전불이행,건조,맑음,교차로 - 교차로안,이륜,남,27세,경상,이륜,남,21세,경상
2022052200100188,2022년 5월 22일 13시,일요일,부산광역시 수영구 수영동,경상사고,0,0,1,0,차대차 - 측면충돌,신호위반,건조,맑음,교차로 - 교차로안,이륜,남,55세,기타불명,이륜,남,28세,경상
2022052200100189,2022년 5월 22일 13시,일요일,부산광역시 북구 덕천동,경상사고,0,0,1,0,차대사람 - 횡단중,보행자보호의무위반,건조,맑음,교차로 - 교차로횡단보도내,화물,남,53세,상해없음,보행자,남,67세,경상
2.02205E+15,2022년 5월 22일 13시,일요일,부산광역시 해운대구 송정동,경상사고,0,0,1,0,차대차 - 기타,중앙선침범,건조,맑음,단일로 - 기타,특수,남,67세,상해없음,이륜,남,23세,경상
2022052200100222,2022년 5월 22일 14시,일요일,부산광역시 해운대구 우동,경상사고,0,0,1,0,차대사람 - 기타,안전운전불이행,건조,맑음,주차장 - 주차장,승용,남,35세,상해없음,보행자,남,51세,경상
2022052200100223,2022년 5월 22일 14시,일요일,부산광역시 해운대구 우동,경상사고,0,0,2,0,차대차 - 기타,안전운전불이행,건조,맑음,단일로 - 기타,승용,남,30세,상해없음,승용,남,46세,경상
2022052200100224,2022년 5월 22일 14시,일요일,부산광역시 사하구 하단동,경상사고,0,0,1,0,차대차 - 후진중충돌,안전운전불이행,건조,맑음,단일로 - 지하차도(도로)내,승용,남,51세,상해없음,이륜,남,45세,경상
2022052200100225,2022년 5월 22일 14시,일요일,부산광역시 사상구 삼락동,중상사고,0,1,0,0,차대차 - 추돌,안전운전불이행,건조,맑음,단일로 - 기타,승용,남,71세,상해없음,승용,남,53세,중상
2022052200100289,2022년 5월 22일 16시,일요일,부산광역시 서구 남부민동,중상사고,0,2,0,1,차대차 - 기타,안전운전불이행,건조,맑음,교차로 - 교차로부근,화물,남,81세,중상,승용,여,44세,기타불명
2.02205E+15,2022년 5월 22일 16시,일요일,부산광역시 수영구 민락동,부상신고사고,0,0,0,2,차대차 - 추돌,안전운전불이행,건조,맑음,교차로 - 교차로안,승용,여,49세,기타불명,승용,여,45세,부상신고
2022052200100292,2022년 5월 22일 16시,일요일,부산광역시 기장군 기장읍,경상사고,0,0,2,0,차대차 - 기타,안전거리미확보,건조,맑음,교차로 - 교차로안,승용,남,49세,상해없음,승용,남,27세,경상
2022052200100333,2022년 5월 22일 17시,일요일,부산광역시 영도구 봉래동4가,경상사고,0,0,1,0,차대사람 - 길가장자리구역통행중,안전운전불이행,건조,맑음,단일로 - 기타,승용,남,61세,상해없음,보행자,여,15세,경상
2022052200100334,2022년 5월 22일 17시,일요일,부산광역시 영도구 동삼동,경상사고,0,0,1,0,차대차 - 측면충돌,차로위반,건조,맑음,단일로 - 기타,승용,남,60세,상해없음,승용,여,63세,경상
2022052200100373,2022년 5월 22일 18시,일요일,부산광역시 남구 우암동,경상사고,0,0,1,0,차대사람 - 기타,안전운전불이행,건조,맑음,단일로 - 기타,승용,남,30세,상해없음,보행자,남,68세,경상
2022052200100374,2022년 5월 22일 18시,일요일,부산광역시 해운대구 우동,경상사고,0,0,2,0,차대차 - 추돌,안전운전불이행,건조,맑음,단일로 - 기타,이륜,남,22세,상해없음,승용,남,39세,경상
2022052200100397,2022년 5월 22일 19시,일요일,부산광역시 영도구 영선동2가,경상사고,0,0,1,0,차대사람 - 횡단중,보행자보호의무위반,건조,맑음,단일로 - 기타,승용,남,61세,상해없음,보행자,여,8세,경상
2022052200100398,2022년 5월 22일 19시,일요일,부산광역시 강서구 명지동,중상사고,0,1,0,0,차대차 - 측면충돌,교차로운행방법위반,건조,맑음,교차로 - 교차로안,화물,여,50세,상해없음,자전거,남,63세,중상
2022052200100426,2022년 5월 22일 20시,일요일,부산광역시 수영구 남천동,부상신고사고,0,0,0,1,차대사람 - 길가장자리구역통행중,안전운전불이행,건조,맑음,단일로 - 기타,승용,남,54세,상해없음,보행자,여,38세,부상신고
2022052200100427,2022년 5월 22일 20시,일요일,부산광역시 남구 용호동,경상사고,0,0,1,0,차대사람 - 기타,안전운전불이행,건조,맑음,기타 - 기타,승용,여,28세,상해없음,보행자,남,40세,경상
2022052200100428,2022년 5월 22일 20시,일요일,부산광역시 수영구 망미동,경상사고,0,0,1,0,차대차 - 기타,교차로운행방법위반,건조,맑음,교차로 - 교차로안,승합,남,49세,상해없음,승용,남,22세,경상
2022052200100445,2022년 5월 22일 21시,일요일,부산광역시 금정구 부곡동,경상사고,0,0,1,0,차대차 - 측면충돌,중앙선침범,건조,맑음,단일로 - 기타,승용,남,56세,상해없음,이륜,남,40세,경상
2022052200100468,2022년 5월 22일 22시,일요일,부산광역시 부산진구 전포동,경상사고,0,0,1,0,차대차 - 측면충돌,안전거리미확보,건조,맑음,단일로 - 기타,승용,남,29세,상해없음,이륜,남,21세,경상
2022052200100486,2022년 5월 22일 23시,일요일,부산광역시 강서구 명지동,경상사고,0,0,2,0,차대차 - 추돌,안전운전불이행,건조,맑음,교차로 - 교차로부근,승용,남,27세,상해없음,승용,남,52세,경상
2022052300100022,2022년 5월 23일 04시,월요일,부산광역시 사상구 주례동,중상사고,0,1,0,0,차대사람 - 기타,안전운전불이행,건조,맑음,교차로 - 교차로안,승용,남,38세,상해없음,보행자,남,59세,중상
2.02205E+15,2022년 5월 23일 05시,월요일,부산광역시 부산진구 전포동,경상사고,0,0,1,0,차대차 - 추돌,안전운전불이행,건조,맑음,기타 - 기타,화물,남,35세,상해없음,승용,남,66세,경상
2022052300100039,2022년 5월 23일 06시,월요일,부산광역시 동래구 온천동,경상사고,0,0,1,0,차대차 - 기타,신호위반,건조,맑음,단일로 - 기타,승용,남,66세,상해없음,이륜,남,58세,경상
2022052300100056,2022년 5월 23일 07시,월요일,부산광역시 연제구 연산동,경상사고,0,0,1,0,차대차 - 측면충돌,교차로운행방법위반,건조,맑음,교차로 - 교차로안,승용,남,60세,상해없음,승용,남,37세,경상
2022052300100086,2022년 5월 23일 08시,월요일,부산광역시 북구 구포동,경상사고,0,0,1,0,차대차 - 기타,안전거리미확보,건조,맑음,단일로 - 기타,승용,여,56세,상해없음,승용,여,53세,경상
2022052300100087,2022년 5월 23일 08시,월요일,부산광역시 기장군 기장읍,중상사고,0,1,0,0,차대사람 - 기타,보행자보호의무위반,건조,맑음,교차로 - 교차로안,승용,남,33세,상해없음,보행자,남,7세,중상
2022052300100136,2022년 5월 23일 09시,월요일,부산광역시 영도구 청학동,경상사고,0,0,1,0,차대차 - 기타,안전거리미확보,건조,맑음,단일로 - 기타,승용,남,67세,상해없음,승용,남,72세,상해없음
2022052300100168,2022년 5월 23일 10시,월요일,부산광역시 해운대구 우동,경상사고,0,0,2,0,차대차 - 측면충돌,안전거리미확보,건조,맑음,교차로 - 교차로부근,화물,남,62세,상해없음,승용,남,58세,경상
2022052300100169,2022년 5월 23일 10시,월요일,부산광역시 부산진구 연지동,경상사고,0,0,2,0,차대차 - 추돌,안전거리미확보,건조,맑음,단일로 - 기타,화물,남,64세,상해없음,승용,남,69세,경상
2.02205E+15,2022년 5월 23일 10시,월요일,부산광역시 연제구 연산동,경상사고,0,0,1,0,차대차 - 측면충돌,안전운전불이행,건조,맑음,단일로 - 기타,승용,남,21세,상해없음,승용,남,55세,상해없음
2022052300100205,2022년 5월 23일 11시,월요일,부산광역시 연제구 연산동,경상사고,0,0,1,0,차대차 - 기타,신호위반,건조,맑음,교차로 - 교차로부근,승용,남,32세,상해없음,이륜,남,53세,경상
2022052300100241,2022년 5월 23일 12시,월요일,부산광역시 동래구 명장동,중상사고,0,1,0,0,차대차 - 측면충돌,안전운전불이행,건조,맑음,교차로 - 교차로안,승용,남,47세,상해없음,승용,여,50세,중상
2022052300100273,2022년 5월 23일 13시,월요일,부산광역시 부산진구 전포동,경상사고,0,0,1,0,차대차 - 기타,불법유턴,건조,맑음,기타 - 기타,이륜,남,69세,상해없음,승용,남,74세,경상
2022052300100307,2022년 5월 23일 14시,월요일,부산광역시 동래구 온천동,중상사고,0,1,0,0,차대차 - 측면충돌,안전거리미확보,건조,맑음,단일로 - 기타,승용,여,40세,중상,화물,남,61세,상해없음
2022052300100308,2022년 5월 23일 14시,월요일,부산광역시 금정구 구서동,경상사고,0,0,1,0,차대사람 - 보도통행중,기타,건조,맑음,단일로 - 기타,승합,남,65세,상해없음,보행자,여,27세,경상
2022052300100309,2022년 5월 23일 14시,월요일,부산광역시 사하구 감천동,경상사고,0,0,1,0,차대차 - 기타,기타,건조,맑음,단일로 - 기타,승용,남,54세,경상,건설기계,남,68세,상해없음
2022052300100338,2022년 5월 23일 15시,월요일,부산광역시 사하구 신평동,경상사고,0,0,3,0,차대차 - 추돌,신호위반,건조,맑음,교차로 - 교차로안,승용,여,28세,상해없음,승용,남,57세,경상
2022052300100383,2022년 5월 23일 16시,월요일,부산광역시 동구 초량동,경상사고,0,0,1,0,차대사람 - 횡단중,보행자보호의무위반,건조,맑음,교차로 - 교차로횡단보도내,승용,남,61세,상해없음,보행자,여,29세,경상
2022052300100384,2022년 5월 23일 16시,월요일,부산광역시 동래구 사직동,경상사고,0,0,1,0,차대사람 - 기타,안전운전불이행,건조,맑음,교차로 - 교차로부근,승용,남,72세,상해없음,보행자,남,38세,경상
2022052300100385,2022년 5월 23일 16시,월요일,부산광역시 해운대구 재송동,중상사고,0,1,0,0,차대차 - 추돌,안전운전불이행,건조,맑음,단일로 - 기타,승용,남,63세,상해없음,승용,남,24세,중상
2022052300100386,2022년 5월 23일 16시,월요일,부산광역시 연제구 연산동,경상사고,0,0,1,0,차대차 - 기타,안전거리미확보,건조,맑음,단일로 - 기타,승용,남,30세,상해없음,승용,남,54세,경상
2022052300100435,2022년 5월 23일 17시,월요일,부산광역시 북구 덕천동,중상사고,0,1,0,0,차대차 - 추돌,안전운전불이행,건조,맑음,단일로 - 기타,승용,남,51세,상해없음,승용,남,48세,중상
2022052300100481,2022년 5월 23일 18시,월요일,부산광역시 중구 남포동1가,경상사고,0,0,1,0,차대사람 - 기타,안전운전불이행,건조,맑음,단일로 - 기타,승합,남,47세,상해없음,보행자,여,61세,경상
2022052300100515,2022년 5월 23일 19시,월요일,부산광역시 동래구 온천동,경상사고,0,0,2,0,차대차 - 측면충돌,안전거리미확보,건조,맑음,단일로 - 기타,승용,남,56세,상해없음,이륜,남,28세,경상
2022052300100516,2022년 5월 23일 19시,월요일,부산광역시 부산진구 부전동,경상사고,0,0,1,0,차대사람 - 기타,안전운전불이행,건조,맑음,단일로 - 기타,화물,남,29세,상해없음,보행자,여,58세,경상
2022052300100542,2022년 5월 23일 20시,월요일,부산광역시 부산진구 부전동,경상사고,0,0,1,0,차대차 - 측면충돌,안전운전불이행,건조,맑음,단일로 - 기타,이륜,남,25세,경상,승용,남,21세,상해없음
2022052300100579,2022년 5월 23일 21시,월요일,부산광역시 사하구 괴정동,경상사고,0,0,1,0,차대사람 - 기타,안전운전불이행,건조,맑음,단일로 - 기타,승용,남,59세,상해없음,보행자,남,44세,경상
2022052300100616,2022년 5월 23일 23시,월요일,부산광역시 해운대구 우동,경상사고,0,0,1,0,차대차 - 측면충돌,안전운전불이행,건조,맑음,단일로 - 기타,승용,남,75세,상해없음,승용,남,27세,경상
2022052400100015,2022년 5월 24일 02시,화요일,부산광역시 강서구 대저1동,중상사고,0,1,0,0,차대차 - 추돌,안전운전불이행,건조,맑음,단일로 - 기타,승용,남,36세,상해없음,승용,남,40세,상해없음
2022052400100029,2022년 5월 24일 05시,화요일,부산광역시 북구 만덕동,경상사고,0,0,1,0,차대차 - 후진중충돌,안전운전불이행,건조,맑음,단일로 - 기타,승용,남,66세,상해없음,승용,남,52세,경상
2022052400100034,2022년 5월 24일 06시,화요일,부산광역시 사상구 학장동,중상사고,0,1,0,0,차대차 - 기타,안전거리미확보,건조,맑음,단일로 - 기타,승용,남,53세,기타불명,이륜,남,52세,중상
2022052400100069,2022년 5월 24일 08시,화요일,부산광역시 동구 초량동,경상사고,0,0,1,0,차대사람 - 차도통행중,안전운전불이행,건조,맑음,단일로 - 기타,승용,남,68세,상해없음,보행자,여,25세,경상
2.02205E+15,2022년 5월 24일 08시,화요일,부산광역시 남구 용호동,경상사고,0,0,1,0,차대사람 - 길가장자리구역통행중,안전운전불이행,건조,맑음,단일로 - 기타,승용,여,44세,상해없음,보행자,남,49세,경상
2022052400100071,2022년 5월 24일 08시,화요일,부산광역시 금정구 장전동,경상사고,0,0,1,0,차대사람 - 기타,안전운전불이행,건조,맑음,교차로 - 교차로부근,승용,여,51세,상해없음,보행자,남,37세,경상
2022052400100072,2022년 5월 24일 08시,화요일,부산광역시 강서구 송정동,경상사고,0,0,1,0,차대차 - 기타,신호위반,건조,맑음,단일로 - 기타,특수,남,59세,상해없음,승용,여,58세,경상
2022052400100125,2022년 5월 24일 09시,화요일,부산광역시 수영구 광안동,중상사고,0,1,0,0,차대차 - 기타,중앙선침범,건조,맑음,기타 - 기타,승용,남,69세,상해없음,이륜,남,25세,중상
2022052400100126,2022년 5월 24일 09시,화요일,부산광역시 부산진구 부전동,경상사고,0,0,1,0,차대사람 - 횡단중,보행자보호의무위반,건조,맑음,단일로 - 기타,화물,남,67세,상해없음,보행자,여,64세,경상
2022052400100127,2022년 5월 24일 09시,화요일,부산광역시 사하구 괴정동,중상사고,0,1,0,0,차대사람 - 차도통행중,안전운전불이행,건조,맑음,교차로 - 교차로부근,화물,남,55세,상해없음,보행자,여,40세,중상
2022052400100128,2022년 5월 24일 09시,화요일,부산광역시 연제구 연산동,중상사고,0,1,0,0,차대차 - 측면충돌,안전운전불이행,건조,맑음,교차로 - 교차로안,승용,남,38세,상해없음,승용,여,54세,중상
2022052400100166,2022년 5월 24일 10시,화요일,부산광역시 해운대구 우동,경상사고,0,0,2,0,차대차 - 기타,신호위반,건조,맑음,교차로 - 교차로안,승용,여,63세,상해없음,승용,남,33세,경상
2022052400100167,2022년 5월 24일 10시,화요일,부산광역시 사하구 신평동,중상사고,0,1,0,0,차대차 - 추돌,안전운전불이행,건조,맑음,단일로 - 지하차도(도로)내,화물,남,54세,상해없음,승용,남,46세,중상
2022052400100168,2022년 5월 24일 10시,화요일,부산광역시 강서구 성북동,경상사고,0,0,2,0,차대차 - 기타,교차로운행방법위반,건조,맑음,교차로 - 교차로안,화물,남,59세,상해없음,승용,남,32세,경상
2022052400100206,2022년 5월 24일 11시,화요일,부산광역시 수영구 광안동,부상신고사고,0,0,0,1,차대차 - 추돌,안전운전불이행,건조,맑음,단일로 - 기타,이륜,남,40세,부상신고,화물,남,40세,상해없음
2022052400100207,2022년 5월 24일 11시,화요일,부산광역시 사하구 하단동,경상사고,0,0,1,0,차대사람 - 차도통행중,안전운전불이행,건조,맑음,단일로 - 기타,자전거,여,47세,상해없음,보행자,여,78세,경상
2022052400100208,2022년 5월 24일 11시,화요일,부산광역시 수영구 망미동,중상사고,0,1,1,0,차대차 - 기타,안전운전불이행,건조,맑음,단일로 - 기타,승용,남,41세,상해없음,승용,남,76세,상해없음
2022052400100235,2022년 5월 24일 12시,화요일,부산광역시 중구 중앙동7가,경상사고,0,0,1,0,차대차 - 측면충돌,중앙선침범,건조,맑음,교차로 - 교차로부근,이륜,남,39세,경상,승용,여,57세,상해없음
2022052400100236,2022년 5월 24일 12시,화요일,부산광역시 사하구 다대동,중상사고,0,1,0,0,차대차 - 기타,안전운전불이행,건조,맑음,단일로 - 기타,승용,남,62세,상해없음,승용,남,44세,중상
2022052400100237,2022년 5월 24일 12시,화요일,부산광역시 수영구 수영동,경상사고,0,0,2,0,차대차 - 측면충돌,교차로운행방법위반,건조,맑음,교차로 - 교차로안,승용,여,67세,상해없음,승용,남,50세,경상
2.02205E+15,2022년 5월 24일 13시,화요일,부산광역시 남구 문현동,중상사고,0,1,0,0,차대차 - 추돌,안전운전불이행,건조,맑음,교차로 - 교차로부근,건설기계,남,59세,상해없음,승용,남,66세,중상
2022052400100295,2022년 5월 24일 14시,화요일,부산광역시 동래구 사직동,중상사고,0,1,0,0,차대사람 - 차도통행중,안전운전불이행,건조,맑음,교차로 - 교차로안,승용,여,38세,상해없음,보행자,여,85세,중상
2022052400100296,2022년 5월 24일 14시,화요일,부산광역시 사하구 하단동,중상사고,0,1,0,0,차대사람 - 기타,안전운전불이행,건조,맑음,단일로 - 기타,자전거,남,30세,상해없음,보행자,여,42세,중상
2022052400100297,2022년 5월 24일 14시,화요일,부산광역시 기장군 기장읍,경상사고,0,0,1,0,차대사람 - 기타,안전운전불이행,건조,맑음,교차로 - 교차로안,이륜,남,38세,상해없음,보행자,여,72세,경상
2022052400100338,2022년 5월 24일 15시,화요일,부산광역시 부산진구 부전동,중상사고,0,1,0,0,차대사람 - 횡단중,보행자보호의무위반,건조,맑음,교차로 - 교차로부근,승용,남,63세,상해없음,보행자,여,77세,중상
2022052400100375,2022년 5월 24일 16시,화요일,부산광역시 중구 중앙동3가,경상사고,0,0,1,0,차대차 - 측면충돌,안전운전불이행,건조,맑음,단일로 - 기타,승용,남,35세,상해없음,승용,남,51세,경상
2022052400100376,2022년 5월 24일 16시,화요일,부산광역시 동구 범일동,경상사고,0,0,1,0,차대차 - 측면충돌,안전운전불이행,건조,맑음,교차로 - 교차로부근,화물,남,66세,상해없음,화물,남,58세,경상
2022052400100377,2022년 5월 24일 16시,화요일,부산광역시 수영구 민락동,중상사고,0,1,0,0,차대사람 - 횡단중,기타,건조,맑음,단일로 - 기타,승용,남,30세,상해없음,보행자,남,53세,중상
2.02205E+15,2022년 5월 24일 17시,화요일,부산광역시 동구 좌천동,중상사고,0,1,1,0,차대차 - 측면충돌,안전거리미확보,건조,맑음,단일로 - 고가도로위,특수,남,62세,상해없음,승용,남,43세,중상
2022052400100422,2022년 5월 24일 17시,화요일,부산광역시 수영구 수영동,경상사고,0,0,1,0,차대차 - 추돌,교차로운행방법위반,건조,맑음,교차로 - 교차로안,승용,여,32세,상해없음,이륜,남,61세,경상
2.02205E+15,2022년 5월 24일 18시,화요일,부산광역시 영도구 영선동4가,경상사고,0,0,2,0,차대차 - 추돌,안전거리미확보,건조,맑음,단일로 - 지하차도(도로)내,승합,남,48세,상해없음,승용,남,51세,경상
2022052400100461,2022년 5월 24일 18시,화요일,부산광역시 영도구 영선동1가,경상사고,0,0,1,0,차대차 - 추돌,안전거리미확보,건조,맑음,단일로 - 기타,승용,남,32세,상해없음,승용,남,51세,경상
2022052400100462,2022년 5월 24일 18시,화요일,부산광역시 수영구 수영동,경상사고,0,0,1,0,차대사람 - 횡단중,안전운전불이행,건조,맑음,교차로 - 교차로횡단보도내,이륜,기타불명,미분류,기타불명,보행자,여,67세,경상
2022052400100525,2022년 5월 24일 20시,화요일,부산광역시 동래구 안락동,부상신고사고,0,0,0,1,차대차 - 측면충돌,안전운전불이행,건조,맑음,교차로 - 교차로안,승용,남,34세,상해없음,승용,남,30세,부상신고
2022052400100526,2022년 5월 24일 20시,화요일,부산광역시 부산진구 부암동,경상사고,0,0,1,0,차대사람 - 횡단중,신호위반,건조,맑음,교차로 - 교차로횡단보도내,이륜,남,24세,상해없음,보행자,남,62세,경상
2022052400100527,2022년 5월 24일 20시,화요일,부산광역시 사하구 신평동,경상사고,0,0,1,0,차대차 - 측면충돌,안전운전불이행,건조,맑음,교차로 - 교차로안,승합,남,57세,상해없음,승용,남,35세,경상
2022052400100528,2022년 5월 24일 20시,화요일,부산광역시 사상구 엄궁동,중상사고,0,1,0,0,차대차 - 측면충돌,안전운전불이행,건조,맑음,단일로 - 기타,승용,남,54세,기타불명,승용,남,66세,중상
2022052400100561,2022년 5월 24일 21시,화요일,부산광역시 수영구 광안동,중상사고,0,1,0,0,차대사람 - 차도통행중,안전운전불이행,건조,맑음,단일로 - 기타,승용,남,25세,상해없음,보행자,여,79세,중상
2022052400100562,2022년 5월 24일 21시,화요일,부산광역시 수영구 수영동,경상사고,0,0,1,0,차대사람 - 기타,안전운전불이행,건조,맑음,단일로 - 기타,승용,여,59세,상해없음,보행자,남,64세,경상
2022052400100586,2022년 5월 24일 22시,화요일,부산광역시 해운대구 좌동,중상사고,0,1,0,0,차대사람 - 횡단중,보행자보호의무위반,건조,맑음,교차로 - 교차로안,승용,남,56세,상해없음,보행자,여,74세,중상
2022052500100008,2022년 5월 25일 01시,수요일,부산광역시 동구 초량동,경상사고,0,0,2,0,차대차 - 측면충돌,불법유턴,건조,맑음,교차로 - 교차로안,승용,남,49세,상해없음,승용,남,34세,경상
2022052500100023,2022년 5월 25일 03시,수요일,부산광역시 중구 보수동1가,경상사고,0,0,2,0,차대차 - 측면충돌,교차로운행방법위반,건조,맑음,교차로 - 교차로부근,화물,남,51세,상해없음,승용,남,48세,경상
2022052500100026,2022년 5월 25일 04시,수요일,부산광역시 금정구 노포동,경상사고,0,0,1,0,차대차 - 측면충돌,안전거리미확보,건조,맑음,단일로 - 기타,승용,남,65세,상해없음,승용,남,60세,경상
2022052500100082,2022년 5월 25일 08시,수요일,부산광역시 북구 금곡동,경상사고,0,0,1,1,차대차 - 기타,기타,건조,맑음,교차로 - 교차로안,승용,남,69세,상해없음,승용,남,56세,경상
2022052500100083,2022년 5월 25일 08시,수요일,부산광역시 사하구 구평동,경상사고,0,0,1,0,차대차 - 기타,직진우회전진행방해,건조,맑음,교차로 - 교차로안,승용,여,39세,기타불명,승용,남,60세,경상
2022052500100084,2022년 5월 25일 08시,수요일,부산광역시 연제구 연산동,경상사고,0,0,1,0,차대차 - 기타,중앙선침범,건조,맑음,단일로 - 기타,자전거,남,56세,경상,승용,남,39세,상해없음
2.02205E+15,2022년 5월 25일 09시,수요일,부산광역시 금정구 금사동,경상사고,0,0,1,0,차대차 - 추돌,안전거리미확보,건조,맑음,단일로 - 기타,승용,남,59세,상해없음,승용,남,43세,경상
2022052500100131,2022년 5월 25일 09시,수요일,부산광역시 수영구 수영동,중상사고,0,1,0,0,차대차 - 추돌,안전운전불이행,건조,맑음,단일로 - 기타,승용,남,74세,기타불명,승용,남,25세,중상
2022052500100132,2022년 5월 25일 09시,수요일,부산광역시 기장군 정관읍,중상사고,0,1,0,0,차대차 - 기타,중앙선침범,건조,맑음,기타 - 기타,이륜,남,19세,상해없음,개인형이동수단(PM),남,45세,중상
2022052500100168,2022년 5월 25일 10시,수요일,부산광역시 중구 남포동5가,경상사고,0,0,1,0,차대차 - 측면충돌,중앙선침범,건조,맑음,교차로 - 교차로부근,승용,남,26세,상해없음,화물,남,23세,경상
2022052500100169,2022년 5월 25일 10시,수요일,부산광역시 영도구 동삼동,중상사고,0,1,0,0,차대사람 - 횡단중,보행자보호의무위반,건조,맑음,교차로 - 교차로횡단보도내,승합,여,66세,상해없음,보행자,남,72세,중상
2.02205E+15,2022년 5월 25일 10시,수요일,부산광역시 사하구 괴정동,부상신고사고,0,0,0,1,차대차 - 측면충돌,기타,건조,맑음,교차로 - 교차로안,이륜,남,29세,부상신고,승용,여,30세,상해없음
2022052500100197,2022년 5월 25일 11시,수요일,부산광역시 동래구 온천동,경상사고,0,0,1,0,차대사람 - 횡단중,안전운전불이행,건조,맑음,교차로 - 교차로안,승용,여,69세,상해없음,보행자,남,42세,경상
2022052500100198,2022년 5월 25일 11시,수요일,부산광역시 부산진구 양정동,경상사고,0,0,1,0,차대사람 - 기타,기타,건조,맑음,기타 - 기타,화물,남,62세,상해없음,보행자,여,37세,경상
2.02205E+15,2022년 5월 25일 12시,수요일,부산광역시 동래구 사직동,경상사고,0,0,2,0,차대차 - 측면충돌,신호위반,건조,맑음,단일로 - 기타,이륜,남,21세,경상,이륜,남,67세,경상