사고번호,사고일시,요일,시군구,사고내용,사망자수,중상자수,경상자수,부상신고자수,사고유형,법규위반,노면상태,기상상태,도로형태,가해운전자 차종,가해운전자 성별,가해운전자 연령,가해운전자 상해정도,피해운전자 차종,피해운전자 성별,피해운전자 연령,피해운전자 상해정도
2022053100100615,2022년 5월 31일 20시,화요일,부산광역시 동래구 명륜동,부상신고사고,0,0,0,2,차대차 - 측면충돌,안전운전불이행,건조,맑음,교차로 - 교차로안,자전거,남,15세,부상신고,이륜,남,39세,부상신고
2022053100100642,2022년 5월 31일 21시,화요일,부산광역시 북구 덕천동,경상사고,0,0,3,0,차대차 - 추돌,안전운전불이행,건조,맑음,단일로 - 지하차도(도로)내,승용,남,70세,상해없음,승용,남,63세,경상
2022053100100643,2022년 5월 31일 21시,화요일,부산광역시 사하구 괴정동,중상사고,0,1,0,0,차대차 - 추돌,안전운전불이행,건조,맑음,단일로 - 지하차도(도로)내,화물,남,48세,상해없음,승용,여,59세,중상
2.02205E+15,2022년 5월 31일 22시,화요일,부산광역시 영도구 남항동1가,경상사고,0,0,1,0,차대사람 - 기타,안전운전불이행,건조,맑음,기타 - 기타,승용,여,46세,상해없음,보행자,남,21세,경상
2022060100100003,2022년 6월 1일 00시,수요일,부산광역시 수영구 광안동,경상사고,0,0,1,0,차대차 - 측면충돌,안전운전불이행,건조,맑음,교차로 - 교차로부근,기타불명,기타불명,미분류,기타불명,승합,남,62세,상해없음
2022060100100099,2022년 6월 1일 07시,수요일,부산광역시 사상구 감전동,경상사고,0,0,1,0,차대차 - 측면충돌,안전운전불이행,건조,맑음,단일로 - 기타,승용,남,58세,상해없음,자전거,남,82세,경상
2022060100100115,2022년 6월 1일 08시,수요일,부산광역시 수영구 망미동,중상사고,0,2,0,0,차대차 - 기타,안전운전불이행,건조,맑음,단일로 - 기타,자전거,남,51세,중상,자전거,남,60세,중상
2022060100100133,2022년 6월 1일 09시,수요일,부산광역시 서구 서대신동1가,경상사고,0,0,3,0,차대차 - 측면충돌,안전거리미확보,건조,맑음,교차로 - 교차로부근,승용,남,30세,경상,승용,남,27세,경상
2022060100100134,2022년 6월 1일 09시,수요일,부산광역시 해운대구 반여동,중상사고,0,1,0,0,차대사람 - 횡단중,보행자보호의무위반,건조,맑음,단일로 - 기타,승용,여,54세,상해없음,보행자,여,67세,중상
2022060100100162,2022년 6월 1일 10시,수요일,부산광역시 수영구 망미동,경상사고,0,0,1,0,차대차 - 기타,안전운전불이행,건조,맑음,단일로 - 기타,화물,남,69세,상해없음,승용,남,62세,경상
2022060100100163,2022년 6월 1일 10시,수요일,부산광역시 사상구 덕포동,중상사고,0,1,0,0,차대차 - 정면충돌,안전운전불이행,건조,맑음,교차로 - 교차로안,화물,남,60세,상해없음,원동기,남,38세,중상
2022060100100185,2022년 6월 1일 11시,수요일,부산광역시 사하구 다대동,중상사고,0,1,0,0,차대사람 - 횡단중,신호위반,건조,맑음,교차로 - 교차로부근,원동기,남,28세,상해없음,보행자,여,66세,중상
2022060100100186,2022년 6월 1일 11시,수요일,부산광역시 연제구 거제동,경상사고,0,0,2,0,차대차 - 정면충돌,안전운전불이행,건조,맑음,단일로 - 기타,이륜,남,51세,상해없음,승용,남,43세,경상
2022060100100213,2022년 6월 1일 12시,수요일,부산광역시 해운대구 반여동,경상사고,0,0,2,0,차대차 - 기타,안전거리미확보,건조,맑음,교차로 - 교차로부근,승용,남,44세,상해없음,승용,남,39세,경상
2022060100100214,2022년 6월 1일 12시,수요일,부산광역시 부산진구 당감동,경상사고,0,0,2,0,차대차 - 추돌,안전운전불이행,건조,맑음,단일로 - 고가도로위,승용,남,55세,상해없음,승용,여,33세,경상
2022060100100253,2022년 6월 1일 13시,수요일,부산광역시 남구 용당동,중상사고,0,1,0,0,차량단독 - 기타,안전운전불이행,건조,맑음,단일로 - 기타,승합,남,60세,기타불명,,,,
2022060100100289,2022년 6월 1일 14시,수요일,부산광역시 수영구 민락동,경상사고,0,0,1,0,차대차 - 측면충돌,안전운전불이행,건조,맑음,단일로 - 기타,화물,남,35세,상해없음,이륜,남,31세,경상
2.02206E+15,2022년 6월 1일 14시,수요일,부산광역시 수영구 광안동,경상사고,0,0,1,0,차대차 - 기타,안전거리미확보,건조,맑음,단일로 - 기타,승용,남,41세,상해없음,승용,여,26세,경상
2022060100100291,2022년 6월 1일 14시,수요일,부산광역시 북구 만덕동,경상사고,0,0,2,0,차대차 - 측면충돌,안전거리미확보,건조,맑음,교차로 - 교차로부근,승용,여,54세,상해없음,승용,남,32세,경상
2022060100100292,2022년 6월 1일 14시,수요일,부산광역시 기장군 기장읍,경상사고,0,0,1,0,차대차 - 기타,신호위반,건조,맑음,교차로 - 교차로안,승용,여,37세,상해없음,승용,남,61세,경상
2022060100100293,2022년 6월 1일 14시,수요일,부산광역시 기장군 기장읍,경상사고,0,0,1,0,차대차 - 추돌,안전운전불이행,건조,맑음,단일로 - 기타,승용,남,52세,상해없음,이륜,남,30세,경상
2022060100100322,2022년 6월 1일 15시,수요일,부산광역시 동구 좌천동,경상사고,0,0,1,0,차량단독 - 기타,기타,건조,맑음,단일로 - 기타,승합,남,47세,상해없음,,,,
2022060100100323,2022년 6월 1일 15시,수요일,부산광역시 부산진구 범천동,중상사고,0,2,0,0,차대차 - 추돌,안전운전불이행,건조,맑음,교차로 - 교차로부근,승용,남,62세,상해없음,승용,남,45세,중상
2022060100100324,2022년 6월 1일 15시,수요일,부산광역시 사하구 하단동,중상사고,0,1,1,0,차대차 - 기타,신호위반,건조,맑음,단일로 - 기타,이륜,남,56세,경상,자전거,남,73세,중상
2022060100100325,2022년 6월 1일 15시,수요일,부산광역시 연제구 연산동,경상사고,0,0,3,1,차대차 - 추돌,교차로운행방법위반,건조,맑음,교차로 - 교차로부근,화물,남,67세,상해없음,승용,남,69세,경상
2022060100100326,2022년 6월 1일 15시,수요일,부산광역시 기장군 장안읍,경상사고,0,0,1,0,차대차 - 기타,안전운전불이행,건조,맑음,단일로 - 기타,승용,여,56세,상해없음,승용,남,30세,경상
2022060100100364,2022년 6월 1일 16시,수요일,부산광역시 부산진구 전포동,경상사고,0,0,1,0,차대차 - 후진중충돌,안전운전불이행,건조,맑음,단일로 - 기타,화물,남,65세,상해없음,이륜,남,25세,경상
2022060100100365,2022년 6월 1일 16시,수요일,부산광역시 연제구 연산동,경상사고,0,0,2,0,차대차 - 추돌,안전거리미확보,건조,맑음,단일로 - 기타,특수,남,56세,상해없음,승용,남,36세,경상
2022060100100401,2022년 6월 1일 17시,수요일,부산광역시 동래구 안락동,경상사고,0,0,1,0,차대사람 - 횡단중,보행자보호의무위반,건조,맑음,교차로 - 교차로부근,이륜,남,16세,상해없음,보행자,여,12세,경상
2022060100100402,2022년 6월 1일 17시,수요일,부산광역시 사하구 신평동,경상사고,0,0,1,0,차대사람 - 차도통행중,안전운전불이행,건조,맑음,교차로 - 교차로부근,이륜,남,34세,기타불명,보행자,남,9세,경상
2022060100100404,2022년 6월 1일 17시,수요일,부산광역시 강서구 천성동,경상사고,0,0,1,0,차대차 - 기타,안전운전불이행,건조,맑음,단일로 - 기타,승용,남,54세,상해없음,승용,남,46세,경상
2022060100100469,2022년 6월 1일 19시,수요일,부산광역시 강서구 명지동,경상사고,0,0,1,0,차대차 - 기타,안전운전불이행,건조,맑음,단일로 - 기타,승용,남,47세,상해없음,승용,남,64세,상해없음
2.02206E+15,2022년 6월 1일 20시,수요일,부산광역시 부산진구 전포동,경상사고,0,0,1,0,차대차 - 측면충돌,중앙선침범,건조,맑음,교차로 - 교차로부근,승용,남,63세,상해없음,원동기,남,39세,경상
2022060100100501,2022년 6월 1일 20시,수요일,부산광역시 사하구 구평동,중상사고,0,1,0,0,차대차 - 추돌,안전운전불이행,건조,맑음,교차로 - 교차로안,승용,남,29세,상해없음,이륜,남,19세,중상
2022060100100502,2022년 6월 1일 20시,수요일,부산광역시 연제구 연산동,경상사고,0,0,2,0,차대차 - 추돌,안전운전불이행,건조,맑음,교차로 - 교차로부근,승용,남,49세,상해없음,승용,여,41세,상해없음
2022060200100019,2022년 6월 2일 05시,목요일,부산광역시 서구 암남동,경상사고,0,0,2,0,차대차 - 측면충돌,신호위반,건조,맑음,교차로 - 교차로안,화물,남,44세,경상,승용,남,68세,경상
2.02206E+15,2022년 6월 2일 06시,목요일,부산광역시 부산진구 연지동,경상사고,0,0,1,0,차대차 - 추돌,안전운전불이행,건조,맑음,교차로 - 교차로부근,승용,남,22세,상해없음,승용,여,64세,경상
2022060200100031,2022년 6월 2일 06시,목요일,부산광역시 금정구 선동,부상신고사고,0,0,0,1,차대차 - 측면충돌,안전운전불이행,건조,맑음,단일로 - 기타,자전거,남,74세,부상신고,승용,남,72세,상해없음
2022060200100049,2022년 6월 2일 07시,목요일,부산광역시 사하구 다대동,경상사고,0,0,2,0,차대차 - 측면충돌,안전거리미확보,건조,맑음,단일로 - 기타,승용,여,32세,상해없음,화물,남,68세,경상
2.02206E+15,2022년 6월 2일 07시,목요일,부산광역시 연제구 연산동,중상사고,0,1,0,0,차대사람 - 기타,안전운전불이행,건조,맑음,단일로 - 기타,승합,남,66세,상해없음,보행자,남,68세,중상
2022060200100051,2022년 6월 2일 07시,목요일,부산광역시 강서구 녹산동,경상사고,0,0,1,0,차대차 - 추돌,안전운전불이행,건조,맑음,단일로 - 기타,승용,남,42세,상해없음,승용,남,54세,경상
2022060200100052,2022년 6월 2일 07시,목요일,부산광역시 사상구 괘법동,경상사고,0,0,1,0,차대사람 - 횡단중,신호위반,건조,맑음,교차로 - 교차로횡단보도내,승용,여,48세,상해없음,보행자,남,28세,경상
2022060200100075,2022년 6월 2일 08시,목요일,부산광역시 사하구 괴정동,경상사고,0,0,1,0,차대차 - 추돌,안전운전불이행,건조,맑음,단일로 - 기타,승용,여,54세,상해없음,승용,남,55세,경상
2022060200100076,2022년 6월 2일 08시,목요일,부산광역시 사하구 당리동,중상사고,0,1,0,0,차대사람 - 횡단중,안전운전불이행,건조,맑음,단일로 - 기타,승용,남,66세,상해없음,보행자,여,63세,중상
2.02206E+15,2022년 6월 2일 10시,목요일,부산광역시 금정구 장전동,경상사고,0,0,2,0,차대차 - 추돌,안전운전불이행,건조,맑음,단일로 - 지하차도(도로)내,승용,남,78세,상해없음,승용,남,38세,경상
2022060200100173,2022년 6월 2일 11시,목요일,부산광역시 동래구 사직동,중상사고,0,1,0,0,차대사람 - 횡단중,안전운전불이행,건조,맑음,단일로 - 기타,승용,남,38세,상해없음,보행자,남,26세,중상
2022060200100174,2022년 6월 2일 11시,목요일,부산광역시 동래구 온천동,경상사고,0,0,2,0,차대차 - 기타,안전운전불이행,건조,맑음,단일로 - 기타,화물,남,56세,경상,승용,남,57세,경상
2022060200100203,2022년 6월 2일 12시,목요일,부산광역시 서구 동대신동3가,중상사고,0,1,0,0,차대사람 - 차도통행중,안전운전불이행,건조,맑음,교차로 - 교차로안,승용,남,54세,상해없음,보행자,남,77세,중상
2022060200100204,2022년 6월 2일 12시,목요일,부산광역시 수영구 민락동,경상사고,0,0,1,0,차대차 - 측면충돌,안전거리미확보,건조,맑음,단일로 - 기타,승용,여,73세,기타불명,승용,남,51세,경상
2022060200100237,2022년 6월 2일 13시,목요일,부산광역시 부산진구 가야동,경상사고,0,0,1,0,차대차 - 측면충돌,차로위반,건조,맑음,단일로 - 기타,화물,남,66세,상해없음,이륜,남,27세,경상
2022060200100266,2022년 6월 2일 14시,목요일,부산광역시 동래구 사직동,중상사고,0,1,0,0,차대차 - 측면충돌,안전운전불이행,건조,맑음,교차로 - 교차로부근,화물,남,64세,상해없음,승용,여,70세,중상
2.02206E+15,2022년 6월 2일 15시,목요일,부산광역시 부산진구 가야동,중상사고,0,4,0,1,차대차 - 추돌,안전거리미확보,건조,맑음,기타 - 기타,화물,남,66세,부상신고,승용,여,52세,중상
2022060200100301,2022년 6월 2일 15시,목요일,부산광역시 강서구 녹산동,경상사고,0,0,1,0,차대차 - 측면충돌,안전운전불이행,건조,맑음,단일로 - 기타,화물,남,40세,상해없음,승용,남,40세,경상
2022060200100341,2022년 6월 2일 16시,목요일,부산광역시 부산진구 전포동,경상사고,0,0,1,1,차대차 - 추돌,신호위반,건조,맑음,교차로 - 교차로안,이륜,남,40세,부상신고,승용,남,41세,경상
2022060200100342,2022년 6월 2일 16시,목요일,부산광역시 연제구 연산동,중상사고,0,1,0,0,차대사람 - 기타,안전운전불이행,건조,맑음,교차로 - 교차로안,승용,여,65세,상해없음,보행자,남,12세,중상
2022060200100382,2022년 6월 2일 17시,목요일,부산광역시 중구 남포동1가,경상사고,0,0,1,0,차대사람 - 보도통행중,안전운전불이행,건조,맑음,교차로 - 교차로부근,승합,남,45세,상해없음,보행자,남,67세,경상
2022060200100433,2022년 6월 2일 18시,목요일,부산광역시 서구 암남동,경상사고,0,0,1,0,차대차 - 측면충돌,안전운전불이행,건조,맑음,단일로 - 기타,승용,남,21세,상해없음,자전거,남,8세,경상
2022060200100493,2022년 6월 2일 19시,목요일,부산광역시 서구 토성동5가,중상사고,0,1,0,0,차대차 - 기타,안전거리미확보,건조,맑음,단일로 - 기타,승용,남,53세,상해없음,이륜,남,24세,중상
2022060200100517,2022년 6월 2일 20시,목요일,부산광역시 서구 초장동,부상신고사고,0,0,0,2,차대차 - 측면충돌,신호위반,건조,맑음,교차로 - 교차로안,승용,여,45세,부상신고,승용,남,64세,상해없음
2022060200100518,2022년 6월 2일 20시,목요일,부산광역시 수영구 남천동,중상사고,0,1,0,0,차대사람 - 기타,안전운전불이행,건조,맑음,단일로 - 기타,승용,여,64세,상해없음,보행자,남,62세,중상
2022060200100519,2022년 6월 2일 20시,목요일,부산광역시 동래구 온천동,경상사고,0,0,1,0,차대차 - 측면충돌,안전운전불이행,건조,맑음,단일로 - 기타,승용,여,40세,상해없음,이륜,남,20세,경상
2.02206E+15,2022년 6월 2일 20시,목요일,부산광역시 금정구 구서동,경상사고,0,0,1,0,차대차 - 측면충돌,안전운전불이행,건조,맑음,단일로 - 기타,승용,남,79세,상해없음,이륜,남,26세,경상
2022060200100547,2022년 6월 2일 21시,목요일,부산광역시 부산진구 부전동,경상사고,0,0,4,0,차대차 - 기타,안전거리미확보,건조,기타,교차로 - 교차로안,승용,남,66세,상해없음,승용,남,24세,경상
2022060300100013,2022년 6월 3일 01시,금요일,부산광역시 해운대구 석대동,경상사고,0,0,1,0,차대차 - 기타,안전운전불이행,건조,맑음,단일로 - 기타,승용,남,65세,상해없음,승용,남,47세,경상
2022060300100014,2022년 6월 3일 01시,금요일,부산광역시 연제구 연산동,중상사고,0,1,0,0,차대차 - 기타,기타,건조,맑음,단일로 - 기타,승용,남,70세,상해없음,승용,남,52세,상해없음
2.02206E+15,2022년 6월 3일 06시,금요일,부산광역시 수영구 남천동,경상사고,0,0,1,0,차대사람 - 기타,안전운전불이행,건조,맑음,단일로 - 기타,승합,남,57세,상해없음,보행자,여,51세,경상
2022060300100056,2022년 6월 3일 07시,금요일,부산광역시 동래구 사직동,중상사고,0,1,0,0,차대차 - 측면충돌,안전운전불이행,건조,맑음,교차로 - 교차로안,승용,남,52세,상해없음,승용,여,52세,중상
2022060300100057,2022년 6월 3일 07시,금요일,부산광역시 해운대구 반여동,경상사고,0,0,1,0,차대차 - 추돌,안전운전불이행,건조,맑음,단일로 - 기타,승용,남,40세,상해없음,승용,남,45세,경상
2022060300100058,2022년 6월 3일 07시,금요일,부산광역시 사상구 괘법동,경상사고,0,0,1,0,차대차 - 측면충돌,신호위반,건조,맑음,교차로 - 교차로안,개인형이동수단(PM),남,20세,기타불명,승용,남,29세,경상
2022060300100086,2022년 6월 3일 08시,금요일,부산광역시 부산진구 전포동,경상사고,0,0,3,0,차대차 - 기타,기타,건조,맑음,교차로 - 교차로안,승용,남,50세,경상,승합,남,60세,경상
2022060300100158,2022년 6월 3일 10시,금요일,부산광역시 부산진구 개금동,중상사고,0,1,0,0,차대사람 - 횡단중,보행자보호의무위반,건조,맑음,교차로 - 교차로횡단보도내,화물,남,59세,상해없음,보행자,여,74세,중상
2022060300100212,2022년 6월 3일 11시,금요일,부산광역시 기장군 장안읍,경상사고,0,0,1,0,차대차 - 측면충돌,신호위반,건조,맑음,교차로 - 교차로안,화물,남,34세,상해없음,화물,남,29세,경상
2022060300100273,2022년 6월 3일 13시,금요일,부산광역시 해운대구 재송동,경상사고,0,0,1,0,차대차 - 추돌,안전거리미확보,건조,맑음,교차로 - 교차로부근,승용,남,19세,상해없음,화물,남,32세,경상
2022060300100303,2022년 6월 3일 14시,금요일,부산광역시 중구 중앙동6가,경상사고,0,0,1,0,차대차 - 측면충돌,안전운전불이행,건조,맑음,단일로 - 기타,승용,남,61세,상해없음,승용,남,47세,경상
2022060300100305,2022년 6월 3일 14시,금요일,부산광역시 부산진구 개금동,경상사고,0,0,1,0,차대차 - 기타,안전거리미확보,건조,맑음,교차로 - 교차로부근,승용,남,27세,상해없음,승합,남,41세,상해없음
2022060300100306,2022년 6월 3일 14시,금요일,부산광역시 사하구 괴정동,경상사고,0,0,1,0,차대차 - 기타,안전운전불이행,건조,맑음,단일로 - 지하차도(도로)내,승용,남,19세,상해없음,화물,남,41세,기타불명
2022060300100307,2022년 6월 3일 14시,금요일,부산광역시 강서구 명지동,경상사고,0,0,1,0,차대차 - 추돌,안전운전불이행,건조,맑음,단일로 - 기타,승용,남,45세,상해없음,승용,남,25세,경상
2.02206E+15,2022년 6월 3일 16시,금요일,부산광역시 동래구 낙민동,경상사고,0,0,1,0,차대차 - 기타,기타,건조,맑음,단일로 - 기타,승용,남,67세,상해없음,자전거,남,17세,경상
2022060300100371,2022년 6월 3일 16시,금요일,부산광역시 사하구 신평동,경상사고,0,0,1,0,차대차 - 측면충돌,안전운전불이행,건조,맑음,교차로 - 교차로안,승용,남,64세,상해없음,승용,남,30세,경상
2022060300100373,2022년 6월 3일 16시,금요일,부산광역시 강서구 명지동,경상사고,0,0,1,0,차대사람 - 횡단중,보행자보호의무위반,건조,맑음,교차로 - 교차로횡단보도내,이륜,남,41세,상해없음,보행자,남,10세,경상
2022060300100417,2022년 6월 3일 17시,금요일,부산광역시 사하구 장림동,경상사고,0,0,1,0,차대차 - 추돌,안전거리미확보,건조,맑음,교차로 - 교차로안,승용,여,25세,상해없음,승용,남,53세,경상
2022060300100418,2022년 6월 3일 17시,금요일,부산광역시 기장군 기장읍,중상사고,0,1,0,0,차대사람 - 횡단중,보행자보호의무위반,건조,맑음,단일로 - 기타,이륜,남,50세,상해없음,보행자,남,62세,중상
2022060300100419,2022년 6월 3일 17시,금요일,부산광역시 사상구 감전동,경상사고,0,0,1,0,차대차 - 측면충돌,안전거리미확보,건조,맑음,단일로 - 기타,특수,남,59세,상해없음,승용,여,27세,경상
2022060300100469,2022년 6월 3일 18시,금요일,부산광역시 사하구 괴정동,경상사고,0,0,1,0,차대차 - 측면충돌,안전운전불이행,건조,맑음,교차로 - 교차로부근,승용,여,54세,상해없음,이륜,남,28세,경상
2022060300100511,2022년 6월 3일 19시,금요일,부산광역시 수영구 광안동,중상사고,0,1,0,0,차대사람 - 기타,기타,기타,맑음,기타 - 기타,원동기,남,71세,상해없음,보행자,남,40세,중상
2022060300100512,2022년 6월 3일 19시,금요일,부산광역시 사하구 하단동,경상사고,0,0,1,0,차대차 - 측면충돌,교차로운행방법위반,건조,맑음,교차로 - 교차로부근,승용,여,56세,상해없음,승용,남,50세,경상
2022060300100548,2022년 6월 3일 20시,금요일,부산광역시 부산진구 개금동,경상사고,0,0,1,0,차대차 - 기타,신호위반,건조,맑음,교차로 - 교차로안,화물,남,24세,상해없음,이륜,남,53세,경상
2022060300100549,2022년 6월 3일 20시,금요일,부산광역시 사상구 덕포동,중상사고,0,1,0,0,차대사람 - 기타,안전운전불이행,건조,기타,기타 - 기타,승합,남,40세,상해없음,보행자,남,58세,중상
2022060300100608,2022년 6월 3일 22시,금요일,부산광역시 부산진구 범천동,경상사고,0,0,1,0,차대차 - 기타,안전운전불이행,건조,맑음,단일로 - 기타,승용,남,64세,상해없음,승용,남,65세,경상
2022060300100609,2022년 6월 3일 22시,금요일,부산광역시 연제구 연산동,중상사고,0,1,0,0,차대차 - 추돌,안전운전불이행,건조,맑음,단일로 - 기타,승용,남,26세,상해없음,이륜,남,37세,중상
2022060300100636,2022년 6월 3일 23시,금요일,부산광역시 동래구 명륜동,중상사고,0,1,0,0,차대사람 - 횡단중,신호위반,건조,맑음,교차로 - 교차로횡단보도내,승합,남,72세,상해없음,보행자,남,60세,중상
2022060300100637,2022년 6월 3일 23시,금요일,부산광역시 동래구 사직동,경상사고,0,0,4,0,차대차 - 정면충돌,신호위반,건조,맑음,교차로 - 교차로안,승합,남,55세,상해없음,승용,남,37세,경상
2022060400100029,2022년 6월 4일 01시,토요일,부산광역시 중구 중앙동2가,경상사고,0,0,1,0,차대사람 - 기타,안전운전불이행,건조,맑음,단일로 - 기타,승용,남,55세,상해없음,보행자,여,26세,경상
2022060400100058,2022년 6월 4일 04시,토요일,부산광역시 해운대구 우동,중상사고,0,1,0,0,차대차 - 기타,신호위반,건조,맑음,교차로 - 교차로안,개인형이동수단(PM),남,32세,중상,승용,남,67세,상해없음
2022060400100074,2022년 6월 4일 06시,토요일,부산광역시 동래구 안락동,경상사고,0,0,1,0,차대차 - 추돌,신호위반,건조,맑음,교차로 - 교차로안,승용,남,53세,상해없음,승용,여,58세,경상
2022060400100089,2022년 6월 4일 07시,토요일,부산광역시 연제구 연산동,경상사고,0,0,3,0,차대차 - 측면충돌,중앙선침범,건조,맑음,교차로 - 교차로부근,승용,남,29세,상해없음,승용,남,79세,경상
2022060400100105,2022년 6월 4일 08시,토요일,부산광역시 동구 초량동,경상사고,0,0,2,0,차대차 - 측면충돌,신호위반,건조,맑음,단일로 - 기타,화물,남,65세,상해없음,승합,남,55세,경상
2.02206E+15,2022년 6월 4일 10시,토요일,부산광역시 남구 문현동,중상사고,0,1,0,0,차대사람 - 횡단중,보행자보호의무위반,건조,맑음,단일로 - 기타,화물,남,29세,상해없음,보행자,여,10세,중상
2022060400100201,2022년 6월 4일 11시,토요일,부산광역시 연제구 연산동,경상사고,0,0,1,0,차대차 - 측면충돌,안전운전불이행,건조,맑음,단일로 - 기타,화물,남,40세,상해없음,이륜,남,34세,경상
2022060400100202,2022년 6월 4일 11시,토요일,부산광역시 사상구 학장동,경상사고,0,0,1,0,차대차 - 측면충돌,안전거리미확보,건조,맑음,단일로 - 교량,특수,남,48세,상해없음,승용,남,40세,경상
2022060400100276,2022년 6월 4일 13시,토요일,부산광역시 서구 서대신동1가,경상사고,0,0,1,0,차대차 - 기타,안전거리미확보,건조,맑음,단일로 - 기타,화물,남,48세,상해없음,이륜,남,37세,경상
2022060400100277,2022년 6월 4일 13시,토요일,부산광역시 부산진구 전포동,경상사고,0,0,1,0,차대차 - 기타,기타,건조,맑음,교차로 - 교차로안,승용,남,32세,상해없음,이륜,남,23세,경상
2022060400100278,2022년 6월 4일 13시,토요일,부산광역시 금정구 금사동,경상사고,0,0,2,0,차대차 - 추돌,안전운전불이행,건조,맑음,단일로 - 기타,화물,남,64세,상해없음,이륜,남,77세,경상
2022060400100279,2022년 6월 4일 13시,토요일,부산광역시 강서구 송정동,경상사고,0,0,3,0,차대차 - 측면충돌,교차로운행방법위반,건조,맑음,교차로 - 교차로안,특수,남,50세,기타불명,승용,여,38세,경상
2022060400100314,2022년 6월 4일 14시,토요일,부산광역시 동래구 명장동,경상사고,0,0,2,0,차대차 - 기타,직진우회전진행방해,건조,흐림,교차로 - 교차로안,승용,남,46세,경상,승용,여,49세,경상
2022060400100315,2022년 6월 4일 14시,토요일,부산광역시 연제구 연산동,경상사고,0,0,2,0,차대차 - 측면충돌,중앙선침범,건조,맑음,교차로 - 교차로부근,이륜,남,36세,상해없음,이륜,여,52세,경상
2022060400100316,2022년 6월 4일 14시,토요일,부산광역시 연제구 연산동,경상사고,0,0,1,0,차대차 - 추돌,안전거리미확보,건조,맑음,단일로 - 기타,승용,남,38세,상해없음,승용,남,34세,경상
2022060400100351,2022년 6월 4일 15시,토요일,부산광역시 동래구 온천동,중상사고,0,1,2,0,차대차 - 측면충돌,안전거리미확보,건조,맑음,단일로 - 기타,승용,남,72세,상해없음,화물,남,28세,경상
2022060400100408,2022년 6월 4일 17시,토요일,부산광역시 남구 우암동,경상사고,0,0,4,0,차대차 - 기타,안전운전불이행,건조,맑음,단일로 - 기타,승용,남,59세,상해없음,승용,남,30세,경상
2.02206E+15,2022년 6월 4일 17시,토요일,부산광역시 수영구 수영동,경상사고,0,0,1,0,차대사람 - 기타,안전운전불이행,건조,맑음,단일로 - 기타,승용,남,65세,상해없음,보행자,남,44세,경상
2022060400100446,2022년 6월 4일 18시,토요일,부산광역시 사하구 다대동,중상사고,0,1,0,0,차대차 - 기타,안전거리미확보,건조,맑음,단일로 - 기타,승용,여,55세,상해없음,이륜,남,22세,중상
2022060400100477,2022년 6월 4일 19시,토요일,부산광역시 강서구 대저2동,경상사고,0,0,1,0,차대차 - 기타,신호위반,건조,맑음,단일로 - 기타,승용,남,61세,상해없음,승용,여,34세,경상
2022060400100498,2022년 6월 4일 20시,토요일,부산광역시 사상구 괘법동,경상사고,0,0,1,0,차대사람 - 기타,안전운전불이행,건조,맑음,단일로 - 기타,이륜,남,20세,상해없음,보행자,여,64세,경상
2022060400100525,2022년 6월 4일 21시,토요일,부산광역시 강서구 명지동,중상사고,0,3,0,0,차대차 - 측면충돌,신호위반,건조,맑음,교차로 - 교차로안,승용,남,51세,중상,승용,남,63세,중상
2022060400100559,2022년 6월 4일 22시,토요일,부산광역시 수영구 광안동,중상사고,0,1,0,0,차대사람 - 기타,교차로운행방법위반,건조,맑음,교차로 - 교차로부근,승용,남,40세,상해없음,보행자,남,36세,중상
2022060400100578,2022년 6월 4일 23시,토요일,부산광역시 사하구 당리동,경상사고,0,0,1,0,차대차 - 추돌,안전운전불이행,건조,맑음,교차로 - 교차로부근,승용,여,29세,상해없음,승용,여,57세,경상
2022060400100579,2022년 6월 4일 23시,토요일,부산광역시 연제구 연산동,경상사고,0,0,1,0,차대사람 - 기타,안전운전불이행,건조,맑음,단일로 - 기타,승용,여,54세,상해없음,보행자,여,29세,경상
2022060400100581,2022년 6월 4일 23시,토요일,부산광역시 강서구 봉림동,사망사고,2,0,0,0,차량단독 - 공작물충돌,안전운전불이행,건조,맑음,단일로 - 기타,승용,남,39세,사망,,,,
2022060500100004,2022년 6월 5일 00시,일요일,부산광역시 해운대구 재송동,경상사고,0,0,1,0,차대사람 - 기타,안전운전불이행,건조,맑음,단일로 - 기타,승용,남,64세,상해없음,보행자,남,24세,경상
2022060500100038,2022년 6월 5일 03시,일요일,부산광역시 사상구 삼락동,경상사고,0,0,1,0,차대차 - 추돌,안전거리미확보,건조,맑음,교차로 - 교차로부근,승용,남,59세,상해없음,승용,남,23세,경상
2022060500100046,2022년 6월 5일 04시,일요일,부산광역시 부산진구 전포동,경상사고,0,0,1,0,차대차 - 측면충돌,신호위반,건조,맑음,교차로 - 교차로안,원동기,남,24세,상해없음,승용,남,49세,상해없음
2022060500100063,2022년 6월 5일 07시,일요일,부산광역시 부산진구 부전동,경상사고,0,0,1,0,차대차 - 정면충돌,중앙선침범,젖음/습기,비,교차로 - 교차로부근,승용,남,25세,상해없음,승용,남,68세,경상
2022060500100079,2022년 6월 5일 09시,일요일,부산광역시 연제구 연산동,경상사고,0,0,1,0,차대차 - 기타,교차로운행방법위반,젖음/습기,비,교차로 - 교차로안,승용,여,57세,상해없음,이륜,남,44세,경상
2022060500100097,2022년 6월 5일 10시,일요일,부산광역시 동구 초량동,중상사고,0,1,1,0,차대차 - 추돌,안전운전불이행,젖음/습기,비,교차로 - 교차로안,승용,남,59세,상해없음,승용,남,69세,상해없음