사고번호,사고일시,요일,시군구,사고내용,사망자수,중상자수,경상자수,부상신고자수,사고유형,법규위반,노면상태,기상상태,도로형태,가해운전자 차종,가해운전자 성별,가해운전자 연령,가해운전자 상해정도,피해운전자 차종,피해운전자 성별,피해운전자 연령,피해운전자 상해정도
2022060500100115,2022년 6월 5일 11시,일요일,부산광역시 영도구 영선동2가,중상사고,0,1,1,0,차대차 - 측면충돌,직진우회전진행방해,젖음/습기,비,기타 - 기타,승용,남,25세,상해없음,승용,남,71세,경상
2022060500100168,2022년 6월 5일 13시,일요일,부산광역시 동구 수정동,경상사고,0,0,1,0,차대차 - 기타,신호위반,젖음/습기,비,교차로 - 교차로부근,승용,여,65세,상해없음,이륜,남,59세,경상
2022060500100169,2022년 6월 5일 13시,일요일,부산광역시 기장군 기장읍,중상사고,0,1,0,0,차대사람 - 횡단중,보행자보호의무위반,건조,맑음,교차로 - 교차로안,승용,남,51세,상해없음,보행자,남,22세,중상
2022060500100224,2022년 6월 5일 15시,일요일,부산광역시 동래구 안락동,경상사고,0,0,1,0,차대사람 - 차도통행중,안전운전불이행,젖음/습기,비,교차로 - 교차로부근,승용,남,63세,상해없음,보행자,여,84세,경상
2022060500100254,2022년 6월 5일 16시,일요일,부산광역시 부산진구 전포동,경상사고,0,0,2,0,차대차 - 기타,안전운전불이행,건조,맑음,단일로 - 기타,승용,남,56세,상해없음,승용,남,41세,경상
2022060500100277,2022년 6월 5일 17시,일요일,부산광역시 영도구 남항동3가,경상사고,0,0,2,0,차대차 - 추돌,안전거리미확보,젖음/습기,비,교차로 - 교차로부근,승용,남,26세,기타불명,승용,남,45세,경상
2022060500100278,2022년 6월 5일 17시,일요일,부산광역시 해운대구 좌동,경상사고,0,0,1,0,차대차 - 측면충돌,안전운전불이행,침수,비,단일로 - 기타,승용,남,26세,상해없음,승용,남,55세,경상
2022060500100279,2022년 6월 5일 17시,일요일,부산광역시 사하구 괴정동,경상사고,0,0,1,0,차대차 - 측면충돌,기타,젖음/습기,비,단일로 - 기타,승용,여,64세,상해없음,이륜,남,21세,경상
2022060500100304,2022년 6월 5일 18시,일요일,부산광역시 동래구 수안동,부상신고사고,0,0,0,2,차대차 - 측면충돌,안전운전불이행,젖음/습기,비,교차로 - 교차로부근,승용,남,64세,부상신고,승용,남,37세,부상신고
2022060500100305,2022년 6월 5일 18시,일요일,부산광역시 영도구 봉래동3가,경상사고,0,0,1,0,차대사람 - 기타,안전운전불이행,젖음/습기,비,단일로 - 기타,승용,남,21세,상해없음,보행자,여,58세,경상
2022060500100332,2022년 6월 5일 19시,일요일,부산광역시 중구 남포동6가,경상사고,0,0,3,0,차대차 - 측면충돌,신호위반,젖음/습기,비,단일로 - 기타,승용,남,51세,상해없음,승용,남,37세,경상
2022060500100333,2022년 6월 5일 19시,일요일,부산광역시 해운대구 우동,부상신고사고,0,0,0,3,차량단독 - 공작물충돌,안전운전불이행,젖음/습기,비,단일로 - 기타,승용,남,21세,상해없음,,,,
2022060500100334,2022년 6월 5일 19시,일요일,부산광역시 해운대구 재송동,경상사고,0,0,1,0,차대차 - 측면충돌,기타,젖음/습기,비,교차로 - 교차로안,이륜,남,19세,경상,이륜,남,35세,상해없음
2022060500100359,2022년 6월 5일 20시,일요일,부산광역시 부산진구 양정동,경상사고,0,0,1,0,차대차 - 추돌,안전운전불이행,젖음/습기,비,기타 - 기타,승용,여,22세,상해없음,승용,남,23세,경상
2022060500100386,2022년 6월 5일 21시,일요일,부산광역시 수영구 남천동,경상사고,0,0,1,0,차대차 - 기타,안전거리미확보,젖음/습기,비,단일로 - 기타,승용,남,47세,기타불명,승용,남,63세,상해없음
2022060500100387,2022년 6월 5일 21시,일요일,부산광역시 해운대구 반여동,경상사고,0,0,1,0,차대차 - 추돌,안전거리미확보,젖음/습기,비,단일로 - 기타,화물,남,51세,상해없음,화물,남,31세,경상
2022060500100388,2022년 6월 5일 21시,일요일,부산광역시 연제구 연산동,부상신고사고,0,0,0,1,차량단독 - 기타,안전운전불이행,젖음/습기,비,기타 - 기타,이륜,남,57세,부상신고,,,,
2022060500100432,2022년 6월 5일 23시,일요일,부산광역시 부산진구 부전동,경상사고,0,0,1,0,차대차 - 기타,교차로운행방법위반,건조,맑음,교차로 - 교차로안,승용,남,23세,상해없음,이륜,남,42세,경상
2022060600100055,2022년 6월 6일 05시,월요일,부산광역시 수영구 광안동,경상사고,0,0,1,0,차대사람 - 횡단중,신호위반,젖음/습기,맑음,단일로 - 기타,승용,남,74세,상해없음,보행자,여,73세,경상
2022060600100093,2022년 6월 6일 09시,월요일,부산광역시 수영구 광안동,경상사고,0,0,2,0,차대차 - 기타,교차로운행방법위반,건조,맑음,교차로 - 교차로안,화물,남,32세,경상,승용,여,50세,경상
2022060600100094,2022년 6월 6일 09시,월요일,부산광역시 북구 구포동,경상사고,0,0,1,1,차대차 - 기타,안전거리미확보,건조,맑음,단일로 - 기타,이륜,남,52세,경상,이륜,남,17세,상해없음
2022060600100095,2022년 6월 6일 09시,월요일,부산광역시 사하구 신평동,경상사고,0,0,1,0,차대차 - 측면충돌,안전거리미확보,건조,맑음,단일로 - 기타,화물,남,65세,상해없음,승용,남,65세,경상
2.02206E+15,2022년 6월 6일 12시,월요일,부산광역시 수영구 민락동,중상사고,0,1,0,0,차대차 - 추돌,안전운전불이행,건조,맑음,단일로 - 기타,승용,남,40세,상해없음,이륜,남,52세,중상
2022060600100151,2022년 6월 6일 12시,월요일,부산광역시 동래구 온천동,중상사고,0,1,0,0,차대차 - 측면충돌,안전운전불이행,건조,맑음,교차로 - 교차로안,이륜,남,38세,중상,승용,여,62세,상해없음
2022060600100152,2022년 6월 6일 12시,월요일,부산광역시 금정구 남산동,부상신고사고,0,0,0,1,차대차 - 측면충돌,교차로운행방법위반,건조,맑음,교차로 - 교차로안,승용,남,51세,상해없음,승용,여,52세,부상신고
2022060600100153,2022년 6월 6일 12시,월요일,부산광역시 사상구 괘법동,경상사고,0,0,3,0,차대차 - 추돌,안전운전불이행,건조,맑음,단일로 - 기타,승용,남,39세,상해없음,승용,남,38세,경상
2.02206E+15,2022년 6월 6일 13시,월요일,부산광역시 해운대구 좌동,경상사고,0,0,1,0,차대사람 - 횡단중,신호위반,젖음/습기,비,교차로 - 교차로횡단보도내,승용,남,67세,상해없음,보행자,여,9세,경상
2022060600100181,2022년 6월 6일 13시,월요일,부산광역시 강서구 송정동,경상사고,0,0,1,0,차대차 - 기타,신호위반,건조,맑음,교차로 - 교차로안,승용,남,59세,상해없음,승용,남,47세,경상
2022060600100206,2022년 6월 6일 14시,월요일,부산광역시 남구 대연동,경상사고,0,0,1,0,차대차 - 기타,안전운전불이행,건조,맑음,교차로 - 교차로안,승용,남,55세,상해없음,승용,남,52세,경상
2022060600100207,2022년 6월 6일 14시,월요일,부산광역시 수영구 남천동,경상사고,0,0,1,0,차대차 - 추돌,안전운전불이행,건조,맑음,교차로 - 교차로부근,승용,남,71세,상해없음,승용,남,30세,경상
2022060600100208,2022년 6월 6일 14시,월요일,부산광역시 수영구 남천동,경상사고,0,0,2,0,차대차 - 추돌,안전운전불이행,건조,맑음,교차로 - 교차로안,승용,남,36세,상해없음,승용,남,29세,경상
2022060600100209,2022년 6월 6일 14시,월요일,부산광역시 해운대구 좌동,경상사고,0,0,2,0,차대차 - 추돌,안전운전불이행,건조,맑음,교차로 - 교차로부근,승용,남,74세,상해없음,승용,남,52세,경상
2.02206E+15,2022년 6월 6일 14시,월요일,부산광역시 금정구 장전동,경상사고,0,0,4,0,차대차 - 측면충돌,안전운전불이행,젖음/습기,비,단일로 - 지하차도(도로)내,승용,여,24세,상해없음,승용,남,52세,경상
2022060600100248,2022년 6월 6일 15시,월요일,부산광역시 동래구 온천동,중상사고,0,1,0,0,차대사람 - 횡단중,안전운전불이행,건조,맑음,교차로 - 교차로횡단보도내,승용,여,46세,상해없음,보행자,여,86세,중상
2022060600100318,2022년 6월 6일 17시,월요일,부산광역시 강서구 대저2동,경상사고,0,0,1,0,차대차 - 측면충돌,신호위반,건조,맑음,교차로 - 교차로안,화물,남,65세,상해없음,특수,남,53세,경상
2022060600100348,2022년 6월 6일 18시,월요일,부산광역시 남구 감만동,경상사고,0,0,1,0,차대차 - 측면충돌,안전운전불이행,건조,맑음,교차로 - 교차로안,승용,남,73세,상해없음,승용,남,52세,경상
2022060600100349,2022년 6월 6일 18시,월요일,부산광역시 남구 문현동,경상사고,0,0,1,0,차대차 - 기타,안전운전불이행,건조,맑음,교차로 - 교차로부근,이륜,남,28세,상해없음,이륜,남,35세,경상
2.02206E+15,2022년 6월 6일 18시,월요일,부산광역시 해운대구 송정동,경상사고,0,0,1,0,차대차 - 추돌,안전운전불이행,건조,맑음,단일로 - 기타,승용,남,59세,상해없음,승용,남,38세,경상
2022060600100351,2022년 6월 6일 18시,월요일,부산광역시 사상구 덕포동,경상사고,0,0,3,0,차대차 - 측면충돌,신호위반,건조,맑음,교차로 - 교차로안,승용,여,52세,상해없음,승용,남,58세,경상
2022060600100376,2022년 6월 6일 19시,월요일,부산광역시 서구 서대신동3가,중상사고,0,1,0,0,차대사람 - 횡단중,안전운전불이행,건조,맑음,단일로 - 기타,승용,여,53세,상해없음,보행자,여,62세,중상
2022060600100377,2022년 6월 6일 19시,월요일,부산광역시 북구 구포동,중상사고,0,1,1,0,차대차 - 측면충돌,안전운전불이행,건조,맑음,단일로 - 기타,승용,남,49세,상해없음,승합,남,51세,경상
2022060600100378,2022년 6월 6일 19시,월요일,부산광역시 해운대구 반여동,경상사고,0,0,1,0,차대차 - 기타,안전운전불이행,건조,맑음,교차로 - 교차로안,승용,남,54세,상해없음,자전거,여,35세,경상
2022060600100404,2022년 6월 6일 20시,월요일,부산광역시 서구 토성동3가,중상사고,0,1,0,0,차량단독 - 기타,안전운전불이행,건조,맑음,단일로 - 기타,승합,남,48세,상해없음,,,,
2022060600100405,2022년 6월 6일 20시,월요일,부산광역시 해운대구 우동,경상사고,0,0,1,0,차대차 - 측면충돌,안전운전불이행,건조,맑음,교차로 - 교차로안,승용,여,27세,상해없음,승용,남,34세,경상
2022060600100406,2022년 6월 6일 20시,월요일,부산광역시 해운대구 송정동,경상사고,0,0,1,0,차대차 - 추돌,안전운전불이행,건조,맑음,교차로 - 교차로안,승용,남,19세,상해없음,승용,여,55세,경상
2022060600100457,2022년 6월 6일 22시,월요일,부산광역시 해운대구 우동,경상사고,0,0,3,0,차대차 - 기타,신호위반,건조,맑음,교차로 - 교차로안,승용,남,56세,상해없음,승용,남,68세,경상
2022060600100477,2022년 6월 6일 23시,월요일,부산광역시 수영구 수영동,경상사고,0,0,1,0,차대차 - 측면충돌,안전운전불이행,건조,맑음,단일로 - 기타,승용,남,57세,기타불명,승용,남,27세,경상
2022060600100478,2022년 6월 6일 23시,월요일,부산광역시 부산진구 양정동,중상사고,0,2,1,0,차대차 - 정면충돌,신호위반,건조,맑음,교차로 - 교차로안,승용,남,63세,상해없음,승합,남,46세,경상
2022060700100009,2022년 6월 7일 01시,화요일,부산광역시 부산진구 전포동,경상사고,0,0,2,0,차대차 - 추돌,안전운전불이행,건조,맑음,교차로 - 교차로부근,승용,남,29세,기타불명,승용,남,67세,경상
2022060700100048,2022년 6월 7일 07시,화요일,부산광역시 부산진구 연지동,중상사고,0,1,0,0,차대사람 - 횡단중,보행자보호의무위반,건조,맑음,교차로 - 교차로부근,자전거,남,68세,상해없음,보행자,여,75세,중상
2022060700100077,2022년 6월 7일 08시,화요일,부산광역시 동구 초량동,중상사고,0,1,0,0,차대차 - 측면충돌,안전운전불이행,건조,맑음,단일로 - 기타,승용,여,44세,상해없음,자전거,남,71세,중상
2022060700100078,2022년 6월 7일 08시,화요일,부산광역시 수영구 남천동,경상사고,0,0,1,0,차대차 - 기타,기타,건조,맑음,단일로 - 기타,화물,남,65세,상해없음,승용,여,52세,경상
2022060700100079,2022년 6월 7일 08시,화요일,부산광역시 남구 대연동,경상사고,0,0,1,0,차대차 - 측면충돌,안전운전불이행,건조,맑음,단일로 - 기타,승용,여,28세,상해없음,승용,여,50세,경상
2022060700100081,2022년 6월 7일 08시,화요일,부산광역시 수영구 망미동,부상신고사고,0,0,0,1,차대차 - 기타,안전운전불이행,건조,맑음,단일로 - 기타,자전거,남,77세,부상신고,승용,남,58세,상해없음
2022060700100082,2022년 6월 7일 08시,화요일,부산광역시 강서구 대저2동,중상사고,0,1,0,0,차대사람 - 차도통행중,안전운전불이행,건조,맑음,단일로 - 기타,화물,남,31세,상해없음,보행자,남,64세,중상
2022060700100083,2022년 6월 7일 08시,화요일,부산광역시 강서구 죽동동,경상사고,0,0,1,0,차대차 - 기타,신호위반,건조,맑음,교차로 - 교차로안,승용,남,27세,상해없음,승용,남,32세,경상
2022060700100131,2022년 6월 7일 09시,화요일,부산광역시 남구 대연동,부상신고사고,0,0,0,2,차대차 - 추돌,안전거리미확보,건조,맑음,교차로 - 교차로부근,승용,남,70세,기타불명,승용,남,69세,부상신고
2022060700100132,2022년 6월 7일 09시,화요일,부산광역시 부산진구 부전동,경상사고,0,0,1,0,차대사람 - 횡단중,보행자보호의무위반,건조,맑음,교차로 - 교차로안,승용,남,26세,상해없음,보행자,여,31세,경상
2022060700100162,2022년 6월 7일 10시,화요일,부산광역시 남구 대연동,경상사고,0,0,1,0,차대차 - 기타,직진우회전진행방해,건조,맑음,교차로 - 교차로부근,승용,남,64세,상해없음,승용,여,49세,경상
2022060700100195,2022년 6월 7일 11시,화요일,부산광역시 수영구 남천동,경상사고,0,0,1,0,차대차 - 기타,안전운전불이행,건조,맑음,교차로 - 교차로부근,승합,여,62세,상해없음,승용,여,69세,경상
2022060700100246,2022년 6월 7일 13시,화요일,부산광역시 해운대구 재송동,중상사고,0,1,0,0,차량단독 - 기타,안전운전불이행,건조,맑음,단일로 - 기타,승합,남,28세,상해없음,,,,
2022060700100247,2022년 6월 7일 13시,화요일,부산광역시 해운대구 재송동,경상사고,0,0,2,0,차대차 - 측면충돌,안전운전불이행,건조,맑음,단일로 - 기타,승용,여,44세,상해없음,승용,여,35세,경상
2022060700100274,2022년 6월 7일 14시,화요일,부산광역시 사상구 감전동,경상사고,0,0,1,0,차대차 - 측면충돌,교차로운행방법위반,건조,맑음,교차로 - 교차로안,승용,남,56세,상해없음,승용,여,39세,경상
2022060700100309,2022년 6월 7일 15시,화요일,부산광역시 동래구 온천동,경상사고,0,0,1,0,차대차 - 측면충돌,안전거리미확보,건조,맑음,단일로 - 기타,승용,여,67세,상해없음,승용,남,30세,경상
2.02206E+15,2022년 6월 7일 15시,화요일,부산광역시 사상구 감전동,경상사고,0,0,1,0,차대차 - 측면충돌,차로위반,건조,맑음,교차로 - 교차로안,화물,남,59세,상해없음,이륜,남,30세,경상
2022060700100382,2022년 6월 7일 17시,화요일,부산광역시 사하구 다대동,중상사고,0,1,0,0,차대차 - 측면충돌,안전운전불이행,건조,맑음,단일로 - 기타,승용,여,67세,상해없음,이륜,남,58세,중상
2022060700100426,2022년 6월 7일 18시,화요일,부산광역시 금정구 구서동,중상사고,0,1,0,0,차대차 - 측면충돌,안전운전불이행,건조,맑음,교차로 - 교차로안,화물,남,51세,상해없음,자전거,남,13세,중상
2022060700100427,2022년 6월 7일 18시,화요일,부산광역시 사상구 모라동,부상신고사고,0,0,0,1,차대차 - 추돌,안전운전불이행,건조,맑음,단일로 - 기타,이륜,여,63세,부상신고,승용,남,37세,상해없음
2.02206E+15,2022년 6월 7일 19시,화요일,부산광역시 수영구 민락동,경상사고,0,0,1,0,차대차 - 측면충돌,안전거리미확보,건조,맑음,단일로 - 기타,승용,남,25세,상해없음,승용,남,62세,경상
2022060700100483,2022년 6월 7일 20시,화요일,부산광역시 남구 문현동,경상사고,0,0,1,0,차대차 - 측면충돌,안전운전불이행,건조,맑음,교차로 - 교차로안,승용,여,40세,상해없음,승용,남,72세,경상
2022060700100484,2022년 6월 7일 20시,화요일,부산광역시 부산진구 범천동,경상사고,0,0,2,0,차대사람 - 기타,보행자보호의무위반,건조,맑음,단일로 - 기타,승용,남,25세,상해없음,보행자,남,33세,경상
2022060700100485,2022년 6월 7일 20시,화요일,부산광역시 사하구 구평동,경상사고,0,0,1,0,차대차 - 측면충돌,안전거리미확보,건조,맑음,단일로 - 기타,승용,남,28세,상해없음,승용,여,52세,경상
2022060700100486,2022년 6월 7일 20시,화요일,부산광역시 연제구 연산동,중상사고,0,1,0,0,차대차 - 기타,신호위반,건조,맑음,교차로 - 교차로안,승용,남,52세,상해없음,이륜,남,42세,중상
2022060700100487,2022년 6월 7일 20시,화요일,부산광역시 연제구 거제동,경상사고,0,0,1,0,차대차 - 측면충돌,안전거리미확보,건조,맑음,교차로 - 교차로부근,승용,남,70세,상해없음,승용,남,38세,경상
2.02206E+15,2022년 6월 7일 23시,화요일,부산광역시 부산진구 부전동,경상사고,0,0,1,0,차대사람 - 차도통행중,안전운전불이행,건조,맑음,교차로 - 교차로안,승용,남,62세,상해없음,보행자,여,64세,경상
2.02206E+15,2022년 6월 8일 01시,수요일,부산광역시 서구 부민동1가,중상사고,0,1,0,0,차대사람 - 횡단중,신호위반,건조,흐림,단일로 - 기타,원동기,남,21세,상해없음,보행자,남,21세,중상
2022060800100021,2022년 6월 8일 01시,수요일,부산광역시 동래구 온천동,중상사고,0,1,1,0,차대차 - 측면충돌,신호위반,건조,맑음,교차로 - 교차로안,승용,남,30세,상해없음,승용,여,67세,중상
2022060800100059,2022년 6월 8일 07시,수요일,부산광역시 사하구 하단동,경상사고,0,0,1,0,차대차 - 측면충돌,안전거리미확보,건조,맑음,단일로 - 기타,승용,남,32세,상해없음,승용,남,56세,상해없음
2022060800100085,2022년 6월 8일 08시,수요일,부산광역시 북구 덕천동,중상사고,0,1,0,0,차대차 - 추돌,중앙선침범,건조,맑음,단일로 - 기타,승용,남,79세,상해없음,자전거,남,62세,중상
2022060800100125,2022년 6월 8일 09시,수요일,부산광역시 부산진구 당감동,부상신고사고,0,0,0,1,차대사람 - 기타,안전운전불이행,건조,맑음,단일로 - 기타,화물,남,63세,상해없음,보행자,남,26세,부상신고
2022060800100161,2022년 6월 8일 10시,수요일,부산광역시 서구 토성동5가,경상사고,0,0,2,0,차대차 - 측면충돌,기타,건조,맑음,교차로 - 교차로부근,승용,남,52세,경상,이륜,남,67세,경상
2022060800100162,2022년 6월 8일 10시,수요일,부산광역시 해운대구 우동,경상사고,0,0,1,0,차대차 - 측면충돌,교차로운행방법위반,건조,맑음,교차로 - 교차로안,승용,남,57세,상해없음,승용,남,38세,경상
2022060800100163,2022년 6월 8일 10시,수요일,부산광역시 사상구 감전동,경상사고,0,0,1,0,차대사람 - 횡단중,안전운전불이행,건조,맑음,단일로 - 기타,화물,남,75세,상해없음,보행자,남,72세,경상
2022060800100188,2022년 6월 8일 11시,수요일,부산광역시 동래구 복천동,경상사고,0,0,1,0,차대차 - 정면충돌,안전운전불이행,건조,맑음,교차로 - 교차로부근,승용,남,58세,상해없음,원동기,남,54세,경상
2022060800100189,2022년 6월 8일 11시,수요일,부산광역시 영도구 대평동1가,경상사고,0,0,2,0,차대사람 - 보도통행중,안전운전불이행,젖음/습기,흐림,단일로 - 지하차도(도로)내,승용,남,73세,경상,보행자,여,63세,경상
2.02206E+15,2022년 6월 8일 11시,수요일,부산광역시 사하구 구평동,경상사고,0,0,1,0,차대차 - 기타,안전운전불이행,건조,맑음,교차로 - 교차로안,화물,남,27세,상해없음,이륜,여,26세,경상
2022060800100242,2022년 6월 8일 13시,수요일,부산광역시 수영구 광안동,중상사고,0,1,0,0,차대차 - 측면충돌,신호위반,건조,맑음,교차로 - 교차로안,승용,남,62세,상해없음,이륜,남,44세,중상
2022060800100243,2022년 6월 8일 13시,수요일,부산광역시 연제구 연산동,사망사고,1,0,0,0,차대사람 - 기타,안전운전불이행,건조,맑음,단일로 - 기타,이륜,남,45세,상해없음,보행자,여,65세,사망
2022060800100298,2022년 6월 8일 15시,수요일,부산광역시 서구 서대신동1가,경상사고,0,0,1,0,차대사람 - 횡단중,보행자보호의무위반,건조,맑음,단일로 - 기타,승용,여,62세,상해없음,보행자,여,8세,경상
2022060800100299,2022년 6월 8일 15시,수요일,부산광역시 동래구 사직동,중상사고,0,1,0,0,차대사람 - 기타,안전운전불이행,건조,맑음,단일로 - 기타,승용,여,40세,상해없음,보행자,남,10세,중상
2022060800100381,2022년 6월 8일 17시,수요일,부산광역시 금정구 서동,경상사고,0,0,1,0,차대차 - 측면충돌,교차로운행방법위반,건조,맑음,교차로 - 교차로안,이륜,남,34세,상해없음,화물,남,66세,경상
2022060800100423,2022년 6월 8일 18시,수요일,부산광역시 중구 광복동1가,경상사고,0,0,1,0,차대차 - 측면충돌,신호위반,건조,맑음,교차로 - 교차로안,승용,남,66세,상해없음,승합,남,59세,경상
2022060800100424,2022년 6월 8일 18시,수요일,부산광역시 동래구 낙민동,중상사고,0,1,0,0,차량단독 - 기타,안전운전불이행,건조,맑음,단일로 - 기타,승합,남,47세,상해없음,,,,
2022060800100425,2022년 6월 8일 18시,수요일,부산광역시 부산진구 연지동,경상사고,0,0,1,0,차대차 - 측면충돌,안전운전불이행,건조,맑음,단일로 - 기타,승용,남,37세,상해없음,자전거,여,30세,경상
2022060800100463,2022년 6월 8일 19시,수요일,부산광역시 북구 구포동,경상사고,0,0,3,0,차대차 - 추돌,안전운전불이행,건조,맑음,단일로 - 기타,승용,남,39세,상해없음,승용,여,42세,경상
2022060800100464,2022년 6월 8일 19시,수요일,부산광역시 부산진구 부전동,중상사고,0,1,1,0,차대차 - 기타,신호위반,건조,맑음,기타 - 기타,이륜,남,39세,중상,승용,여,34세,경상
2022060800100465,2022년 6월 8일 19시,수요일,부산광역시 금정구 노포동,중상사고,0,2,0,0,차대차 - 기타,기타,건조,맑음,단일로 - 기타,승용,여,31세,중상,승용,여,33세,중상
2022060800100491,2022년 6월 8일 20시,수요일,부산광역시 동래구 온천동,경상사고,0,0,1,0,차대차 - 측면충돌,직진우회전진행방해,건조,맑음,교차로 - 교차로안,승용,여,39세,상해없음,승용,남,49세,경상
2022060800100492,2022년 6월 8일 20시,수요일,부산광역시 해운대구 재송동,중상사고,0,1,1,0,차대차 - 기타,안전거리미확보,건조,맑음,단일로 - 기타,승용,남,72세,상해없음,승용,남,24세,경상
2022060800100517,2022년 6월 8일 21시,수요일,부산광역시 동래구 온천동,경상사고,0,0,1,0,차대사람 - 횡단중,보행자보호의무위반,건조,맑음,단일로 - 기타,승용,남,57세,상해없음,보행자,남,45세,경상
2022060800100518,2022년 6월 8일 21시,수요일,부산광역시 해운대구 반송동,경상사고,0,0,1,0,차대사람 - 횡단중,안전운전불이행,건조,맑음,단일로 - 기타,승용,남,36세,상해없음,보행자,남,48세,경상
2022060800100546,2022년 6월 8일 22시,수요일,부산광역시 사하구 다대동,경상사고,0,0,1,0,차대차 - 기타,안전운전불이행,건조,맑음,단일로 - 기타,승용,남,58세,상해없음,이륜,남,59세,경상
2022060800100547,2022년 6월 8일 22시,수요일,부산광역시 사하구 장림동,경상사고,0,0,1,0,차대사람 - 횡단중,보행자보호의무위반,건조,맑음,교차로 - 교차로횡단보도내,승용,남,58세,상해없음,보행자,남,31세,경상
2022060800100548,2022년 6월 8일 22시,수요일,부산광역시 기장군 정관읍,중상사고,0,1,0,0,차대차 - 추돌,안전운전불이행,건조,맑음,교차로 - 교차로부근,승용,남,44세,상해없음,승용,여,34세,중상
2022060800100549,2022년 6월 8일 22시,수요일,부산광역시 기장군 철마면,경상사고,0,0,3,0,차대차 - 기타,차로위반,건조,맑음,단일로 - 기타,기타불명,기타불명,미분류,기타불명,승용,남,24세,경상
2022060800100568,2022년 6월 8일 23시,수요일,부산광역시 북구 덕천동,경상사고,0,0,1,0,차대차 - 측면충돌,신호위반,건조,맑음,교차로 - 교차로안,승용,여,26세,상해없음,이륜,남,33세,경상
2022060900100051,2022년 6월 9일 07시,목요일,부산광역시 중구 남포동4가,중상사고,0,1,0,0,차대사람 - 횡단중,안전운전불이행,건조,맑음,단일로 - 기타,승용,남,34세,상해없음,보행자,여,50세,중상
2022060900100052,2022년 6월 9일 07시,목요일,부산광역시 해운대구 재송동,경상사고,0,0,1,0,차대차 - 측면충돌,교차로운행방법위반,건조,맑음,교차로 - 교차로안,승용,남,61세,상해없음,승용,남,32세,경상
2022060900100053,2022년 6월 9일 07시,목요일,부산광역시 사하구 신평동,중상사고,0,1,0,0,차대사람 - 차도통행중,안전운전불이행,건조,맑음,교차로 - 교차로안,승용,남,60세,상해없음,보행자,여,62세,중상
2.02206E+15,2022년 6월 9일 08시,목요일,부산광역시 사하구 당리동,경상사고,0,0,1,0,차대차 - 기타,교차로운행방법위반,건조,맑음,단일로 - 기타,승용,여,65세,상해없음,이륜,남,36세,경상
2022060900100132,2022년 6월 9일 09시,목요일,부산광역시 강서구 대저1동,경상사고,0,0,1,0,차대차 - 측면충돌,안전운전불이행,건조,맑음,단일로 - 지하차도(도로)내,자전거,남,67세,경상,승용,남,69세,상해없음
2022060900100163,2022년 6월 9일 10시,목요일,부산광역시 서구 아미동2가,중상사고,0,1,0,0,차대차 - 추돌,안전거리미확보,건조,맑음,단일로 - 지하차도(도로)내,승용,남,60세,상해없음,이륜,남,37세,중상
2022060900100164,2022년 6월 9일 10시,목요일,부산광역시 영도구 동삼동,경상사고,0,0,1,0,차대차 - 측면충돌,중앙선침범,건조,맑음,단일로 - 기타,승용,남,31세,상해없음,승용,남,72세,경상
2022060900100165,2022년 6월 9일 10시,목요일,부산광역시 강서구 대저1동,경상사고,0,0,1,0,차대차 - 측면충돌,중앙선침범,건조,맑음,단일로 - 지하차도(도로)내,화물,남,59세,상해없음,승용,남,51세,경상
2022060900100185,2022년 6월 9일 11시,목요일,부산광역시 연제구 연산동,경상사고,0,0,2,0,차대차 - 기타,안전운전불이행,건조,맑음,단일로 - 기타,건설기계,남,75세,상해없음,화물,남,63세,경상
2022060900100186,2022년 6월 9일 11시,목요일,부산광역시 강서구 성북동,사망사고,1,1,0,0,차량단독 - 공작물충돌,안전운전불이행,건조,맑음,교차로 - 교차로부근,화물,여,60세,중상,,,,
2022060900100215,2022년 6월 9일 12시,목요일,부산광역시 수영구 남천동,경상사고,0,0,1,0,차대사람 - 길가장자리구역통행중,안전운전불이행,건조,맑음,단일로 - 기타,승용,여,53세,상해없음,보행자,여,66세,경상
2022060900100238,2022년 6월 9일 13시,목요일,부산광역시 동구 초량동,경상사고,0,0,1,0,차대차 - 측면충돌,교차로운행방법위반,건조,맑음,교차로 - 교차로부근,승용,여,42세,상해없음,화물,남,58세,경상
2022060900100239,2022년 6월 9일 13시,목요일,부산광역시 부산진구 연지동,경상사고,0,0,1,0,차대차 - 기타,신호위반,건조,맑음,교차로 - 교차로안,승용,여,74세,상해없음,승용,남,55세,경상
2.02206E+15,2022년 6월 9일 13시,목요일,부산광역시 사하구 하단동,경상사고,0,0,1,1,차대차 - 추돌,안전운전불이행,건조,맑음,교차로 - 교차로안,승용,여,59세,부상신고,승용,남,24세,경상
2022060900100258,2022년 6월 9일 14시,목요일,부산광역시 동래구 사직동,경상사고,0,0,1,0,차대사람 - 차도통행중,안전운전불이행,건조,맑음,단일로 - 기타,승용,남,55세,상해없음,보행자,여,76세,경상
2022060900100259,2022년 6월 9일 14시,목요일,부산광역시 부산진구 양정동,경상사고,0,0,2,0,차대차 - 측면충돌,신호위반,건조,기타,교차로 - 교차로안,이륜,남,37세,경상,승용,여,37세,경상
2.02206E+15,2022년 6월 9일 14시,목요일,부산광역시 부산진구 부전동,경상사고,0,0,1,0,차대차 - 후진중충돌,안전운전불이행,건조,맑음,교차로 - 교차로부근,승용,여,38세,상해없음,승용,남,48세,경상