사고번호,사고일시,요일,시군구,사고내용,사망자수,중상자수,경상자수,부상신고자수,사고유형,법규위반,노면상태,기상상태,도로형태,가해운전자 차종,가해운전자 성별,가해운전자 연령,가해운전자 상해정도,피해운전자 차종,피해운전자 성별,피해운전자 연령,피해운전자 상해정도
2.02206E+15,2022년 6월 13일 15시,월요일,부산광역시 연제구 거제동,경상사고,0,0,1,0,차대차 - 기타,불법유턴,건조,맑음,교차로 - 교차로부근,승용,남,54세,상해없음,승용,남,34세,경상
2022061300100325,2022년 6월 13일 16시,월요일,부산광역시 금정구 서동,중상사고,0,1,0,0,차대사람 - 기타,교차로운행방법위반,건조,맑음,교차로 - 교차로안,승용,남,71세,상해없음,보행자,여,78세,중상
2022061300100326,2022년 6월 13일 16시,월요일,부산광역시 금정구 남산동,중상사고,0,1,0,0,차대사람 - 횡단중,보행자보호의무위반,건조,맑음,교차로 - 교차로안,승용,여,49세,상해없음,보행자,여,24세,중상
2.02206E+15,2022년 6월 13일 17시,월요일,부산광역시 사하구 신평동,경상사고,0,0,1,0,차대사람 - 차도통행중,신호위반,건조,맑음,교차로 - 교차로안,승용,남,71세,상해없음,보행자,남,68세,경상
2022061300100371,2022년 6월 13일 17시,월요일,부산광역시 수영구 망미동,중상사고,0,1,0,0,차대차 - 기타,교차로운행방법위반,건조,맑음,교차로 - 교차로안,이륜,남,46세,중상,승용,여,50세,상해없음
2022061300100412,2022년 6월 13일 18시,월요일,부산광역시 남구 문현동,경상사고,0,0,1,0,차대사람 - 기타,안전운전불이행,건조,맑음,단일로 - 기타,승용,남,73세,상해없음,보행자,여,22세,경상
2022061300100413,2022년 6월 13일 18시,월요일,부산광역시 동래구 온천동,경상사고,0,0,1,0,차대차 - 기타,안전운전불이행,건조,맑음,주차장 - 주차장,승용,남,19세,상해없음,승용,남,57세,경상
2022061300100414,2022년 6월 13일 18시,월요일,부산광역시 사하구 장림동,경상사고,0,0,1,0,차대차 - 측면충돌,안전거리미확보,건조,맑음,교차로 - 교차로안,승용,여,31세,상해없음,승용,여,49세,경상
2022061300100415,2022년 6월 13일 18시,월요일,부산광역시 연제구 연산동,경상사고,0,0,1,0,차대사람 - 기타,안전운전불이행,건조,맑음,단일로 - 기타,승합,남,67세,상해없음,보행자,여,67세,경상
2022061300100457,2022년 6월 13일 19시,월요일,부산광역시 해운대구 반송동,중상사고,0,2,2,0,차대차 - 기타,교차로운행방법위반,건조,맑음,기타 - 기타,승용,남,45세,경상,승용,남,56세,중상
2022061300100458,2022년 6월 13일 19시,월요일,부산광역시 금정구 장전동,경상사고,0,0,1,0,차대사람 - 횡단중,보행자보호의무위반,건조,맑음,교차로 - 교차로안,개인형이동수단(PM),남,20세,상해없음,보행자,여,29세,경상
2022061300100483,2022년 6월 13일 20시,월요일,부산광역시 영도구 청학동,중상사고,0,1,0,0,차대사람 - 보도통행중,보행자보호의무위반,젖음/습기,비,단일로 - 기타,승용,여,55세,상해없음,보행자,여,49세,중상
2022061300100508,2022년 6월 13일 21시,월요일,부산광역시 사상구 학장동,중상사고,0,1,0,0,차대차 - 정면충돌,신호위반,건조,맑음,교차로 - 교차로안,승용,남,65세,기타불명,승용,남,69세,중상
2022061300100527,2022년 6월 13일 22시,월요일,부산광역시 서구 토성동5가,부상신고사고,0,0,0,1,차대사람 - 차도통행중,안전운전불이행,젖음/습기,맑음,단일로 - 기타,승용,남,75세,상해없음,보행자,남,55세,부상신고
2022061300100528,2022년 6월 13일 22시,월요일,부산광역시 동래구 명륜동,중상사고,0,1,0,0,차대사람 - 횡단중,신호위반,젖음/습기,비,단일로 - 기타,이륜,남,21세,상해없음,보행자,여,64세,중상
2022061300100542,2022년 6월 13일 23시,월요일,부산광역시 수영구 민락동,중상사고,0,1,0,0,차대차 - 측면충돌,안전거리미확보,젖음/습기,비,교차로 - 교차로부근,승용,남,50세,상해없음,이륜,남,59세,중상
2022061400100002,2022년 6월 14일 00시,화요일,부산광역시 수영구 수영동,중상사고,0,1,0,0,차대차 - 측면충돌,교차로운행방법위반,젖음/습기,비,교차로 - 교차로안,이륜,남,26세,상해없음,이륜,남,55세,중상
2022061400100013,2022년 6월 14일 01시,화요일,부산광역시 남구 대연동,경상사고,0,0,4,0,차대차 - 추돌,안전거리미확보,젖음/습기,비,기타 - 기타,승용,남,43세,상해없음,승용,남,61세,경상
2022061400100022,2022년 6월 14일 03시,화요일,부산광역시 동구 좌천동,중상사고,0,1,0,0,차량단독 - 공작물충돌,안전운전불이행,젖음/습기,맑음,단일로 - 기타,화물,남,57세,상해없음,,,,
2022061400100031,2022년 6월 14일 04시,화요일,부산광역시 사하구 장림동,경상사고,0,0,1,0,차대차 - 측면충돌,안전운전불이행,젖음/습기,비,단일로 - 기타,승용,남,64세,상해없음,승용,남,53세,경상
2022061400100035,2022년 6월 14일 05시,화요일,부산광역시 부산진구 부전동,경상사고,0,0,1,0,차대사람 - 길가장자리구역통행중,안전운전불이행,젖음/습기,비,단일로 - 기타,화물,여,64세,상해없음,보행자,남,58세,경상
2022061400100085,2022년 6월 14일 08시,화요일,부산광역시 영도구 봉래동4가,중상사고,0,1,0,0,차량단독 - 기타,안전운전불이행,젖음/습기,흐림,단일로 - 지하차도(도로)내,승합,남,49세,기타불명,,,,
2022061400100144,2022년 6월 14일 09시,화요일,부산광역시 동구 좌천동,경상사고,0,0,1,0,차대차 - 측면충돌,안전거리미확보,건조,맑음,교차로 - 교차로부근,화물,남,62세,상해없음,승용,남,30세,경상
2022061400100145,2022년 6월 14일 09시,화요일,부산광역시 동래구 온천동,경상사고,0,0,1,0,차대차 - 측면충돌,안전운전불이행,젖음/습기,비,단일로 - 기타,화물,남,54세,상해없음,승용,남,52세,경상
2022061400100146,2022년 6월 14일 09시,화요일,부산광역시 금정구 노포동,부상신고사고,0,0,0,1,차대차 - 측면충돌,신호위반,젖음/습기,흐림,단일로 - 기타,화물,남,42세,상해없음,승용,남,24세,부상신고
2022061400100176,2022년 6월 14일 10시,화요일,부산광역시 동구 초량동,경상사고,0,0,1,0,차대차 - 측면충돌,기타,젖음/습기,비,교차로 - 교차로부근,승용,남,52세,상해없음,이륜,남,50세,경상
2022061400100177,2022년 6월 14일 10시,화요일,부산광역시 동래구 안락동,경상사고,0,0,1,0,차대차 - 기타,불법유턴,젖음/습기,비,단일로 - 기타,승용,남,66세,상해없음,승용,남,71세,상해없음
2022061400100178,2022년 6월 14일 10시,화요일,부산광역시 부산진구 부전동,경상사고,0,0,1,0,차대차 - 측면충돌,안전운전불이행,젖음/습기,비,교차로 - 교차로안,승용,남,73세,상해없음,승용,남,59세,상해없음
2022061400100237,2022년 6월 14일 12시,화요일,부산광역시 해운대구 우동,경상사고,0,0,2,0,차대차 - 추돌,안전거리미확보,건조,맑음,단일로 - 기타,승합,남,38세,상해없음,승합,남,46세,경상
2022061400100238,2022년 6월 14일 12시,화요일,부산광역시 사하구 장림동,경상사고,0,0,1,0,차대차 - 측면충돌,안전운전불이행,건조,맑음,교차로 - 교차로부근,승용,남,70세,상해없음,특수,남,50세,경상
2022061400100239,2022년 6월 14일 12시,화요일,부산광역시 사하구 감천동,부상신고사고,0,0,0,1,차대사람 - 기타,기타,젖음/습기,비,단일로 - 기타,승합,남,48세,상해없음,보행자,여,72세,부상신고
2.02206E+15,2022년 6월 14일 12시,화요일,부산광역시 연제구 거제동,경상사고,0,0,1,0,차대차 - 기타,안전운전불이행,젖음/습기,비,교차로 - 교차로안,이륜,남,45세,경상,승용,남,54세,상해없음
2022061400100241,2022년 6월 14일 12시,화요일,부산광역시 기장군 일광읍,경상사고,0,0,1,0,차대차 - 기타,차로위반,젖음/습기,비,단일로 - 기타,화물,남,51세,상해없음,승용,여,42세,경상
2022061400100272,2022년 6월 14일 13시,화요일,부산광역시 동구 초량동,경상사고,0,0,1,0,차대차 - 기타,안전운전불이행,젖음/습기,비,교차로 - 교차로안,이륜,남,48세,경상,승용,여,61세,상해없음
2022061400100273,2022년 6월 14일 13시,화요일,부산광역시 강서구 구랑동,경상사고,0,0,1,0,차대사람 - 기타,안전운전불이행,건조,맑음,기타 - 기타,특수,남,44세,상해없음,보행자,남,42세,경상
2.02206E+15,2022년 6월 14일 14시,화요일,부산광역시 중구 영주동,경상사고,0,0,1,0,차대차 - 기타,안전운전불이행,젖음/습기,비,단일로 - 기타,승용,남,48세,상해없음,이륜,남,66세,경상
2022061400100301,2022년 6월 14일 14시,화요일,부산광역시 동구 좌천동,경상사고,0,0,1,0,차대차 - 측면충돌,교차로운행방법위반,건조,맑음,단일로 - 고가도로위,승용,남,43세,상해없음,특수,남,59세,경상
2022061400100302,2022년 6월 14일 14시,화요일,부산광역시 사상구 주례동,경상사고,0,0,1,0,차대차 - 추돌,안전운전불이행,건조,흐림,단일로 - 기타,승용,여,57세,상해없음,승용,남,49세,경상
2022061400100377,2022년 6월 14일 16시,화요일,부산광역시 부산진구 초읍동,경상사고,0,0,1,0,차대차 - 측면충돌,안전운전불이행,건조,맑음,기타 - 기타,승용,여,67세,상해없음,승합,남,57세,상해없음
2022061400100378,2022년 6월 14일 16시,화요일,부산광역시 부산진구 부전동,경상사고,0,0,2,0,차대차 - 측면충돌,안전운전불이행,젖음/습기,비,교차로 - 교차로부근,승용,여,54세,경상,승용,여,58세,경상
2022061400100379,2022년 6월 14일 16시,화요일,부산광역시 사하구 신평동,중상사고,0,1,0,0,차대차 - 추돌,안전운전불이행,젖음/습기,비,교차로 - 교차로부근,화물,남,54세,기타불명,승용,남,38세,중상
2.02206E+15,2022년 6월 14일 16시,화요일,부산광역시 사상구 주례동,경상사고,0,0,1,0,차대차 - 추돌,안전운전불이행,젖음/습기,비,교차로 - 교차로안,승용,남,65세,상해없음,이륜,남,27세,경상
2022061400100492,2022년 6월 14일 19시,화요일,부산광역시 수영구 민락동,경상사고,0,0,1,0,차대차 - 측면충돌,직진우회전진행방해,건조,맑음,교차로 - 교차로안,화물,남,51세,상해없음,이륜,남,21세,경상
2.02206E+15,2022년 6월 14일 20시,화요일,부산광역시 부산진구 당감동,경상사고,0,0,1,0,차대차 - 측면충돌,신호위반,젖음/습기,비,교차로 - 교차로안,승용,남,53세,상해없음,원동기,남,35세,경상
2022061400100521,2022년 6월 14일 20시,화요일,부산광역시 금정구 구서동,경상사고,0,0,1,0,차대차 - 기타,안전운전불이행,젖음/습기,맑음,단일로 - 기타,이륜,남,27세,경상,화물,남,23세,상해없음
2022061400100573,2022년 6월 14일 22시,화요일,부산광역시 사하구 다대동,중상사고,0,1,1,0,차대차 - 추돌,안전운전불이행,건조,맑음,단일로 - 기타,승용,남,51세,상해없음,승용,남,73세,경상
2022061400100589,2022년 6월 14일 23시,화요일,부산광역시 부산진구 부전동,부상신고사고,0,0,0,1,차대차 - 측면충돌,신호위반,건조,맑음,단일로 - 기타,이륜,남,48세,부상신고,승용,남,42세,상해없음
2022061500100083,2022년 6월 15일 08시,수요일,부산광역시 강서구 범방동,경상사고,0,0,1,0,차대차 - 추돌,안전운전불이행,건조,맑음,단일로 - 교량,승용,남,29세,상해없음,승용,남,48세,경상
2022061500100149,2022년 6월 15일 10시,수요일,부산광역시 동구 범일동,중상사고,0,1,0,0,차대사람 - 횡단중,보행자보호의무위반,건조,맑음,단일로 - 기타,화물,남,36세,상해없음,보행자,남,77세,중상
2.02206E+15,2022년 6월 15일 10시,수요일,부산광역시 해운대구 중동,중상사고,0,1,0,0,차대사람 - 기타,안전운전불이행,건조,맑음,단일로 - 기타,승용,남,85세,상해없음,보행자,여,80세,중상
2022061500100151,2022년 6월 15일 10시,수요일,부산광역시 사하구 신평동,경상사고,0,0,1,0,차대차 - 기타,안전거리미확보,건조,맑음,단일로 - 지하차도(도로)내,승용,남,31세,기타불명,승용,남,30세,경상
2022061500100153,2022년 6월 15일 10시,수요일,부산광역시 사상구 주례동,경상사고,0,0,1,0,차대차 - 측면충돌,안전운전불이행,건조,맑음,단일로 - 기타,승용,남,82세,상해없음,승용,남,32세,경상
2022061500100178,2022년 6월 15일 11시,수요일,부산광역시 동래구 온천동,경상사고,0,0,1,0,차대사람 - 횡단중,보행자보호의무위반,건조,맑음,교차로 - 교차로횡단보도내,승용,남,30세,상해없음,보행자,여,23세,경상
2022061500100179,2022년 6월 15일 11시,수요일,부산광역시 해운대구 우동,경상사고,0,0,1,0,차대사람 - 기타,안전운전불이행,건조,맑음,교차로 - 교차로부근,승용,여,46세,상해없음,보행자,여,69세,경상
2.02206E+15,2022년 6월 15일 11시,수요일,부산광역시 금정구 구서동,중상사고,0,1,0,0,차대사람 - 기타,안전운전불이행,건조,맑음,교차로 - 교차로안,승용,여,64세,상해없음,보행자,여,62세,중상
2022061500100181,2022년 6월 15일 11시,수요일,부산광역시 사상구 주례동,사망사고,1,0,1,0,차대사람 - 횡단중,안전운전불이행,건조,맑음,교차로 - 교차로부근,승용,남,78세,상해없음,보행자,여,69세,사망
2.02206E+15,2022년 6월 15일 12시,수요일,부산광역시 연제구 거제동,경상사고,0,0,1,0,차대차 - 측면충돌,안전거리미확보,건조,맑음,단일로 - 기타,승용,여,52세,상해없음,승용,여,34세,경상
2.02206E+15,2022년 6월 15일 13시,수요일,부산광역시 금정구 장전동,중상사고,0,1,0,0,차대사람 - 기타,안전운전불이행,건조,맑음,기타 - 기타,개인형이동수단(PM),남,22세,상해없음,보행자,남,29세,중상
2022061500100241,2022년 6월 15일 13시,수요일,부산광역시 영도구 동삼동,경상사고,0,0,1,0,차대사람 - 횡단중,안전운전불이행,건조,맑음,기타 - 기타,승용,남,22세,상해없음,보행자,남,9세,경상
2022061500100274,2022년 6월 15일 14시,수요일,부산광역시 부산진구 부전동,경상사고,0,0,1,0,차대차 - 측면충돌,안전운전불이행,건조,맑음,기타 - 기타,승용,남,55세,상해없음,화물,남,49세,경상
2022061500100295,2022년 6월 15일 15시,수요일,부산광역시 서구 동대신동1가,경상사고,0,0,1,0,차대사람 - 차도통행중,중앙선침범,건조,맑음,교차로 - 교차로안,승용,남,73세,상해없음,보행자,여,80세,경상
2022061500100296,2022년 6월 15일 15시,수요일,부산광역시 남구 대연동,중상사고,0,1,0,0,차대사람 - 기타,안전운전불이행,건조,맑음,단일로 - 기타,이륜,남,30세,기타불명,보행자,여,52세,중상
2022061500100297,2022년 6월 15일 15시,수요일,부산광역시 사하구 당리동,중상사고,0,1,0,0,차량단독 - 기타,안전운전불이행,건조,맑음,단일로 - 지하차도(도로)내,승합,남,39세,상해없음,,,,
2022061500100334,2022년 6월 15일 16시,수요일,부산광역시 수영구 광안동,경상사고,0,0,1,0,차대차 - 기타,안전거리미확보,건조,맑음,단일로 - 기타,승용,여,59세,상해없음,승합,남,65세,상해없음
2022061500100335,2022년 6월 15일 16시,수요일,부산광역시 금정구 장전동,중상사고,0,1,0,0,차대사람 - 기타,안전운전불이행,건조,맑음,단일로 - 기타,화물,남,48세,상해없음,보행자,여,79세,중상
2022061500100383,2022년 6월 15일 17시,수요일,부산광역시 금정구 회동동,경상사고,0,0,1,0,차대차 - 기타,신호위반,건조,맑음,단일로 - 기타,승용,남,33세,상해없음,승합,남,42세,상해없음
2022061500100427,2022년 6월 15일 18시,수요일,부산광역시 해운대구 반여동,경상사고,0,0,1,0,차대차 - 기타,교차로운행방법위반,건조,맑음,교차로 - 교차로안,화물,남,65세,상해없음,승용,여,47세,경상
2022061500100468,2022년 6월 15일 19시,수요일,부산광역시 남구 용호동,부상신고사고,0,0,0,1,차대사람 - 기타,안전운전불이행,건조,맑음,단일로 - 기타,이륜,남,24세,상해없음,보행자,남,44세,부상신고
2.02206E+15,2022년 6월 15일 19시,수요일,부산광역시 해운대구 좌동,중상사고,0,1,0,0,차대사람 - 횡단중,안전운전불이행,건조,맑음,교차로 - 교차로횡단보도내,승용,남,46세,상해없음,보행자,남,82세,중상
2022061500100503,2022년 6월 15일 20시,수요일,부산광역시 수영구 남천동,부상신고사고,0,0,0,1,차대사람 - 횡단중,안전운전불이행,건조,맑음,교차로 - 교차로부근,승용,남,29세,상해없음,보행자,여,55세,부상신고
2022061500100504,2022년 6월 15일 20시,수요일,부산광역시 북구 구포동,경상사고,0,0,2,0,차대차 - 기타,신호위반,건조,맑음,단일로 - 기타,이륜,남,21세,상해없음,승용,여,60세,경상
2022061500100505,2022년 6월 15일 20시,수요일,부산광역시 사하구 다대동,중상사고,0,1,0,1,차대차 - 정면충돌,신호위반,건조,맑음,교차로 - 교차로안,이륜,남,18세,부상신고,승용,남,42세,상해없음
2.02206E+15,2022년 6월 15일 21시,수요일,부산광역시 부산진구 양정동,경상사고,0,0,1,0,차대사람 - 기타,안전운전불이행,건조,맑음,단일로 - 기타,승용,여,45세,상해없음,보행자,남,74세,경상
2022061500100556,2022년 6월 15일 22시,수요일,부산광역시 수영구 민락동,경상사고,0,0,2,0,차대차 - 측면충돌,안전운전불이행,건조,맑음,교차로 - 교차로안,승용,여,31세,상해없음,승용,남,43세,경상
2022061500100557,2022년 6월 15일 22시,수요일,부산광역시 기장군 기장읍,경상사고,0,0,2,0,차대차 - 추돌,안전운전불이행,건조,맑음,교차로 - 교차로부근,승용,남,45세,상해없음,승용,여,26세,경상
2022061600100015,2022년 6월 16일 01시,목요일,부산광역시 해운대구 송정동,경상사고,0,0,2,0,차대차 - 기타,교차로운행방법위반,건조,맑음,교차로 - 교차로부근,승용,남,22세,상해없음,승용,남,63세,경상
2022061600100024,2022년 6월 16일 02시,목요일,부산광역시 동래구 안락동,부상신고사고,0,0,0,1,차량단독 - 전도전복 - 전도,안전운전불이행,건조,맑음,단일로 - 기타,이륜,남,47세,부상신고,,,,
2.02206E+15,2022년 6월 16일 06시,목요일,부산광역시 남구 대연동,경상사고,0,0,3,0,차대차 - 측면충돌,안전운전불이행,건조,맑음,단일로 - 기타,승용,남,27세,기타불명,승용,남,69세,경상
2022061600100041,2022년 6월 16일 06시,목요일,부산광역시 동래구 온천동,경상사고,0,0,1,0,차대차 - 추돌,안전운전불이행,건조,맑음,단일로 - 기타,승용,남,28세,상해없음,화물,남,53세,경상
2022061600100052,2022년 6월 16일 07시,목요일,부산광역시 사하구 하단동,경상사고,0,0,1,0,차대차 - 기타,안전거리미확보,건조,맑음,단일로 - 기타,승용,남,68세,상해없음,승합,남,66세,경상
2022061600100054,2022년 6월 16일 07시,목요일,부산광역시 강서구 명지동,부상신고사고,0,0,0,1,차대차 - 측면충돌,안전거리미확보,건조,맑음,단일로 - 지하차도(도로)내,승용,남,68세,상해없음,승용,남,29세,부상신고
2.02206E+15,2022년 6월 16일 08시,목요일,부산광역시 동구 좌천동,경상사고,0,0,1,0,차대차 - 추돌,안전운전불이행,건조,맑음,교차로 - 교차로안,승용,남,42세,상해없음,승용,남,38세,경상
2022061600100091,2022년 6월 16일 08시,목요일,부산광역시 동래구 명륜동,중상사고,0,1,0,0,차대사람 - 횡단중,안전운전불이행,건조,맑음,단일로 - 기타,승용,여,40세,상해없음,보행자,여,32세,중상
2022061600100092,2022년 6월 16일 08시,목요일,부산광역시 금정구 서동,경상사고,0,0,1,0,차대사람 - 횡단중,보행자보호의무위반,건조,맑음,교차로 - 교차로안,승용,여,51세,상해없음,보행자,여,78세,경상
2022061600100129,2022년 6월 16일 09시,목요일,부산광역시 부산진구 범천동,경상사고,0,0,1,0,차대사람 - 횡단중,보행자보호의무위반,건조,맑음,단일로 - 기타,화물,남,52세,상해없음,보행자,남,28세,경상
2022061600100181,2022년 6월 16일 11시,목요일,부산광역시 영도구 동삼동,중상사고,0,2,0,0,차대차 - 추돌,안전거리미확보,건조,맑음,교차로 - 교차로안,이륜,남,72세,중상,이륜,남,26세,중상
2022061600100182,2022년 6월 16일 11시,목요일,부산광역시 금정구 두구동,경상사고,0,0,1,0,차대사람 - 기타,안전운전불이행,건조,맑음,기타 - 기타,승합,여,55세,상해없음,보행자,여,36세,경상
2022061600100183,2022년 6월 16일 11시,목요일,부산광역시 기장군 정관읍,중상사고,0,1,0,0,차대차 - 기타,안전운전불이행,건조,맑음,단일로 - 기타,화물,남,50세,상해없음,승합,남,50세,상해없음
2022061600100211,2022년 6월 16일 12시,목요일,부산광역시 사상구 학장동,경상사고,0,0,1,0,차대사람 - 길가장자리구역통행중,안전운전불이행,건조,맑음,단일로 - 기타,승용,여,59세,상해없음,보행자,여,52세,경상
2022061600100251,2022년 6월 16일 13시,목요일,부산광역시 남구 대연동,중상사고,0,1,0,0,차대사람 - 차도통행중,안전운전불이행,건조,맑음,교차로 - 교차로부근,화물,남,54세,상해없음,보행자,여,77세,중상
2022061600100252,2022년 6월 16일 13시,목요일,부산광역시 사하구 감천동,경상사고,0,0,1,0,차대차 - 기타,안전거리미확보,건조,맑음,단일로 - 기타,승용,남,67세,상해없음,이륜,남,65세,경상
2022061600100288,2022년 6월 16일 14시,목요일,부산광역시 수영구 민락동,경상사고,0,0,2,0,차대차 - 측면충돌,안전거리미확보,건조,맑음,단일로 - 교량,승용,남,50세,상해없음,승용,남,72세,경상
2022061600100289,2022년 6월 16일 14시,목요일,부산광역시 사하구 신평동,중상사고,0,1,0,0,차대차 - 추돌,안전운전불이행,건조,맑음,교차로 - 교차로안,승용,남,81세,상해없음,이륜,여,51세,중상
2.02206E+15,2022년 6월 16일 14시,목요일,부산광역시 기장군 기장읍,경상사고,0,0,1,0,차량단독 - 공작물충돌,안전운전불이행,건조,맑음,기타 - 기타,승합,남,63세,상해없음,,,,
2022061600100352,2022년 6월 16일 16시,목요일,부산광역시 강서구 대저1동,경상사고,0,0,1,0,차대차 - 기타,안전운전불이행,건조,맑음,교차로 - 교차로부근,승용,남,47세,상해없음,화물,남,49세,경상
2022061600100394,2022년 6월 16일 17시,목요일,부산광역시 남구 대연동,경상사고,0,0,2,0,차대차 - 측면충돌,안전운전불이행,건조,맑음,단일로 - 기타,승용,남,44세,상해없음,승용,여,30세,경상
2022061600100396,2022년 6월 16일 17시,목요일,부산광역시 사하구 감천동,중상사고,0,1,0,0,차대사람 - 기타,안전운전불이행,건조,맑음,단일로 - 지하차도(도로)내,승용,남,66세,상해없음,보행자,남,8세,중상
2022061600100397,2022년 6월 16일 17시,목요일,부산광역시 연제구 거제동,중상사고,0,1,0,0,차대차 - 기타,안전운전불이행,건조,맑음,단일로 - 기타,승용,남,69세,상해없음,이륜,남,60세,중상
2022061600100398,2022년 6월 16일 17시,목요일,부산광역시 강서구 송정동,경상사고,0,0,2,0,차대차 - 추돌,안전운전불이행,건조,맑음,단일로 - 기타,특수,남,47세,경상,건설기계,남,52세,경상
2022061600100451,2022년 6월 16일 18시,목요일,부산광역시 수영구 광안동,경상사고,0,0,1,0,차대사람 - 기타,안전운전불이행,건조,맑음,단일로 - 기타,이륜,남,24세,상해없음,보행자,여,31세,경상
2022061600100452,2022년 6월 16일 18시,목요일,부산광역시 동래구 명륜동,경상사고,0,0,1,0,차대사람 - 차도통행중,안전운전불이행,건조,맑음,단일로 - 기타,승용,여,30세,상해없음,보행자,남,33세,경상
2022061600100508,2022년 6월 16일 19시,목요일,부산광역시 북구 화명동,경상사고,0,0,1,0,차대사람 - 횡단중,신호위반,건조,맑음,단일로 - 지하차도(도로)내,이륜,남,37세,상해없음,보행자,남,9세,경상
2022061600100538,2022년 6월 16일 20시,목요일,부산광역시 북구 구포동,경상사고,0,0,1,0,차대사람 - 기타,안전운전불이행,건조,맑음,단일로 - 기타,원동기,남,26세,상해없음,보행자,남,2세,경상
2022061600100539,2022년 6월 16일 20시,목요일,부산광역시 연제구 연산동,경상사고,0,0,2,0,차대차 - 기타,안전거리미확보,건조,맑음,단일로 - 기타,원동기,남,16세,상해없음,승용,남,32세,경상
2022061600100562,2022년 6월 16일 21시,목요일,부산광역시 수영구 광안동,경상사고,0,0,1,0,차대사람 - 기타,안전운전불이행,건조,맑음,단일로 - 기타,이륜,남,34세,상해없음,보행자,남,68세,경상
2022061600100563,2022년 6월 16일 21시,목요일,부산광역시 해운대구 재송동,중상사고,0,1,0,0,차대차 - 측면충돌,안전운전불이행,건조,맑음,교차로 - 교차로안,승용,남,48세,상해없음,이륜,남,36세,중상
2022061700100012,2022년 6월 17일 01시,금요일,부산광역시 동래구 온천동,중상사고,0,1,0,0,차량단독 - 공작물충돌,안전운전불이행,건조,맑음,단일로 - 기타,이륜,남,46세,중상,,,,
2022061700100013,2022년 6월 17일 01시,금요일,부산광역시 금정구 구서동,부상신고사고,0,0,0,3,차대차 - 측면충돌,안전운전불이행,건조,맑음,단일로 - 기타,승용,남,52세,상해없음,승용,남,19세,부상신고
2022061700100044,2022년 6월 17일 06시,금요일,부산광역시 동구 초량동,경상사고,0,0,1,0,차대차 - 측면충돌,신호위반,건조,맑음,교차로 - 교차로부근,승용,남,60세,상해없음,승합,남,51세,경상
2022061700100045,2022년 6월 17일 06시,금요일,부산광역시 해운대구 송정동,경상사고,0,0,1,0,차대사람 - 보도통행중,안전운전불이행,건조,맑음,교차로 - 교차로부근,승용,남,41세,상해없음,보행자,남,64세,경상
2022061700100053,2022년 6월 17일 07시,금요일,부산광역시 금정구 남산동,경상사고,0,0,1,0,차대차 - 기타,신호위반,건조,맑음,교차로 - 교차로부근,화물,남,61세,상해없음,승용,남,62세,경상
2022061700100054,2022년 6월 17일 07시,금요일,부산광역시 사하구 감천동,경상사고,0,0,2,0,차대차 - 기타,안전운전불이행,건조,맑음,단일로 - 지하차도(도로)내,화물,남,26세,상해없음,승용,남,35세,경상
2022061700100073,2022년 6월 17일 08시,금요일,부산광역시 수영구 광안동,경상사고,0,0,1,0,차대차 - 추돌,안전운전불이행,건조,맑음,단일로 - 기타,승합,남,28세,상해없음,승용,여,29세,경상
2022061700100074,2022년 6월 17일 08시,금요일,부산광역시 사하구 괴정동,경상사고,0,0,1,0,차대차 - 기타,안전거리미확보,건조,맑음,단일로 - 기타,승용,남,46세,상해없음,화물,남,31세,경상
2022061700100124,2022년 6월 17일 09시,금요일,부산광역시 동구 초량동,경상사고,0,0,1,0,차대사람 - 보도통행중,기타,건조,맑음,기타 - 기타,이륜,남,39세,상해없음,보행자,남,64세,경상
2022061700100152,2022년 6월 17일 10시,금요일,부산광역시 수영구 광안동,중상사고,0,1,0,0,차대차 - 추돌,안전거리미확보,건조,맑음,단일로 - 기타,승용,남,42세,상해없음,이륜,남,28세,중상
2022061700100222,2022년 6월 17일 12시,금요일,부산광역시 해운대구 우동,중상사고,0,2,6,0,차대차 - 기타,안전운전불이행,건조,기타,단일로 - 터널,승용,남,28세,상해없음,승용,남,38세,경상
2022061700100246,2022년 6월 17일 13시,금요일,부산광역시 북구 만덕동,경상사고,0,0,1,0,차대차 - 기타,안전거리미확보,건조,맑음,교차로 - 교차로부근,승용,남,67세,상해없음,승용,남,38세,경상
2022061700100287,2022년 6월 17일 14시,금요일,부산광역시 중구 부평동1가,경상사고,0,0,2,0,차대차 - 측면충돌,중앙선침범,건조,맑음,교차로 - 교차로부근,승용,남,20세,상해없음,승용,남,25세,경상
2022061700100288,2022년 6월 17일 14시,금요일,부산광역시 수영구 민락동,경상사고,0,0,1,0,차대차 - 측면충돌,신호위반,건조,맑음,교차로 - 교차로안,승용,남,30세,상해없음,이륜,남,53세,경상
2022061700100289,2022년 6월 17일 14시,금요일,부산광역시 동래구 사직동,중상사고,0,1,0,0,차대사람 - 횡단중,안전운전불이행,건조,맑음,교차로 - 교차로횡단보도내,승용,여,53세,상해없음,보행자,남,12세,중상
2.02206E+15,2022년 6월 17일 14시,금요일,부산광역시 부산진구 부전동,부상신고사고,0,0,0,1,차대사람 - 기타,안전운전불이행,건조,맑음,단일로 - 기타,승용,여,42세,상해없음,보행자,남,47세,부상신고