사고번호,사고일시,요일,시군구,사고내용,사망자수,중상자수,경상자수,부상신고자수,사고유형,법규위반,노면상태,기상상태,도로형태,가해운전자 차종,가해운전자 성별,가해운전자 연령,가해운전자 상해정도,피해운전자 차종,피해운전자 성별,피해운전자 연령,피해운전자 상해정도
2022062100100215,2022년 6월 21일 12시,화요일,부산광역시 해운대구 반송동,경상사고,0,0,1,0,차대사람 - 횡단중,안전운전불이행,건조,맑음,교차로 - 교차로횡단보도내,승용,남,64세,상해없음,보행자,여,39세,경상
2022062100100238,2022년 6월 21일 13시,화요일,부산광역시 부산진구 가야동,경상사고,0,0,1,0,차대차 - 기타,안전거리미확보,건조,맑음,단일로 - 기타,승용,남,38세,상해없음,화물,남,31세,경상
2022062100100239,2022년 6월 21일 13시,화요일,부산광역시 부산진구 연지동,중상사고,0,1,0,0,차대사람 - 기타,보행자보호의무위반,건조,맑음,교차로 - 교차로부근,승용,남,64세,상해없음,보행자,남,79세,중상
2022062100100276,2022년 6월 21일 14시,화요일,부산광역시 동구 범일동,경상사고,0,0,1,0,차대차 - 측면충돌,안전운전불이행,건조,맑음,교차로 - 교차로부근,화물,남,47세,상해없음,승용,남,66세,경상
2022062100100319,2022년 6월 21일 15시,화요일,부산광역시 수영구 민락동,경상사고,0,0,2,0,차대차 - 측면충돌,안전운전불이행,건조,맑음,교차로 - 교차로부근,승용,여,50세,기타불명,승용,남,25세,경상
2.02206E+15,2022년 6월 21일 15시,화요일,부산광역시 북구 화명동,경상사고,0,0,1,0,차대차 - 후진중충돌,안전운전불이행,건조,맑음,교차로 - 교차로부근,승용,남,72세,상해없음,이륜,남,28세,경상
2022062100100321,2022년 6월 21일 15시,화요일,부산광역시 부산진구 연지동,중상사고,0,1,0,0,차대사람 - 기타,안전운전불이행,건조,맑음,교차로 - 교차로안,승용,여,44세,상해없음,보행자,여,85세,중상
2022062100100322,2022년 6월 21일 15시,화요일,부산광역시 금정구 장전동,중상사고,0,1,0,0,차대사람 - 기타,안전운전불이행,건조,맑음,단일로 - 기타,승용,남,32세,상해없음,보행자,남,8세,중상
2022062100100323,2022년 6월 21일 15시,화요일,부산광역시 사하구 장림동,중상사고,0,1,0,0,차대사람 - 기타,안전운전불이행,건조,맑음,단일로 - 기타,승용,여,65세,상해없음,보행자,여,74세,중상
2022062100100324,2022년 6월 21일 15시,화요일,부산광역시 사하구 장림동,경상사고,0,0,1,0,차대차 - 기타,안전운전불이행,건조,맑음,교차로 - 교차로안,승용,남,50세,기타불명,승용,여,42세,경상
2.02206E+15,2022년 6월 21일 16시,화요일,부산광역시 남구 대연동,경상사고,0,0,1,0,차대차 - 기타,안전운전불이행,건조,맑음,단일로 - 기타,이륜,남,28세,경상,승용,남,47세,상해없음
2022062100100401,2022년 6월 21일 17시,화요일,부산광역시 남구 대연동,경상사고,0,0,1,0,차대차 - 추돌,안전운전불이행,건조,맑음,교차로 - 교차로부근,승용,남,71세,상해없음,승용,남,32세,경상
2022062100100402,2022년 6월 21일 17시,화요일,부산광역시 영도구 영선동2가,경상사고,0,0,2,0,차대차 - 측면충돌,기타,건조,맑음,교차로 - 교차로안,승용,남,45세,경상,승용,남,68세,경상
2022062100100403,2022년 6월 21일 17시,화요일,부산광역시 금정구 장전동,경상사고,0,0,1,0,차대차 - 추돌,안전운전불이행,건조,맑음,단일로 - 기타,원동기,남,16세,경상,승용,여,44세,상해없음
2022062100100404,2022년 6월 21일 17시,화요일,부산광역시 사하구 감천동,중상사고,0,1,0,0,차대차 - 추돌,안전거리미확보,건조,맑음,단일로 - 기타,승용,남,60세,상해없음,승용,여,61세,중상
2022062100100405,2022년 6월 21일 17시,화요일,부산광역시 사상구 감전동,경상사고,0,0,1,0,차대차 - 측면충돌,안전거리미확보,건조,맑음,단일로 - 기타,화물,남,39세,상해없음,승용,남,30세,경상
2022062100100406,2022년 6월 21일 17시,화요일,부산광역시 기장군 기장읍,부상신고사고,0,0,0,1,차대사람 - 횡단중,보행자보호의무위반,건조,맑음,단일로 - 기타,승용,남,49세,상해없음,보행자,남,10세,부상신고
2022062100100458,2022년 6월 21일 18시,화요일,부산광역시 남구 문현동,경상사고,0,0,2,0,차대차 - 측면충돌,안전운전불이행,건조,맑음,단일로 - 기타,승용,여,38세,경상,특수,남,60세,경상
2022062100100459,2022년 6월 21일 18시,화요일,부산광역시 강서구 대저1동,경상사고,0,0,1,0,차대차 - 기타,안전운전불이행,건조,맑음,교차로 - 교차로안,승용,여,58세,상해없음,승용,남,28세,경상
2022062100100495,2022년 6월 21일 19시,화요일,부산광역시 중구 부평동2가,경상사고,0,0,1,0,차대사람 - 기타,안전운전불이행,건조,맑음,단일로 - 기타,승용,남,68세,상해없음,보행자,여,61세,경상
2022062100100496,2022년 6월 21일 19시,화요일,부산광역시 부산진구 부암동,경상사고,0,0,1,0,차대차 - 측면충돌,안전운전불이행,건조,맑음,교차로 - 교차로안,승용,여,53세,상해없음,승용,여,33세,경상
2022062100100527,2022년 6월 21일 20시,화요일,부산광역시 영도구 동삼동,중상사고,0,1,0,0,차대사람 - 기타,안전운전불이행,건조,기타,단일로 - 지하차도(도로)내,승용,남,67세,상해없음,보행자,남,43세,중상
2022062100100577,2022년 6월 21일 22시,화요일,부산광역시 중구 남포동6가,중상사고,0,1,0,0,차대차 - 기타,안전거리미확보,건조,맑음,단일로 - 기타,자전거,남,24세,중상,승용,여,26세,상해없음
2022062100100597,2022년 6월 21일 23시,화요일,부산광역시 서구 서대신동2가,부상신고사고,0,0,0,1,차대차 - 기타,교차로운행방법위반,건조,맑음,교차로 - 교차로안,승용,남,23세,상해없음,승용,남,47세,부상신고
2022062100100598,2022년 6월 21일 23시,화요일,부산광역시 부산진구 초읍동,경상사고,0,0,1,0,차대차 - 기타,안전운전불이행,건조,맑음,교차로 - 교차로안,화물,남,50세,상해없음,승용,남,30세,경상
2022062100100599,2022년 6월 21일 23시,화요일,부산광역시 연제구 연산동,중상사고,0,1,0,0,차대차 - 측면충돌,신호위반,건조,맑음,단일로 - 기타,승용,남,51세,상해없음,이륜,남,32세,중상
2022062200100019,2022년 6월 22일 02시,수요일,부산광역시 사하구 신평동,부상신고사고,0,0,0,1,차량단독 - 기타,안전운전불이행,건조,맑음,단일로 - 기타,이륜,남,44세,부상신고,,,,
2022062200100034,2022년 6월 22일 05시,수요일,부산광역시 서구 충무동1가,중상사고,0,1,0,0,차대차 - 측면충돌,신호위반,건조,맑음,교차로 - 교차로안,승용,남,65세,상해없음,이륜,남,68세,중상
2022062200100035,2022년 6월 22일 05시,수요일,부산광역시 동래구 온천동,경상사고,0,0,1,0,차대차 - 측면충돌,신호위반,건조,맑음,단일로 - 터널,승용,남,22세,상해없음,승합,남,44세,경상
2022062200100043,2022년 6월 22일 06시,수요일,부산광역시 강서구 범방동,경상사고,0,0,1,0,차대차 - 측면충돌,직진우회전진행방해,건조,맑음,교차로 - 교차로안,화물,남,32세,상해없음,건설기계,남,48세,경상
2022062200100091,2022년 6월 22일 08시,수요일,부산광역시 동래구 안락동,경상사고,0,0,1,0,차대차 - 측면충돌,차로위반,건조,맑음,단일로 - 기타,승용,여,42세,상해없음,승용,여,43세,경상
2022062200100092,2022년 6월 22일 08시,수요일,부산광역시 금정구 금사동,경상사고,0,0,1,0,차대차 - 기타,안전운전불이행,건조,맑음,기타 - 기타,승용,남,49세,상해없음,승용,남,55세,경상
2022062200100147,2022년 6월 22일 09시,수요일,부산광역시 강서구 명지동,경상사고,0,0,1,0,차량단독 - 기타,기타,건조,맑음,단일로 - 기타,이륜,남,56세,경상,,,,
2022062200100206,2022년 6월 22일 11시,수요일,부산광역시 부산진구 범천동,중상사고,0,1,0,0,차대차 - 기타,안전운전불이행,건조,맑음,기타 - 기타,화물,남,68세,중상,화물,남,74세,기타불명
2.02206E+15,2022년 6월 22일 12시,수요일,부산광역시 해운대구 반송동,중상사고,0,1,0,0,차대차 - 정면충돌,안전운전불이행,건조,맑음,단일로 - 기타,이륜,남,17세,중상,승용,남,33세,상해없음
2022062200100231,2022년 6월 22일 12시,수요일,부산광역시 부산진구 가야동,경상사고,0,0,1,0,차대사람 - 기타,기타,건조,맑음,기타 - 기타,이륜,남,63세,상해없음,보행자,여,19세,경상
2022062200100232,2022년 6월 22일 12시,수요일,부산광역시 연제구 연산동,경상사고,0,0,3,0,차대차 - 기타,차로위반,건조,맑음,단일로 - 기타,승용,여,48세,상해없음,화물,남,58세,상해없음
2022062200100233,2022년 6월 22일 12시,수요일,부산광역시 강서구 명지동,경상사고,0,0,1,0,차대차 - 기타,신호위반,건조,맑음,교차로 - 교차로안,승용,남,63세,상해없음,화물,남,66세,경상
2022062200100264,2022년 6월 22일 13시,수요일,부산광역시 동래구 사직동,부상신고사고,0,0,0,1,차대차 - 기타,안전운전불이행,건조,맑음,교차로 - 교차로횡단보도내,개인형이동수단(PM),남,18세,부상신고,승용,남,50세,상해없음
2022062200100338,2022년 6월 22일 15시,수요일,부산광역시 동구 범일동,경상사고,0,0,1,0,차대사람 - 차도통행중,안전운전불이행,건조,맑음,단일로 - 기타,승용,여,24세,기타불명,보행자,여,66세,경상
2022062200100339,2022년 6월 22일 15시,수요일,부산광역시 기장군 일광읍,중상사고,0,1,1,0,차대차 - 측면충돌,안전거리미확보,건조,맑음,단일로 - 기타,승용,여,42세,중상,승용,여,62세,경상
2.02206E+15,2022년 6월 22일 16시,수요일,부산광역시 사상구 모라동,중상사고,0,1,0,0,차대차 - 기타,안전운전불이행,건조,맑음,교차로 - 교차로안,승용,남,35세,상해없음,이륜,남,62세,중상
2022062200100419,2022년 6월 22일 17시,수요일,부산광역시 동래구 온천동,경상사고,0,0,1,0,차대차 - 측면충돌,신호위반,건조,맑음,교차로 - 교차로안,승용,여,34세,상해없음,이륜,남,63세,경상
2022062200100474,2022년 6월 22일 18시,수요일,부산광역시 수영구 광안동,경상사고,0,0,1,0,차대사람 - 횡단중,보행자보호의무위반,건조,맑음,단일로 - 기타,승용,남,38세,상해없음,보행자,남,35세,경상
2022062200100475,2022년 6월 22일 18시,수요일,부산광역시 부산진구 당감동,경상사고,0,0,1,0,차대사람 - 기타,안전운전불이행,건조,맑음,단일로 - 기타,승용,남,62세,상해없음,보행자,남,30세,경상
2022062200100476,2022년 6월 22일 18시,수요일,부산광역시 연제구 연산동,경상사고,0,0,1,0,차대사람 - 기타,안전운전불이행,건조,흐림,단일로 - 기타,승용,남,64세,상해없음,보행자,남,37세,경상
2022062200100477,2022년 6월 22일 18시,수요일,부산광역시 사상구 덕포동,중상사고,0,1,0,0,차대차 - 추돌,안전운전불이행,건조,맑음,교차로 - 교차로부근,이륜,남,41세,중상,승합,남,63세,상해없음
2022062200100522,2022년 6월 22일 19시,수요일,부산광역시 금정구 부곡동,경상사고,0,0,1,0,차대차 - 기타,안전운전불이행,건조,맑음,단일로 - 기타,승용,남,74세,상해없음,승합,남,54세,경상
2022062200100523,2022년 6월 22일 19시,수요일,부산광역시 연제구 연산동,중상사고,0,1,0,0,차대차 - 기타,신호위반,건조,맑음,교차로 - 교차로안,승용,여,38세,상해없음,이륜,남,27세,중상
2022062200100546,2022년 6월 22일 20시,수요일,부산광역시 금정구 회동동,중상사고,0,1,0,0,차대사람 - 차도통행중,안전운전불이행,건조,맑음,단일로 - 기타,승용,여,50세,상해없음,보행자,남,64세,중상
2022062200100547,2022년 6월 22일 20시,수요일,부산광역시 금정구 서동,경상사고,0,0,1,0,차대차 - 추돌,안전운전불이행,건조,맑음,교차로 - 교차로안,승용,여,66세,상해없음,자전거,남,22세,경상
2022062200100578,2022년 6월 22일 21시,수요일,부산광역시 수영구 망미동,중상사고,0,1,0,0,차대차 - 추돌,안전운전불이행,건조,맑음,단일로 - 교량,이륜,남,26세,상해없음,승용,남,48세,중상
2022062200100606,2022년 6월 22일 22시,수요일,부산광역시 수영구 민락동,경상사고,0,0,2,0,차대차 - 측면충돌,안전운전불이행,건조,맑음,교차로 - 교차로안,승용,여,49세,상해없음,승용,남,22세,경상
2022062200100607,2022년 6월 22일 22시,수요일,부산광역시 영도구 동삼동,경상사고,0,0,1,0,차대사람 - 횡단중,안전운전불이행,건조,맑음,교차로 - 교차로안,이륜,남,61세,상해없음,보행자,남,56세,경상
2022062200100608,2022년 6월 22일 22시,수요일,부산광역시 금정구 부곡동,경상사고,0,0,1,0,차대사람 - 기타,안전운전불이행,건조,맑음,기타 - 기타,승용,여,66세,상해없음,보행자,남,44세,경상
2022062200100629,2022년 6월 22일 23시,수요일,부산광역시 사하구 다대동,중상사고,0,1,0,0,차대차 - 측면충돌,직진우회전진행방해,건조,맑음,교차로 - 교차로안,승용,남,66세,상해없음,자전거,남,68세,중상
2.02206E+15,2022년 6월 23일 02시,목요일,부산광역시 영도구 동삼동,경상사고,0,0,1,0,차대차 - 기타,안전운전불이행,건조,맑음,단일로 - 기타,승용,남,60세,상해없음,승용,남,32세,기타불명
2022062300100094,2022년 6월 23일 08시,목요일,부산광역시 서구 서대신동3가,중상사고,0,1,0,0,차대차 - 측면충돌,직진우회전진행방해,젖음/습기,비,교차로 - 교차로안,승용,남,27세,상해없음,원동기,남,72세,중상
2022062300100095,2022년 6월 23일 08시,목요일,부산광역시 수영구 남천동,경상사고,0,0,1,0,차대차 - 기타,안전거리미확보,젖음/습기,비,교차로 - 교차로부근,이륜,남,36세,상해없음,승용,남,39세,경상
2022062300100096,2022년 6월 23일 08시,목요일,부산광역시 북구 구포동,경상사고,0,0,1,0,차대차 - 기타,안전거리미확보,건조,맑음,교차로 - 교차로부근,원동기,남,16세,상해없음,승용,여,60세,경상
2022062300100097,2022년 6월 23일 08시,목요일,부산광역시 북구 만덕동,중상사고,0,1,0,0,차대사람 - 기타,안전운전불이행,건조,맑음,단일로 - 기타,화물,남,48세,상해없음,보행자,여,81세,중상
2022062300100098,2022년 6월 23일 08시,목요일,부산광역시 해운대구 송정동,경상사고,0,0,1,0,차대차 - 측면충돌,안전운전불이행,건조,맑음,단일로 - 기타,승용,남,66세,상해없음,승용,여,40세,경상
2022062300100099,2022년 6월 23일 08시,목요일,부산광역시 부산진구 양정동,중상사고,0,1,0,0,차대사람 - 횡단중,안전운전불이행,젖음/습기,흐림,단일로 - 기타,승합,남,59세,상해없음,보행자,여,14세,중상
2.02206E+15,2022년 6월 23일 08시,목요일,부산광역시 부산진구 가야동,경상사고,0,0,1,0,차대사람 - 횡단중,보행자보호의무위반,건조,맑음,교차로 - 교차로횡단보도내,승용,남,43세,상해없음,보행자,여,12세,경상
2022062300100101,2022년 6월 23일 08시,목요일,부산광역시 부산진구 양정동,경상사고,0,0,1,0,차대차 - 추돌,안전거리미확보,건조,흐림,단일로 - 기타,승용,남,59세,기타불명,승용,남,29세,경상
2022062300100102,2022년 6월 23일 08시,목요일,부산광역시 사하구 신평동,경상사고,0,0,1,0,차대차 - 기타,안전거리미확보,건조,맑음,교차로 - 교차로부근,승합,남,38세,기타불명,승용,여,41세,경상
2022062300100104,2022년 6월 23일 08시,목요일,부산광역시 강서구 성북동,경상사고,0,0,1,0,차대차 - 측면충돌,안전운전불이행,건조,맑음,단일로 - 기타,화물,남,57세,상해없음,승용,여,35세,경상
2022062300100105,2022년 6월 23일 08시,목요일,부산광역시 강서구 강동동,경상사고,0,0,1,0,차대차 - 기타,안전운전불이행,건조,맑음,단일로 - 기타,화물,남,57세,상해없음,자전거,여,66세,경상
2022062300100144,2022년 6월 23일 09시,목요일,부산광역시 동래구 명륜동,경상사고,0,0,1,0,차대차 - 기타,중앙선침범,젖음/습기,비,단일로 - 교량,승용,남,55세,상해없음,이륜,남,31세,경상
2022062300100145,2022년 6월 23일 09시,목요일,부산광역시 사하구 괴정동,경상사고,0,0,1,0,차대차 - 추돌,안전운전불이행,젖음/습기,비,교차로 - 교차로부근,승용,남,69세,상해없음,이륜,남,30세,경상
2022062300100146,2022년 6월 23일 09시,목요일,부산광역시 연제구 연산동,경상사고,0,0,2,0,차대차 - 추돌,안전운전불이행,젖음/습기,비,단일로 - 기타,승용,남,28세,상해없음,승용,남,68세,경상
2022062300100172,2022년 6월 23일 10시,목요일,부산광역시 연제구 연산동,경상사고,0,0,2,0,차대차 - 기타,교차로운행방법위반,건조,맑음,교차로 - 교차로안,승용,남,44세,경상,승용,여,31세,경상
2022062300100197,2022년 6월 23일 11시,목요일,부산광역시 동구 좌천동,중상사고,0,1,0,0,차대사람 - 기타,안전운전불이행,젖음/습기,비,단일로 - 기타,승용,남,63세,상해없음,보행자,여,77세,중상
2022062300100226,2022년 6월 23일 12시,목요일,부산광역시 남구 용호동,경상사고,0,0,2,0,차대차 - 정면충돌,중앙선침범,젖음/습기,비,단일로 - 기타,승용,남,23세,상해없음,화물,남,57세,경상
2022062300100227,2022년 6월 23일 12시,목요일,부산광역시 부산진구 연지동,중상사고,0,1,0,0,차대사람 - 보도통행중,기타,건조,맑음,교차로 - 교차로부근,화물,남,53세,상해없음,보행자,여,69세,중상
2022062300100259,2022년 6월 23일 13시,목요일,부산광역시 사상구 삼락동,경상사고,0,0,1,0,차대차 - 측면충돌,안전운전불이행,건조,맑음,단일로 - 기타,기타불명,남,49세,기타불명,승용,여,37세,경상
2022062300100296,2022년 6월 23일 14시,목요일,부산광역시 수영구 남천동,경상사고,0,0,2,0,차대차 - 기타,안전운전불이행,건조,맑음,단일로 - 기타,승용,남,28세,상해없음,승용,여,33세,경상
2022062300100297,2022년 6월 23일 14시,목요일,부산광역시 수영구 광안동,경상사고,0,0,1,0,차대차 - 추돌,안전운전불이행,건조,맑음,단일로 - 기타,화물,남,48세,상해없음,이륜,남,58세,경상
2022062300100298,2022년 6월 23일 14시,목요일,부산광역시 수영구 남천동,경상사고,0,0,1,0,차대차 - 측면충돌,안전운전불이행,건조,맑음,교차로 - 교차로안,특수,남,67세,상해없음,승용,남,67세,경상
2022062300100299,2022년 6월 23일 14시,목요일,부산광역시 해운대구 중동,경상사고,0,0,1,0,차대차 - 추돌,안전운전불이행,건조,맑음,교차로 - 교차로부근,이륜,남,58세,상해없음,승용,남,28세,경상
2.02206E+15,2022년 6월 23일 14시,목요일,부산광역시 사하구 감천동,사망사고,1,1,2,0,차대사람 - 기타,신호위반,건조,흐림,교차로 - 교차로안,승용,여,56세,기타불명,보행자,남,64세,사망
2022062300100321,2022년 6월 23일 15시,목요일,부산광역시 사하구 당리동,경상사고,0,0,1,0,차대사람 - 횡단중,보행자보호의무위반,건조,맑음,교차로 - 교차로횡단보도내,이륜,남,64세,상해없음,보행자,여,10세,경상
2022062300100349,2022년 6월 23일 16시,목요일,부산광역시 강서구 미음동,중상사고,0,1,1,0,차대차 - 측면충돌,신호위반,건조,맑음,교차로 - 교차로부근,이륜,남,60세,중상,화물,남,47세,경상
2022062300100487,2022년 6월 23일 19시,목요일,부산광역시 연제구 연산동,경상사고,0,0,1,0,차대차 - 추돌,안전운전불이행,건조,맑음,단일로 - 기타,승용,남,38세,상해없음,승용,남,62세,경상
2022062300100524,2022년 6월 23일 20시,목요일,부산광역시 사상구 엄궁동,중상사고,0,1,0,0,차대사람 - 차도통행중,안전운전불이행,건조,맑음,교차로 - 교차로안,승용,남,26세,상해없음,보행자,남,71세,중상
2022062300100569,2022년 6월 23일 21시,목요일,부산광역시 동구 초량동,경상사고,0,0,1,0,차대차 - 추돌,안전운전불이행,건조,맑음,교차로 - 교차로부근,승용,남,52세,상해없음,승용,남,31세,경상
2.02206E+15,2022년 6월 23일 21시,목요일,부산광역시 영도구 청학동,경상사고,0,0,2,0,차대차 - 추돌,안전운전불이행,건조,맑음,기타 - 기타,승용,남,50세,상해없음,승용,남,34세,경상
2022062300100571,2022년 6월 23일 21시,목요일,부산광역시 부산진구 범천동,경상사고,0,0,2,0,차대차 - 추돌,안전운전불이행,젖음/습기,흐림,교차로 - 교차로부근,화물,남,41세,상해없음,승용,남,55세,경상
2022062300100572,2022년 6월 23일 21시,목요일,부산광역시 강서구 명지동,중상사고,0,1,0,0,차대차 - 기타,신호위반,건조,맑음,교차로 - 교차로안,승용,남,35세,상해없음,원동기,남,43세,중상
2022062300100609,2022년 6월 23일 22시,목요일,부산광역시 부산진구 전포동,경상사고,0,0,1,0,차대차 - 기타,기타,건조,맑음,교차로 - 교차로부근,승용,남,51세,상해없음,이륜,남,20세,경상
2022062400100022,2022년 6월 24일 01시,금요일,부산광역시 남구 용호동,경상사고,0,0,1,0,차대차 - 기타,신호위반,젖음/습기,비,교차로 - 교차로안,승용,남,24세,기타불명,승용,남,52세,경상
2.02206E+15,2022년 6월 24일 02시,금요일,부산광역시 부산진구 당감동,중상사고,0,2,0,0,차대사람 - 횡단중,보행자보호의무위반,젖음/습기,흐림,단일로 - 기타,승용,남,43세,상해없음,보행자,남,60세,중상
2022062400100041,2022년 6월 24일 02시,금요일,부산광역시 부산진구 전포동,부상신고사고,0,0,0,2,차대차 - 기타,안전운전불이행,젖음/습기,비,단일로 - 기타,이륜,남,23세,상해없음,승용,남,27세,부상신고
2.02206E+15,2022년 6월 24일 03시,금요일,부산광역시 부산진구 양정동,경상사고,0,0,1,0,차대차 - 측면충돌,안전거리미확보,젖음/습기,비,단일로 - 기타,승용,남,55세,상해없음,이륜,남,22세,경상
2022062400100059,2022년 6월 24일 04시,금요일,부산광역시 서구 남부민동,중상사고,0,1,0,0,차대사람 - 횡단중,신호위반,젖음/습기,비,교차로 - 교차로안,이륜,남,57세,상해없음,보행자,여,78세,중상
2022062400100061,2022년 6월 24일 05시,금요일,부산광역시 동래구 온천동,경상사고,0,0,1,0,차대사람 - 횡단중,보행자보호의무위반,젖음/습기,비,교차로 - 교차로횡단보도내,승용,남,69세,상해없음,보행자,여,59세,경상
2022062400100062,2022년 6월 24일 05시,금요일,부산광역시 연제구 연산동,경상사고,0,0,1,0,차대사람 - 횡단중,안전운전불이행,젖음/습기,비,교차로 - 교차로안,승용,남,72세,상해없음,보행자,여,77세,경상
2.02206E+15,2022년 6월 24일 06시,금요일,부산광역시 사하구 하단동,중상사고,0,1,1,0,차대차 - 추돌,안전운전불이행,건조,맑음,단일로 - 기타,승용,여,38세,상해없음,승용,여,63세,중상
2022062400100071,2022년 6월 24일 06시,금요일,부산광역시 기장군 기장읍,경상사고,0,0,6,0,차대차 - 추돌,안전운전불이행,젖음/습기,비,단일로 - 기타,승용,남,63세,상해없음,화물,남,57세,경상
2022062400100088,2022년 6월 24일 07시,금요일,부산광역시 서구 아미동2가,중상사고,0,1,0,0,차대차 - 추돌,안전운전불이행,젖음/습기,맑음,교차로 - 교차로부근,승용,남,41세,상해없음,이륜,남,63세,중상
2022062400100107,2022년 6월 24일 08시,금요일,부산광역시 수영구 민락동,경상사고,0,0,1,0,차대차 - 측면충돌,교차로운행방법위반,젖음/습기,비,교차로 - 교차로안,승용,남,33세,상해없음,승용,남,67세,경상
2022062400100149,2022년 6월 24일 09시,금요일,부산광역시 남구 용호동,중상사고,0,1,0,0,차대사람 - 보도통행중,보행자보호의무위반,젖음/습기,비,교차로 - 교차로부근,승용,남,79세,상해없음,보행자,여,24세,중상
2.02206E+15,2022년 6월 24일 09시,금요일,부산광역시 동래구 사직동,경상사고,0,0,1,0,차대차 - 기타,안전운전불이행,젖음/습기,맑음,단일로 - 기타,기타불명,기타불명,미분류,기타불명,이륜,남,35세,경상
2022062400100181,2022년 6월 24일 10시,금요일,부산광역시 동구 초량동,중상사고,0,1,0,0,차대사람 - 기타,안전운전불이행,건조,맑음,단일로 - 기타,승용,남,71세,상해없음,보행자,여,63세,중상
2022062400100182,2022년 6월 24일 10시,금요일,부산광역시 동구 초량동,중상사고,0,1,0,0,차대차 - 측면충돌,교차로운행방법위반,건조,맑음,교차로 - 교차로안,승용,남,72세,상해없음,승용,남,57세,중상
2022062400100183,2022년 6월 24일 10시,금요일,부산광역시 수영구 광안동,부상신고사고,0,0,0,1,차대차 - 측면충돌,안전거리미확보,건조,맑음,단일로 - 기타,승용,여,55세,상해없음,승용,남,31세,부상신고
2022062400100203,2022년 6월 24일 11시,금요일,부산광역시 동래구 명륜동,경상사고,0,0,1,0,차대사람 - 기타,안전운전불이행,건조,맑음,단일로 - 기타,승용,여,40세,상해없음,보행자,남,44세,경상
2022062400100204,2022년 6월 24일 11시,금요일,부산광역시 부산진구 부전동,경상사고,0,0,1,0,차대차 - 기타,중앙선침범,젖음/습기,비,교차로 - 교차로안,승용,남,65세,상해없음,이륜,남,34세,경상
2022062400100228,2022년 6월 24일 12시,금요일,부산광역시 중구 중앙동4가,경상사고,0,0,1,0,차대차 - 측면충돌,신호위반,건조,맑음,교차로 - 교차로안,화물,남,70세,상해없음,승용,남,31세,경상
2022062400100229,2022년 6월 24일 12시,금요일,부산광역시 남구 문현동,경상사고,0,0,3,0,차대차 - 기타,교차로운행방법위반,건조,맑음,교차로 - 교차로안,승용,남,34세,경상,승합,남,66세,경상
2.02206E+15,2022년 6월 24일 12시,금요일,부산광역시 사하구 장림동,경상사고,0,0,1,0,차대차 - 측면충돌,안전운전불이행,건조,맑음,기타 - 기타,화물,남,59세,상해없음,승용,남,68세,경상
2022062400100258,2022년 6월 24일 13시,금요일,부산광역시 해운대구 좌동,중상사고,0,2,1,0,차량단독 - 전도전복 - 전도,안전운전불이행,건조,맑음,단일로 - 기타,승용,남,23세,기타불명,,,,
2022062400100296,2022년 6월 24일 14시,금요일,부산광역시 동래구 온천동,경상사고,0,0,1,0,차대차 - 측면충돌,안전운전불이행,건조,맑음,교차로 - 교차로안,승용,남,38세,상해없음,승합,남,63세,경상
2022062400100324,2022년 6월 24일 15시,금요일,부산광역시 동구 범일동,경상사고,0,0,1,0,차대차 - 측면충돌,안전운전불이행,건조,맑음,교차로 - 교차로안,승용,남,35세,경상,승용,남,66세,상해없음
2022062400100325,2022년 6월 24일 15시,금요일,부산광역시 동래구 안락동,경상사고,0,0,1,0,차대차 - 기타,안전거리미확보,건조,맑음,단일로 - 기타,승합,여,55세,상해없음,승합,남,59세,상해없음
2022062400100326,2022년 6월 24일 15시,금요일,부산광역시 영도구 동삼동,경상사고,0,0,1,0,차량단독 - 기타,안전운전불이행,건조,맑음,교차로 - 교차로부근,승합,남,46세,상해없음,,,,
2022062400100355,2022년 6월 24일 16시,금요일,부산광역시 강서구 신호동,경상사고,0,0,1,0,차대차 - 측면충돌,안전운전불이행,건조,맑음,단일로 - 기타,화물,남,50세,상해없음,승용,여,36세,경상
2022062400100467,2022년 6월 24일 18시,금요일,부산광역시 부산진구 양정동,중상사고,0,1,0,0,차대사람 - 횡단중,보행자보호의무위반,건조,맑음,교차로 - 교차로횡단보도내,승용,남,73세,상해없음,보행자,남,32세,중상
2022062400100468,2022년 6월 24일 18시,금요일,부산광역시 사상구 삼락동,경상사고,0,0,1,0,차대사람 - 횡단중,보행자보호의무위반,건조,맑음,단일로 - 기타,승용,여,49세,상해없음,보행자,여,29세,경상
2022062400100512,2022년 6월 24일 19시,금요일,부산광역시 해운대구 우동,경상사고,0,0,1,0,차대차 - 측면충돌,안전운전불이행,건조,맑음,교차로 - 교차로부근,이륜,남,37세,상해없음,승용,여,70세,경상
2022062400100513,2022년 6월 24일 19시,금요일,부산광역시 해운대구 중동,중상사고,0,1,0,0,차대차 - 측면충돌,기타,건조,맑음,단일로 - 기타,승용,남,64세,상해없음,이륜,남,50세,중상
2022062400100514,2022년 6월 24일 19시,금요일,부산광역시 기장군 일광읍,경상사고,0,0,1,0,차대차 - 기타,안전운전불이행,건조,맑음,교차로 - 교차로부근,승용,여,42세,상해없음,자전거,남,9세,경상