사고번호,사고일시,요일,시군구,사고내용,사망자수,중상자수,경상자수,부상신고자수,사고유형,법규위반,노면상태,기상상태,도로형태,가해운전자 차종,가해운전자 성별,가해운전자 연령,가해운전자 상해정도,피해운전자 차종,피해운전자 성별,피해운전자 연령,피해운전자 상해정도
2022062400100546,2022년 6월 24일 20시,금요일,부산광역시 연제구 연산동,경상사고,0,0,2,0,차대차 - 추돌,안전운전불이행,건조,맑음,단일로 - 기타,이륜,남,41세,상해없음,승용,남,38세,경상
2022062400100574,2022년 6월 24일 21시,금요일,부산광역시 남구 대연동,경상사고,0,0,1,0,차대차 - 추돌,안전운전불이행,건조,맑음,단일로 - 기타,승용,남,47세,상해없음,승용,남,48세,경상
2022062400100602,2022년 6월 24일 22시,금요일,부산광역시 강서구 송정동,중상사고,0,1,1,0,차대차 - 측면충돌,신호위반,건조,맑음,교차로 - 교차로안,승용,남,48세,상해없음,승용,남,61세,중상
2022062400100624,2022년 6월 24일 23시,금요일,부산광역시 부산진구 양정동,중상사고,0,2,1,0,차대차 - 기타,신호위반,건조,맑음,교차로 - 교차로안,승용,여,33세,기타불명,승용,여,59세,경상
2022062500100016,2022년 6월 25일 01시,토요일,부산광역시 부산진구 양정동,중상사고,0,1,1,0,차대차 - 기타,신호위반,건조,맑음,교차로 - 교차로안,승용,남,25세,상해없음,원동기,남,37세,중상
2022062500100017,2022년 6월 25일 01시,토요일,부산광역시 부산진구 양정동,사망사고,1,0,1,1,차대차 - 기타,신호위반,건조,맑음,교차로 - 교차로안,이륜,남,27세,사망,승용,남,64세,경상
2022062500100018,2022년 6월 25일 01시,토요일,부산광역시 연제구 연산동,중상사고,0,1,1,0,차대차 - 기타,신호위반,건조,맑음,교차로 - 교차로안,승용,남,61세,경상,이륜,남,27세,중상
2022062500100088,2022년 6월 25일 08시,토요일,부산광역시 동래구 온천동,사망사고,1,0,0,0,차량단독 - 공작물충돌,안전운전불이행,건조,맑음,단일로 - 기타,이륜,남,63세,사망,,,,
2022062500100148,2022년 6월 25일 10시,토요일,부산광역시 남구 용호동,부상신고사고,0,0,0,1,차량단독 - 공작물충돌,안전운전불이행,건조,맑음,단일로 - 기타,화물,남,49세,부상신고,,,,
2022062500100149,2022년 6월 25일 10시,토요일,부산광역시 동래구 온천동,중상사고,0,1,0,0,차대차 - 기타,안전운전불이행,건조,맑음,단일로 - 기타,화물,남,64세,상해없음,승합,남,34세,중상
2.02206E+15,2022년 6월 25일 10시,토요일,부산광역시 강서구 명지동,중상사고,0,1,0,0,차대차 - 기타,안전운전불이행,건조,맑음,교차로 - 교차로안,승용,남,61세,상해없음,승용,여,50세,중상
2022062500100151,2022년 6월 25일 10시,토요일,부산광역시 기장군 일광읍,중상사고,0,2,0,0,차대차 - 추돌,안전운전불이행,건조,맑음,단일로 - 고가도로위,건설기계,남,54세,상해없음,승용,여,48세,중상
2022062500100185,2022년 6월 25일 11시,토요일,부산광역시 부산진구 당감동,경상사고,0,0,1,0,차대차 - 기타,신호위반,건조,맑음,단일로 - 기타,화물,남,66세,상해없음,승용,남,68세,상해없음
2022062500100186,2022년 6월 25일 11시,토요일,부산광역시 연제구 거제동,부상신고사고,0,0,0,1,차대차 - 추돌,안전운전불이행,건조,맑음,단일로 - 기타,승용,여,41세,기타불명,승용,여,45세,부상신고
2022062500100187,2022년 6월 25일 11시,토요일,부산광역시 강서구 대저1동,경상사고,0,0,1,0,차대차 - 기타,중앙선침범,건조,맑음,단일로 - 기타,승용,남,54세,상해없음,승용,남,37세,경상
2022062500100238,2022년 6월 25일 12시,토요일,부산광역시 서구 남부민동,중상사고,0,1,0,0,차대차 - 기타,안전운전불이행,건조,맑음,단일로 - 기타,자전거,남,61세,중상,승용,남,55세,상해없음
2022062500100239,2022년 6월 25일 12시,토요일,부산광역시 부산진구 당감동,경상사고,0,0,1,0,차대차 - 측면충돌,안전거리미확보,건조,맑음,단일로 - 기타,이륜,남,46세,경상,승용,남,67세,상해없음
2.02206E+15,2022년 6월 25일 12시,토요일,부산광역시 연제구 거제동,부상신고사고,0,0,0,1,차대사람 - 차도통행중,안전운전불이행,건조,맑음,단일로 - 기타,승용,여,51세,상해없음,보행자,남,33세,부상신고
2022062500100284,2022년 6월 25일 13시,토요일,부산광역시 부산진구 전포동,경상사고,0,0,1,0,차대차 - 추돌,안전운전불이행,건조,맑음,교차로 - 교차로안,승용,남,42세,상해없음,승용,여,60세,경상
2022062500100285,2022년 6월 25일 13시,토요일,부산광역시 부산진구 범천동,경상사고,0,0,3,0,차대차 - 측면충돌,안전운전불이행,건조,맑음,단일로 - 기타,승용,여,72세,경상,승용,남,53세,경상
2022062500100327,2022년 6월 25일 14시,토요일,부산광역시 사하구 하단동,경상사고,0,0,1,0,차대차 - 기타,안전거리미확보,건조,흐림,단일로 - 기타,화물,남,62세,상해없음,승용,남,33세,경상
2022062500100377,2022년 6월 25일 15시,토요일,부산광역시 해운대구 반여동,경상사고,0,0,6,0,차대차 - 측면충돌,안전거리미확보,건조,맑음,단일로 - 기타,승용,남,72세,경상,승합,남,44세,경상
2022062500100412,2022년 6월 25일 16시,토요일,부산광역시 기장군 기장읍,경상사고,0,0,1,0,차대사람 - 차도통행중,안전운전불이행,건조,맑음,단일로 - 기타,승용,여,65세,상해없음,보행자,남,50세,경상
2022062500100443,2022년 6월 25일 17시,토요일,부산광역시 동구 좌천동,경상사고,0,0,1,0,차대차 - 추돌,안전운전불이행,건조,맑음,단일로 - 기타,승용,남,30세,상해없음,승용,여,41세,경상
2022062500100444,2022년 6월 25일 17시,토요일,부산광역시 부산진구 전포동,경상사고,0,0,1,0,차대사람 - 기타,안전운전불이행,건조,맑음,단일로 - 기타,승용,남,26세,상해없음,보행자,여,20세,경상
2022062500100445,2022년 6월 25일 17시,토요일,부산광역시 금정구 구서동,중상사고,0,1,0,0,차대차 - 기타,교차로운행방법위반,건조,맑음,교차로 - 교차로안,승용,여,42세,상해없음,이륜,남,36세,중상
2022062500100486,2022년 6월 25일 18시,토요일,부산광역시 동래구 온천동,경상사고,0,0,1,0,차대사람 - 횡단중,보행자보호의무위반,건조,맑음,교차로 - 교차로횡단보도내,승용,남,42세,상해없음,보행자,남,33세,경상
2022062500100522,2022년 6월 25일 19시,토요일,부산광역시 중구 부평동1가,경상사고,0,0,2,0,차대사람 - 기타,안전운전불이행,건조,맑음,단일로 - 기타,화물,남,61세,상해없음,보행자,여,28세,경상
2022062500100523,2022년 6월 25일 19시,토요일,부산광역시 부산진구 가야동,경상사고,0,0,1,0,차대차 - 측면충돌,신호위반,건조,기타,교차로 - 교차로안,승용,남,30세,상해없음,승용,여,56세,경상
2022062500100547,2022년 6월 25일 20시,토요일,부산광역시 동래구 온천동,경상사고,0,0,1,0,차대차 - 측면충돌,안전거리미확보,젖음/습기,비,단일로 - 기타,승용,남,26세,상해없음,승용,남,38세,경상
2022062500100548,2022년 6월 25일 20시,토요일,부산광역시 영도구 남항동1가,중상사고,0,4,0,0,차대차 - 추돌,안전거리미확보,건조,맑음,단일로 - 기타,화물,남,30세,상해없음,승용,여,32세,중상
2022062500100549,2022년 6월 25일 20시,토요일,부산광역시 강서구 구랑동,중상사고,0,6,0,0,차대차 - 측면충돌,신호위반,건조,맑음,교차로 - 교차로안,승용,남,41세,중상,승용,남,34세,중상
2022062500100585,2022년 6월 25일 21시,토요일,부산광역시 남구 대연동,부상신고사고,0,0,0,1,차대사람 - 차도통행중,안전운전불이행,건조,맑음,단일로 - 기타,승용,남,28세,기타불명,보행자,여,20세,부상신고
2022062500100586,2022년 6월 25일 21시,토요일,부산광역시 북구 만덕동,경상사고,0,0,3,0,차대차 - 기타,안전거리미확보,건조,맑음,단일로 - 기타,승용,여,32세,상해없음,승용,여,30세,경상
2022062500100635,2022년 6월 25일 23시,토요일,부산광역시 수영구 남천동,경상사고,0,0,3,0,차대차 - 추돌,안전운전불이행,건조,맑음,단일로 - 기타,승용,남,26세,상해없음,승용,남,26세,경상
2022062600100002,2022년 6월 26일 00시,일요일,부산광역시 동구 초량동,경상사고,0,0,16,8,차대차 - 기타,신호위반,건조,맑음,단일로 - 기타,승용,남,69세,부상신고,승합,남,56세,경상
2022062600100003,2022년 6월 26일 00시,일요일,부산광역시 금정구 구서동,중상사고,0,1,0,0,차대사람 - 기타,안전운전불이행,건조,맑음,기타 - 기타,승용,남,53세,상해없음,보행자,여,42세,중상
2022062600100022,2022년 6월 26일 01시,일요일,부산광역시 부산진구 양정동,중상사고,0,1,0,0,차대사람 - 기타,안전운전불이행,젖음/습기,흐림,주차장 - 주차장,승용,남,26세,상해없음,보행자,남,37세,중상
2.02206E+15,2022년 6월 26일 04시,일요일,부산광역시 서구 암남동,경상사고,0,0,2,0,차대차 - 측면충돌,중앙선침범,젖음/습기,흐림,단일로 - 기타,승용,남,20세,상해없음,승용,여,14세,경상
2022062600100047,2022년 6월 26일 05시,일요일,부산광역시 수영구 남천동,경상사고,0,0,2,0,차대차 - 기타,신호위반,건조,맑음,교차로 - 교차로부근,승용,남,34세,상해없음,승용,남,31세,경상
2.02206E+15,2022년 6월 26일 09시,일요일,부산광역시 서구 암남동,중상사고,0,1,0,0,차대차 - 정면충돌,중앙선침범,건조,흐림,단일로 - 지하차도(도로)내,화물,남,63세,상해없음,이륜,남,55세,중상
2022062600100091,2022년 6월 26일 10시,일요일,부산광역시 중구 동광동5가,경상사고,0,0,1,0,차대차 - 추돌,안전운전불이행,건조,맑음,단일로 - 기타,화물,남,58세,상해없음,승용,남,24세,경상
2022062600100092,2022년 6월 26일 10시,일요일,부산광역시 남구 용호동,경상사고,0,0,1,0,차대사람 - 기타,기타,건조,맑음,교차로 - 교차로안,승용,여,57세,상해없음,보행자,남,65세,경상
2022062600100093,2022년 6월 26일 10시,일요일,부산광역시 부산진구 부전동,경상사고,0,0,3,0,차대차 - 측면충돌,안전거리미확보,건조,맑음,단일로 - 고가도로위,승용,남,70세,상해없음,승용,남,43세,경상
2022062600100117,2022년 6월 26일 11시,일요일,부산광역시 북구 만덕동,경상사고,0,0,1,0,차대차 - 기타,신호위반,건조,맑음,교차로 - 교차로안,승용,남,55세,상해없음,이륜,남,41세,경상
2022062600100118,2022년 6월 26일 11시,일요일,부산광역시 부산진구 개금동,경상사고,0,0,1,0,차대차 - 기타,안전거리미확보,건조,맑음,교차로 - 교차로부근,화물,남,64세,상해없음,승용,남,29세,경상
2022062600100132,2022년 6월 26일 12시,일요일,부산광역시 부산진구 부전동,경상사고,0,0,1,0,차대사람 - 기타,안전운전불이행,건조,흐림,단일로 - 기타,화물,남,61세,상해없음,보행자,여,50세,경상
2022062600100156,2022년 6월 26일 13시,일요일,부산광역시 부산진구 범전동,경상사고,0,0,2,0,차대차 - 기타,신호위반,건조,흐림,교차로 - 교차로안,이륜,남,18세,경상,이륜,남,59세,경상
2022062600100157,2022년 6월 26일 13시,일요일,부산광역시 금정구 장전동,부상신고사고,0,0,0,1,차대차 - 측면충돌,교차로운행방법위반,건조,맑음,교차로 - 교차로안,자전거,남,13세,부상신고,승용,남,54세,상해없음
2022062600100158,2022년 6월 26일 13시,일요일,부산광역시 연제구 연산동,경상사고,0,0,2,0,차대차 - 측면충돌,안전운전불이행,건조,맑음,교차로 - 교차로부근,이륜,남,31세,기타불명,승용,남,69세,경상
2022062600100178,2022년 6월 26일 14시,일요일,부산광역시 부산진구 가야동,경상사고,0,0,3,0,차대차 - 기타,신호위반,건조,맑음,교차로 - 교차로안,승용,남,66세,상해없음,승용,남,37세,경상
2022062600100209,2022년 6월 26일 15시,일요일,부산광역시 금정구 장전동,경상사고,0,0,1,0,차대사람 - 길가장자리구역통행중,중앙선침범,건조,맑음,단일로 - 기타,승용,남,42세,상해없음,보행자,여,46세,경상
2.02206E+15,2022년 6월 26일 15시,일요일,부산광역시 연제구 연산동,경상사고,0,0,4,1,차대차 - 기타,안전운전불이행,건조,맑음,단일로 - 기타,승용,남,68세,부상신고,승합,남,56세,경상
2022062600100231,2022년 6월 26일 16시,일요일,부산광역시 서구 동대신동3가,경상사고,0,0,1,0,차대차 - 기타,안전운전불이행,건조,맑음,교차로 - 교차로부근,승용,남,64세,상해없음,승용,남,29세,경상
2022062600100232,2022년 6월 26일 16시,일요일,부산광역시 연제구 연산동,중상사고,0,1,0,0,차대차 - 기타,교차로운행방법위반,건조,맑음,단일로 - 기타,승용,남,36세,상해없음,자전거,남,10세,중상
2022062600100233,2022년 6월 26일 16시,일요일,부산광역시 기장군 철마면,경상사고,0,0,1,0,차대차 - 후진중충돌,안전운전불이행,건조,맑음,단일로 - 기타,승용,남,54세,상해없음,승용,남,70세,경상
2022062600100264,2022년 6월 26일 17시,일요일,부산광역시 서구 남부민동,중상사고,0,1,0,0,차대사람 - 기타,안전운전불이행,건조,흐림,단일로 - 지하차도(도로)내,승용,여,55세,상해없음,보행자,남,62세,중상
2022062600100265,2022년 6월 26일 17시,일요일,부산광역시 부산진구 연지동,경상사고,0,0,1,0,차대사람 - 횡단중,보행자보호의무위반,건조,흐림,교차로 - 교차로안,특수,남,53세,상해없음,보행자,남,51세,경상
2.02206E+15,2022년 6월 26일 19시,일요일,부산광역시 부산진구 당감동,중상사고,0,1,1,0,차대차 - 측면충돌,안전거리미확보,건조,맑음,단일로 - 기타,승용,여,27세,상해없음,승용,남,31세,경상
2022062600100367,2022년 6월 26일 21시,일요일,부산광역시 중구 대창동1가,중상사고,0,1,0,0,차대사람 - 횡단중,안전운전불이행,젖음/습기,흐림,교차로 - 교차로부근,승용,여,61세,상해없음,보행자,남,35세,중상
2022062600100368,2022년 6월 26일 21시,일요일,부산광역시 남구 감만동,경상사고,0,0,1,0,차대차 - 기타,기타,젖음/습기,비,교차로 - 교차로안,승용,남,46세,상해없음,승용,남,29세,경상
2022062600100369,2022년 6월 26일 21시,일요일,부산광역시 강서구 명지동,경상사고,0,0,1,0,차대사람 - 차도통행중,안전운전불이행,건조,맑음,단일로 - 기타,승용,여,30세,상해없음,보행자,남,23세,경상
2.02206E+15,2022년 6월 26일 23시,일요일,부산광역시 부산진구 당감동,중상사고,0,1,0,0,차대차 - 추돌,안전운전불이행,건조,맑음,교차로 - 교차로부근,승용,남,69세,상해없음,이륜,남,21세,중상
2022062600100401,2022년 6월 26일 23시,일요일,부산광역시 사상구 감전동,경상사고,0,0,1,0,차대차 - 추돌,안전운전불이행,건조,맑음,단일로 - 지하차도(도로)내,승용,여,48세,기타불명,승용,남,31세,상해없음
2.02206E+15,2022년 6월 27일 01시,월요일,부산광역시 금정구 서동,중상사고,0,1,0,0,차대사람 - 횡단중,안전운전불이행,젖음/습기,비,단일로 - 기타,승용,남,29세,상해없음,보행자,남,50세,중상
2022062700100011,2022년 6월 27일 01시,월요일,부산광역시 강서구 명지동,경상사고,0,0,1,0,차대차 - 측면충돌,신호위반,건조,맑음,교차로 - 교차로안,승용,남,60세,상해없음,개인형이동수단(PM),남,33세,경상
2022062700100053,2022년 6월 27일 07시,월요일,부산광역시 서구 동대신동3가,경상사고,0,0,1,1,차대차 - 측면충돌,안전운전불이행,젖음/습기,비,단일로 - 기타,승용,여,70세,부상신고,승용,여,32세,경상
2022062700100054,2022년 6월 27일 07시,월요일,부산광역시 사상구 엄궁동,경상사고,0,0,2,0,차대차 - 측면충돌,안전거리미확보,건조,맑음,교차로 - 교차로부근,화물,남,67세,경상,승용,여,48세,경상
2022062700100055,2022년 6월 27일 07시,월요일,부산광역시 기장군 철마면,경상사고,0,0,3,0,차대차 - 추돌,안전운전불이행,젖음/습기,비,단일로 - 터널,화물,남,60세,상해없음,승용,여,59세,경상
2022062700100085,2022년 6월 27일 08시,월요일,부산광역시 북구 구포동,경상사고,0,0,1,0,차대차 - 추돌,안전운전불이행,젖음/습기,흐림,단일로 - 지하차도(도로)내,이륜,여,17세,상해없음,승용,남,60세,상해없음
2022062700100086,2022년 6월 27일 08시,월요일,부산광역시 동래구 온천동,경상사고,0,0,2,0,차대차 - 기타,안전운전불이행,젖음/습기,비,교차로 - 교차로안,승용,남,32세,상해없음,승용,여,48세,경상
2022062700100087,2022년 6월 27일 08시,월요일,부산광역시 동래구 낙민동,경상사고,0,0,3,0,차대차 - 후진중충돌,안전운전불이행,젖음/습기,비,단일로 - 지하차도(도로)내,화물,남,61세,상해없음,승용,여,46세,경상
2022062700100088,2022년 6월 27일 08시,월요일,부산광역시 영도구 동삼동,중상사고,0,1,0,0,차대사람 - 기타,안전운전불이행,건조,맑음,기타 - 기타,승용,여,37세,상해없음,보행자,남,64세,중상
2022062700100089,2022년 6월 27일 08시,월요일,부산광역시 금정구 부곡동,경상사고,0,0,2,0,차대차 - 추돌,안전거리미확보,건조,맑음,단일로 - 기타,화물,남,70세,상해없음,승용,남,69세,경상
2022062700100124,2022년 6월 27일 09시,월요일,부산광역시 서구 부민동2가,경상사고,0,0,1,0,차대차 - 측면충돌,교차로운행방법위반,젖음/습기,흐림,교차로 - 교차로안,화물,남,65세,상해없음,승용,남,51세,경상
2022062700100125,2022년 6월 27일 09시,월요일,부산광역시 연제구 연산동,경상사고,0,0,1,0,차대차 - 기타,신호위반,젖음/습기,맑음,교차로 - 교차로안,승용,여,52세,상해없음,승용,남,37세,경상
2022062700100157,2022년 6월 27일 10시,월요일,부산광역시 해운대구 중동,경상사고,0,0,1,0,차대차 - 기타,안전거리미확보,젖음/습기,비,단일로 - 기타,승용,남,73세,상해없음,승합,남,55세,상해없음
2022062700100158,2022년 6월 27일 10시,월요일,부산광역시 금정구 금사동,경상사고,0,0,1,0,차대차 - 기타,안전운전불이행,젖음/습기,비,기타 - 기타,승용,남,69세,상해없음,이륜,남,56세,경상
2022062700100159,2022년 6월 27일 10시,월요일,부산광역시 사하구 구평동,경상사고,0,0,1,0,차대차 - 측면충돌,안전거리미확보,건조,맑음,단일로 - 기타,승용,남,79세,상해없음,승용,남,38세,경상
2.02206E+15,2022년 6월 27일 10시,월요일,부산광역시 기장군 장안읍,경상사고,0,0,1,0,차대차 - 기타,안전운전불이행,건조,맑음,교차로 - 교차로안,승용,남,77세,상해없음,승용,여,62세,경상
2022062700100188,2022년 6월 27일 11시,월요일,부산광역시 수영구 남천동,경상사고,0,0,1,0,차대차 - 기타,안전운전불이행,젖음/습기,비,교차로 - 교차로안,승용,남,40세,기타불명,이륜,남,36세,경상
2022062700100222,2022년 6월 27일 12시,월요일,부산광역시 동래구 안락동,중상사고,0,1,0,0,차대사람 - 기타,안전운전불이행,젖음/습기,비,기타 - 기타,이륜,남,27세,상해없음,보행자,여,74세,중상
2022062700100254,2022년 6월 27일 13시,월요일,부산광역시 북구 구포동,부상신고사고,0,0,0,1,차량단독 - 공작물충돌,안전운전불이행,건조,맑음,단일로 - 지하차도(도로)내,이륜,남,16세,부상신고,,,,
2022062700100255,2022년 6월 27일 13시,월요일,부산광역시 부산진구 부전동,경상사고,0,0,4,0,차대차 - 추돌,안전거리미확보,젖음/습기,비,단일로 - 기타,승용,여,56세,상해없음,승용,남,38세,경상
2022062700100315,2022년 6월 27일 15시,월요일,부산광역시 부산진구 부암동,경상사고,0,0,2,0,차대차 - 측면충돌,차로위반,젖음/습기,비,교차로 - 교차로부근,승용,남,57세,상해없음,승용,남,33세,경상
2022062700100316,2022년 6월 27일 15시,월요일,부산광역시 사상구 괘법동,부상신고사고,0,0,0,1,차대차 - 기타,안전거리미확보,젖음/습기,비,단일로 - 기타,승용,남,50세,상해없음,이륜,남,21세,부상신고
2022062700100354,2022년 6월 27일 16시,월요일,부산광역시 동구 초량동,경상사고,0,0,1,1,차대차 - 측면충돌,교차로운행방법위반,건조,맑음,교차로 - 교차로부근,특수,남,61세,부상신고,승용,남,36세,경상
2022062700100381,2022년 6월 27일 17시,월요일,부산광역시 사하구 감천동,중상사고,0,1,0,0,차대사람 - 기타,안전운전불이행,건조,맑음,단일로 - 기타,화물,남,60세,상해없음,보행자,남,59세,중상
2022062700100427,2022년 6월 27일 18시,월요일,부산광역시 동래구 안락동,경상사고,0,0,1,0,차대사람 - 차도통행중,안전운전불이행,건조,흐림,교차로 - 교차로안,승용,남,59세,상해없음,보행자,여,57세,경상
2022062700100428,2022년 6월 27일 18시,월요일,부산광역시 해운대구 우동,경상사고,0,0,1,0,차대차 - 측면충돌,안전운전불이행,건조,맑음,교차로 - 교차로부근,승용,남,66세,상해없음,승용,남,51세,경상
2022062700100458,2022년 6월 27일 19시,월요일,부산광역시 동래구 온천동,경상사고,0,0,1,0,차대사람 - 보도통행중,보행자보호의무위반,건조,맑음,단일로 - 기타,승용,남,64세,상해없음,보행자,남,59세,경상
2022062700100484,2022년 6월 27일 20시,월요일,부산광역시 사상구 감전동,부상신고사고,0,0,0,1,차대사람 - 기타,안전운전불이행,건조,맑음,기타 - 기타,승용,여,48세,상해없음,보행자,남,60세,부상신고
2022062700100507,2022년 6월 27일 21시,월요일,부산광역시 동구 초량동,사망사고,1,0,0,0,차대사람 - 횡단중,안전운전불이행,건조,맑음,단일로 - 기타,승합,남,56세,상해없음,보행자,남,52세,사망
2022062700100532,2022년 6월 27일 22시,월요일,부산광역시 강서구 명지동,경상사고,0,0,3,0,차대차 - 측면충돌,직진우회전진행방해,건조,맑음,교차로 - 교차로안,승용,남,35세,경상,승용,남,31세,경상
2022062700100545,2022년 6월 27일 23시,월요일,부산광역시 동래구 명륜동,경상사고,0,0,3,0,차대차 - 측면충돌,교차로운행방법위반,젖음/습기,비,교차로 - 교차로안,승용,여,30세,경상,승용,남,66세,경상
2022062800100014,2022년 6월 28일 01시,화요일,부산광역시 해운대구 우동,경상사고,0,0,1,0,차대차 - 추돌,안전운전불이행,건조,맑음,교차로 - 교차로부근,승용,여,52세,상해없음,승용,남,61세,경상
2022062800100042,2022년 6월 28일 06시,화요일,부산광역시 동구 초량동,경상사고,0,0,1,0,차대차 - 기타,신호위반,건조,맑음,단일로 - 기타,승용,남,61세,상해없음,승합,남,44세,경상
2022062800100043,2022년 6월 28일 06시,화요일,부산광역시 사하구 괴정동,중상사고,0,1,0,0,차대차 - 측면충돌,신호위반,건조,맑음,교차로 - 교차로안,승용,남,69세,상해없음,승용,여,64세,중상
2022062800100054,2022년 6월 28일 07시,화요일,부산광역시 북구 덕천동,경상사고,0,0,1,0,차대차 - 기타,안전운전불이행,젖음/습기,흐림,단일로 - 기타,승용,남,29세,상해없음,승합,남,47세,경상
2022062800100069,2022년 6월 28일 08시,화요일,부산광역시 부산진구 양정동,경상사고,0,0,1,0,차대차 - 측면충돌,신호위반,젖음/습기,비,교차로 - 교차로안,승용,남,65세,상해없음,승용,남,19세,경상
2.02206E+15,2022년 6월 28일 08시,화요일,부산광역시 사하구 괴정동,경상사고,0,0,1,0,차대차 - 기타,안전운전불이행,건조,맑음,단일로 - 지하차도(도로)내,승용,여,45세,상해없음,이륜,여,56세,경상
2022062800100109,2022년 6월 28일 09시,화요일,부산광역시 동래구 명장동,경상사고,0,0,1,0,차대차 - 측면충돌,신호위반,젖음/습기,흐림,교차로 - 교차로안,승용,남,62세,상해없음,승용,남,67세,경상
2.02206E+15,2022년 6월 28일 09시,화요일,부산광역시 동래구 사직동,경상사고,0,0,2,0,차대차 - 추돌,안전운전불이행,건조,맑음,교차로 - 교차로안,승용,남,38세,상해없음,승용,남,66세,경상
2022062800100111,2022년 6월 28일 09시,화요일,부산광역시 동래구 명륜동,경상사고,0,0,2,0,차대차 - 측면충돌,안전운전불이행,건조,맑음,단일로 - 기타,승용,여,65세,상해없음,승용,여,38세,경상
2.02206E+15,2022년 6월 28일 10시,화요일,부산광역시 서구 아미동1가,경상사고,0,0,1,0,차대사람 - 기타,안전운전불이행,건조,맑음,교차로 - 교차로부근,승용,남,66세,상해없음,보행자,남,43세,경상
2.02206E+15,2022년 6월 28일 11시,화요일,부산광역시 해운대구 반여동,경상사고,0,0,2,0,차대차 - 측면충돌,신호위반,젖음/습기,비,교차로 - 교차로안,승합,남,48세,상해없음,승용,남,31세,경상
2022062800100171,2022년 6월 28일 11시,화요일,부산광역시 부산진구 부전동,중상사고,0,1,0,0,차대사람 - 횡단중,보행자보호의무위반,젖음/습기,비,교차로 - 교차로안,승합,남,37세,상해없음,보행자,여,68세,중상
2022062800100172,2022년 6월 28일 11시,화요일,부산광역시 연제구 거제동,중상사고,0,1,0,0,차대사람 - 보도통행중,기타,건조,맑음,단일로 - 기타,화물,남,33세,상해없음,보행자,여,83세,중상
2022062800100173,2022년 6월 28일 11시,화요일,부산광역시 기장군 기장읍,경상사고,0,0,1,0,차대차 - 추돌,안전거리미확보,기타,맑음,교차로 - 교차로부근,화물,남,58세,상해없음,승용,남,58세,경상
2022062800100193,2022년 6월 28일 12시,화요일,부산광역시 해운대구 반송동,경상사고,0,0,1,0,차대차 - 기타,직진우회전진행방해,젖음/습기,비,교차로 - 교차로안,승용,남,67세,상해없음,이륜,남,37세,경상
2022062800100194,2022년 6월 28일 12시,화요일,부산광역시 부산진구 양정동,중상사고,0,2,1,0,차대차 - 기타,기타,건조,맑음,단일로 - 기타,원동기,남,45세,경상,승용,남,75세,중상
2022062800100195,2022년 6월 28일 12시,화요일,부산광역시 강서구 화전동,경상사고,0,0,1,0,차대차 - 정면충돌,안전운전불이행,건조,맑음,교차로 - 교차로안,승용,남,62세,상해없음,원동기,남,33세,경상
2022062800100196,2022년 6월 28일 12시,화요일,부산광역시 기장군 정관읍,경상사고,0,0,3,0,차대차 - 측면충돌,신호위반,기타,흐림,교차로 - 교차로안,승용,남,66세,상해없음,승용,여,36세,경상
2022062800100228,2022년 6월 28일 13시,화요일,부산광역시 영도구 동삼동,중상사고,0,1,0,0,차대사람 - 기타,안전운전불이행,건조,맑음,단일로 - 기타,승합,남,43세,상해없음,보행자,남,86세,중상
2022062800100229,2022년 6월 28일 13시,화요일,부산광역시 사하구 구평동,중상사고,0,1,0,0,차대사람 - 기타,안전운전불이행,젖음/습기,비,단일로 - 기타,승용,여,49세,상해없음,보행자,여,82세,중상
2.02206E+15,2022년 6월 28일 13시,화요일,부산광역시 연제구 거제동,경상사고,0,0,1,0,차대사람 - 횡단중,보행자보호의무위반,건조,흐림,단일로 - 기타,승용,여,53세,상해없음,보행자,여,18세,경상
2022062800100262,2022년 6월 28일 14시,화요일,부산광역시 기장군 일광읍,중상사고,0,1,0,0,차대사람 - 보도통행중,보행자보호의무위반,젖음/습기,비,교차로 - 교차로횡단보도내,승합,남,44세,상해없음,보행자,여,35세,중상
2022062800100289,2022년 6월 28일 15시,화요일,부산광역시 동래구 온천동,경상사고,0,0,1,0,차대사람 - 횡단중,보행자보호의무위반,건조,맑음,교차로 - 교차로안,승용,남,58세,상해없음,보행자,여,22세,경상
2.02206E+15,2022년 6월 28일 15시,화요일,부산광역시 동래구 안락동,경상사고,0,0,1,0,차대차 - 측면충돌,교차로운행방법위반,젖음/습기,비,교차로 - 교차로안,승용,남,60세,상해없음,승용,여,45세,경상
2022062800100325,2022년 6월 28일 16시,화요일,부산광역시 해운대구 좌동,중상사고,0,1,0,0,차대차 - 추돌,안전운전불이행,건조,맑음,단일로 - 기타,화물,남,44세,상해없음,승용,남,42세,중상
2022062800100326,2022년 6월 28일 16시,화요일,부산광역시 해운대구 재송동,경상사고,0,0,1,0,차대차 - 측면충돌,직진우회전진행방해,젖음/습기,비,단일로 - 기타,승합,남,63세,상해없음,승용,여,48세,경상
2022062800100327,2022년 6월 28일 16시,화요일,부산광역시 금정구 금사동,경상사고,0,0,1,0,차대사람 - 차도통행중,기타,건조,맑음,교차로 - 교차로부근,화물,남,40세,상해없음,보행자,남,16세,경상