사고번호,사고일시,요일,시군구,사고내용,사망자수,중상자수,경상자수,부상신고자수,사고유형,법규위반,노면상태,기상상태,도로형태,가해운전자 차종,가해운전자 성별,가해운전자 연령,가해운전자 상해정도,피해운전자 차종,피해운전자 성별,피해운전자 연령,피해운전자 상해정도
2022062800100328,2022년 6월 28일 16시,화요일,부산광역시 강서구 구랑동,중상사고,0,1,2,0,차대차 - 추돌,안전운전불이행,건조,맑음,단일로 - 기타,화물,남,28세,상해없음,승용,여,35세,경상
2022062800100369,2022년 6월 28일 17시,화요일,부산광역시 동래구 사직동,경상사고,0,0,1,0,차대사람 - 기타,안전운전불이행,건조,맑음,단일로 - 기타,승용,여,29세,상해없음,보행자,여,53세,경상
2.02206E+15,2022년 6월 28일 17시,화요일,부산광역시 해운대구 중동,중상사고,0,1,0,0,차대사람 - 길가장자리구역통행중,안전운전불이행,건조,맑음,단일로 - 기타,승용,남,63세,상해없음,보행자,여,70세,중상
2022062800100402,2022년 6월 28일 18시,화요일,부산광역시 수영구 망미동,경상사고,0,0,1,0,차대사람 - 기타,기타,젖음/습기,비,단일로 - 기타,승용,남,56세,상해없음,보행자,여,67세,경상
2022062800100447,2022년 6월 28일 19시,화요일,부산광역시 해운대구 재송동,경상사고,0,0,1,0,차대차 - 측면충돌,차로위반,젖음/습기,비,단일로 - 교량,승용,남,65세,상해없음,이륜,남,60세,경상
2022062800100483,2022년 6월 28일 20시,화요일,부산광역시 북구 화명동,경상사고,0,0,1,0,차대사람 - 횡단중,신호위반,젖음/습기,흐림,교차로 - 교차로횡단보도내,승용,남,75세,상해없음,보행자,여,83세,경상
2022062800100484,2022년 6월 28일 20시,화요일,부산광역시 수영구 망미동,경상사고,0,0,1,1,차대차 - 측면충돌,직진우회전진행방해,젖음/습기,비,교차로 - 교차로안,승용,여,57세,부상신고,승용,여,50세,경상
2022062800100511,2022년 6월 28일 21시,화요일,부산광역시 사하구 장림동,경상사고,0,0,1,0,차대사람 - 횡단중,중앙선침범,젖음/습기,맑음,교차로 - 교차로횡단보도내,승용,남,47세,상해없음,보행자,여,46세,경상
2022062800100536,2022년 6월 28일 22시,화요일,부산광역시 영도구 대교동2가,경상사고,0,0,1,0,차대사람 - 횡단중,안전운전불이행,건조,기타,단일로 - 지하차도(도로)내,이륜,남,52세,기타불명,보행자,남,62세,경상
2022062800100537,2022년 6월 28일 22시,화요일,부산광역시 부산진구 부전동,중상사고,0,1,2,0,차대차 - 측면충돌,신호위반,젖음/습기,흐림,교차로 - 교차로안,이륜,남,26세,중상,승용,남,73세,경상
2022062800100558,2022년 6월 28일 23시,화요일,부산광역시 북구 금곡동,경상사고,0,0,2,0,차대차 - 기타,안전운전불이행,젖음/습기,흐림,단일로 - 기타,승용,남,39세,상해없음,승용,남,52세,경상
2022062800100559,2022년 6월 28일 23시,화요일,부산광역시 부산진구 개금동,중상사고,0,1,0,0,차대차 - 기타,안전운전불이행,젖음/습기,비,단일로 - 기타,승용,남,69세,상해없음,이륜,남,35세,중상
2022062900100005,2022년 6월 29일 00시,수요일,부산광역시 부산진구 당감동,경상사고,0,0,1,0,차대사람 - 기타,안전운전불이행,건조,맑음,단일로 - 기타,승용,남,39세,상해없음,보행자,남,54세,경상
2022062900100032,2022년 6월 29일 03시,수요일,부산광역시 동구 초량동,중상사고,0,1,0,0,차대사람 - 차도통행중,안전운전불이행,젖음/습기,비,단일로 - 지하차도(도로)내,승용,남,67세,상해없음,보행자,남,41세,중상
2022062900100081,2022년 6월 29일 08시,수요일,부산광역시 동래구 안락동,중상사고,0,1,0,0,차대차 - 측면충돌,안전운전불이행,젖음/습기,흐림,교차로 - 교차로안,승용,여,57세,상해없음,승용,남,61세,기타불명
2022062900100082,2022년 6월 29일 08시,수요일,부산광역시 해운대구 우동,경상사고,0,0,1,0,차대차 - 기타,안전운전불이행,건조,흐림,단일로 - 기타,승용,남,65세,상해없음,자전거,남,44세,경상
2022062900100083,2022년 6월 29일 08시,수요일,부산광역시 금정구 금사동,경상사고,0,0,2,0,차대차 - 기타,안전운전불이행,젖음/습기,비,교차로 - 교차로안,승용,남,30세,경상,승용,남,43세,경상
2022062900100118,2022년 6월 29일 09시,수요일,부산광역시 동래구 수안동,경상사고,0,0,1,0,차대차 - 추돌,안전운전불이행,젖음/습기,비,단일로 - 기타,승용,남,38세,상해없음,승용,여,46세,경상
2022062900100153,2022년 6월 29일 10시,수요일,부산광역시 서구 아미동1가,경상사고,0,0,1,0,차대차 - 측면충돌,안전운전불이행,젖음/습기,비,단일로 - 기타,승용,남,54세,상해없음,승용,남,29세,경상
2022062900100154,2022년 6월 29일 10시,수요일,부산광역시 수영구 민락동,경상사고,0,0,1,0,차대사람 - 기타,안전운전불이행,젖음/습기,맑음,교차로 - 교차로부근,화물,남,42세,상해없음,보행자,남,58세,경상
2022062900100171,2022년 6월 29일 11시,수요일,부산광역시 해운대구 반여동,경상사고,0,0,1,0,차대차 - 측면충돌,신호위반,젖음/습기,비,교차로 - 교차로안,승용,여,70세,상해없음,승용,여,60세,경상
2022062900100204,2022년 6월 29일 12시,수요일,부산광역시 동구 초량동,경상사고,0,0,1,0,차대차 - 기타,안전거리미확보,건조,맑음,단일로 - 기타,승용,남,72세,상해없음,승용,남,43세,경상
2022062900100244,2022년 6월 29일 13시,수요일,부산광역시 강서구 녹산동,경상사고,0,0,1,0,차대차 - 측면충돌,신호위반,건조,맑음,교차로 - 교차로부근,화물,남,69세,상해없음,이륜,남,38세,경상
2022062900100245,2022년 6월 29일 13시,수요일,부산광역시 강서구 대저2동,경상사고,0,0,1,0,차대차 - 측면충돌,신호위반,건조,맑음,교차로 - 교차로부근,승용,남,59세,상해없음,승용,여,25세,경상
2022062900100277,2022년 6월 29일 14시,수요일,부산광역시 남구 대연동,경상사고,0,0,4,0,차대차 - 기타,교차로운행방법위반,젖음/습기,비,교차로 - 교차로안,승용,남,63세,상해없음,승용,남,27세,경상
2022062900100393,2022년 6월 29일 17시,수요일,부산광역시 수영구 남천동,중상사고,0,1,0,0,차대차 - 측면충돌,안전운전불이행,건조,맑음,교차로 - 교차로부근,승용,남,65세,상해없음,자전거,여,56세,중상
2022062900100394,2022년 6월 29일 17시,수요일,부산광역시 연제구 거제동,중상사고,0,1,0,0,차대차 - 측면충돌,신호위반,젖음/습기,비,교차로 - 교차로안,승용,남,63세,상해없음,이륜,남,51세,중상
2022062900100427,2022년 6월 29일 18시,수요일,부산광역시 북구 만덕동,경상사고,0,0,1,0,차대차 - 기타,차로위반,젖음/습기,비,단일로 - 기타,승용,남,68세,상해없음,승용,남,57세,경상
2022062900100429,2022년 6월 29일 18시,수요일,부산광역시 사하구 괴정동,중상사고,0,1,0,0,차대사람 - 기타,안전운전불이행,젖음/습기,비,교차로 - 교차로부근,승용,남,38세,상해없음,보행자,여,69세,중상
2.02206E+15,2022년 6월 29일 18시,수요일,부산광역시 연제구 연산동,경상사고,0,0,1,0,차대차 - 측면충돌,교차로운행방법위반,젖음/습기,비,교차로 - 교차로안,화물,남,64세,상해없음,이륜,남,19세,경상
2022062900100471,2022년 6월 29일 19시,수요일,부산광역시 사상구 모라동,중상사고,0,1,1,0,차대차 - 추돌,안전운전불이행,젖음/습기,비,단일로 - 기타,승용,남,51세,상해없음,승용,남,50세,중상
2022062900100472,2022년 6월 29일 19시,수요일,부산광역시 기장군 기장읍,경상사고,0,0,2,0,차대차 - 기타,안전운전불이행,젖음/습기,비,단일로 - 기타,승용,남,18세,기타불명,승용,여,74세,경상
2022062900100501,2022년 6월 29일 20시,수요일,부산광역시 북구 만덕동,중상사고,0,1,0,0,차대차 - 기타,안전운전불이행,젖음/습기,비,단일로 - 기타,승용,남,34세,상해없음,원동기,남,22세,중상
2022062900100538,2022년 6월 29일 21시,수요일,부산광역시 수영구 민락동,경상사고,0,0,1,0,차대차 - 기타,안전운전불이행,건조,맑음,교차로 - 교차로부근,승용,남,26세,상해없음,승용,남,33세,상해없음
2022062900100539,2022년 6월 29일 21시,수요일,부산광역시 북구 화명동,경상사고,0,0,1,0,차대차 - 기타,차로위반,젖음/습기,비,단일로 - 기타,화물,남,39세,상해없음,승용,여,57세,경상
2022063000100003,2022년 6월 30일 00시,목요일,부산광역시 수영구 민락동,중상사고,0,1,1,0,차대차 - 기타,신호위반,젖음/습기,흐림,교차로 - 교차로안,승용,남,34세,경상,이륜,남,24세,중상
2022063000100042,2022년 6월 30일 02시,목요일,부산광역시 사하구 하단동,중상사고,0,1,0,0,차대차 - 측면충돌,안전운전불이행,젖음/습기,흐림,단일로 - 기타,이륜,남,28세,중상,화물,남,64세,기타불명
2022063000100051,2022년 6월 30일 03시,목요일,부산광역시 동래구 명장동,중상사고,0,1,0,0,차대차 - 기타,교차로운행방법위반,젖음/습기,비,교차로 - 교차로안,승용,남,32세,상해없음,이륜,남,55세,중상
2022063000100088,2022년 6월 30일 07시,목요일,부산광역시 남구 문현동,경상사고,0,0,1,0,차대차 - 기타,안전거리미확보,건조,맑음,단일로 - 기타,화물,남,64세,상해없음,승용,여,32세,경상
2022063000100089,2022년 6월 30일 07시,목요일,부산광역시 사하구 신평동,중상사고,0,1,0,0,차대차 - 측면충돌,직진우회전진행방해,건조,맑음,교차로 - 교차로안,화물,남,53세,상해없음,승용,여,30세,중상
2.02206E+15,2022년 6월 30일 07시,목요일,부산광역시 사상구 감전동,중상사고,0,1,0,0,차대차 - 측면충돌,안전거리미확보,건조,맑음,교차로 - 교차로안,화물,남,48세,상해없음,승합,남,32세,중상
2022063000100111,2022년 6월 30일 08시,목요일,부산광역시 영도구 영선동1가,경상사고,0,0,1,0,차대차 - 기타,안전운전불이행,건조,맑음,기타 - 기타,승용,여,51세,상해없음,승용,여,25세,경상
2022063000100112,2022년 6월 30일 08시,목요일,부산광역시 사상구 주례동,중상사고,0,1,0,0,차대차 - 정면충돌,안전거리미확보,건조,맑음,교차로 - 교차로부근,승용,남,55세,상해없음,자전거,남,73세,중상
2022063000100151,2022년 6월 30일 09시,목요일,부산광역시 사하구 구평동,경상사고,0,0,2,0,차대차 - 기타,안전운전불이행,건조,맑음,단일로 - 기타,승용,여,58세,상해없음,승용,남,39세,경상
2022063000100152,2022년 6월 30일 09시,목요일,부산광역시 사하구 하단동,경상사고,0,0,1,0,차대차 - 기타,교차로운행방법위반,건조,맑음,교차로 - 교차로안,승용,여,44세,기타불명,승용,남,30세,경상
2022063000100153,2022년 6월 30일 09시,목요일,부산광역시 강서구 송정동,경상사고,0,0,1,0,차대차 - 추돌,안전운전불이행,건조,맑음,교차로 - 교차로부근,화물,남,66세,기타불명,화물,남,51세,경상
2022063000100208,2022년 6월 30일 11시,목요일,부산광역시 중구 신창동4가,중상사고,0,1,0,0,차대사람 - 기타,안전운전불이행,건조,맑음,기타 - 기타,개인형이동수단(PM),남,61세,상해없음,보행자,여,71세,중상
2022063000100276,2022년 6월 30일 14시,목요일,부산광역시 서구 암남동,경상사고,0,0,2,0,차대차 - 측면충돌,안전운전불이행,건조,맑음,단일로 - 기타,승용,남,55세,상해없음,승용,여,34세,경상
2022063000100277,2022년 6월 30일 14시,목요일,부산광역시 금정구 장전동,경상사고,0,0,1,0,차대차 - 추돌,안전거리미확보,건조,맑음,단일로 - 기타,이륜,남,22세,상해없음,이륜,남,32세,경상
2022063000100304,2022년 6월 30일 15시,목요일,부산광역시 부산진구 전포동,중상사고,0,1,0,0,차대차 - 측면충돌,신호위반,건조,맑음,교차로 - 교차로안,승용,여,67세,상해없음,이륜,남,32세,중상
2022063000100305,2022년 6월 30일 15시,목요일,부산광역시 강서구 대저1동,중상사고,0,1,0,0,차대차 - 기타,안전운전불이행,건조,맑음,단일로 - 기타,화물,남,55세,상해없음,원동기,남,63세,중상
2022063000100343,2022년 6월 30일 16시,목요일,부산광역시 금정구 서동,경상사고,0,0,1,0,차대사람 - 기타,안전운전불이행,건조,맑음,단일로 - 기타,승용,남,49세,상해없음,보행자,남,41세,경상
2022063000100379,2022년 6월 30일 17시,목요일,부산광역시 연제구 연산동,중상사고,0,1,0,0,차대차 - 기타,신호위반,건조,맑음,교차로 - 교차로안,승용,여,59세,상해없음,이륜,남,38세,중상
2022063000100429,2022년 6월 30일 18시,목요일,부산광역시 동구 수정동,경상사고,0,0,2,0,차대사람 - 횡단중,보행자보호의무위반,건조,맑음,단일로 - 기타,승합,남,36세,상해없음,보행자,여,14세,경상
2022063000100431,2022년 6월 30일 18시,목요일,부산광역시 사상구 주례동,중상사고,0,1,2,0,차대차 - 추돌,안전운전불이행,건조,맑음,단일로 - 지하차도(도로)내,승용,여,53세,상해없음,이륜,남,26세,중상
2022063000100468,2022년 6월 30일 19시,목요일,부산광역시 수영구 민락동,중상사고,0,1,0,0,차대차 - 기타,신호위반,건조,맑음,교차로 - 교차로안,승용,남,22세,상해없음,이륜,남,38세,중상
2022063000100469,2022년 6월 30일 19시,목요일,부산광역시 영도구 대교동1가,경상사고,0,0,1,0,차대차 - 기타,안전운전불이행,건조,맑음,교차로 - 교차로부근,승용,남,73세,상해없음,승용,남,30세,경상
2.02206E+15,2022년 6월 30일 19시,목요일,부산광역시 금정구 장전동,경상사고,0,0,1,0,차대차 - 추돌,안전운전불이행,건조,맑음,단일로 - 기타,승용,남,51세,상해없음,화물,남,52세,경상
2022063000100471,2022년 6월 30일 19시,목요일,부산광역시 사하구 다대동,경상사고,0,0,1,0,차대차 - 기타,안전운전불이행,건조,맑음,교차로 - 교차로안,승용,여,47세,상해없음,승용,남,31세,경상
2022063000100501,2022년 6월 30일 20시,목요일,부산광역시 기장군 일광읍,경상사고,0,0,2,0,차대차 - 기타,교차로운행방법위반,건조,맑음,교차로 - 교차로안,승용,남,60세,상해없음,승용,남,41세,경상
2.02206E+15,2022년 6월 30일 21시,목요일,부산광역시 중구 영주동,경상사고,0,0,2,0,차대차 - 기타,중앙선침범,건조,맑음,단일로 - 기타,승용,남,65세,상해없음,승용,남,61세,상해없음
2022063000100531,2022년 6월 30일 21시,목요일,부산광역시 남구 대연동,경상사고,0,0,1,0,차대사람 - 보도통행중,안전운전불이행,건조,맑음,단일로 - 기타,승용,남,25세,상해없음,보행자,여,48세,경상
2022063000100532,2022년 6월 30일 21시,목요일,부산광역시 부산진구 전포동,경상사고,0,0,1,0,차대차 - 기타,신호위반,건조,맑음,교차로 - 교차로안,승용,남,69세,상해없음,이륜,남,25세,경상
2022063000100562,2022년 6월 30일 22시,목요일,부산광역시 서구 토성동5가,경상사고,0,0,1,1,차대차 - 측면충돌,신호위반,건조,맑음,교차로 - 교차로부근,이륜,남,52세,부상신고,승용,남,65세,경상
2022063000100563,2022년 6월 30일 22시,목요일,부산광역시 남구 문현동,경상사고,0,0,1,0,차대사람 - 횡단중,안전운전불이행,건조,맑음,단일로 - 기타,화물,남,55세,상해없음,보행자,여,29세,경상
2022063000100593,2022년 6월 30일 23시,목요일,부산광역시 사상구 삼락동,중상사고,0,1,0,0,차대사람 - 차도통행중,중앙선침범,건조,맑음,교차로 - 교차로안,화물,남,72세,상해없음,보행자,남,55세,중상
2022063000100594,2022년 6월 30일 23시,목요일,부산광역시 사상구 학장동,경상사고,0,0,1,0,차대차 - 추돌,중앙선침범,건조,맑음,단일로 - 지하차도(도로)내,승용,남,44세,상해없음,이륜,남,23세,경상
2022070100100017,2022년 7월 1일 01시,금요일,부산광역시 강서구 명지동,중상사고,0,1,0,0,차대사람 - 보도통행중,안전운전불이행,건조,맑음,단일로 - 기타,승용,남,27세,상해없음,보행자,남,32세,중상
2022070100100043,2022년 7월 1일 06시,금요일,부산광역시 기장군 기장읍,경상사고,0,0,2,0,차대차 - 추돌,안전운전불이행,건조,맑음,단일로 - 기타,화물,남,48세,상해없음,승용,남,56세,경상
2022070100100057,2022년 7월 1일 07시,금요일,부산광역시 북구 금곡동,경상사고,0,0,1,0,차대차 - 측면충돌,신호위반,건조,맑음,교차로 - 교차로안,승용,남,22세,상해없음,승용,여,47세,경상
2022070100100085,2022년 7월 1일 08시,금요일,부산광역시 수영구 민락동,경상사고,0,0,2,0,차대차 - 측면충돌,안전운전불이행,건조,맑음,교차로 - 교차로안,승용,남,60세,상해없음,이륜,남,55세,경상
2022070100100086,2022년 7월 1일 08시,금요일,부산광역시 남구 감만동,경상사고,0,0,1,0,차대차 - 측면충돌,안전운전불이행,건조,맑음,단일로 - 기타,화물,남,44세,상해없음,승용,여,39세,경상
2022070100100087,2022년 7월 1일 08시,금요일,부산광역시 부산진구 초읍동,경상사고,0,0,1,0,차대차 - 기타,안전운전불이행,건조,맑음,교차로 - 교차로안,승용,여,47세,상해없음,승합,남,70세,상해없음
2022070100100088,2022년 7월 1일 08시,금요일,부산광역시 사하구 하단동,경상사고,0,0,1,0,차대차 - 기타,신호위반,건조,맑음,교차로 - 교차로안,승용,남,64세,상해없음,건설기계,남,54세,경상
2022070100100135,2022년 7월 1일 09시,금요일,부산광역시 남구 대연동,중상사고,0,1,0,0,차대사람 - 기타,기타,건조,맑음,기타 - 기타,승용,남,28세,기타불명,보행자,여,76세,중상
2022070100100179,2022년 7월 1일 10시,금요일,부산광역시 사상구 학장동,경상사고,0,0,1,0,차대차 - 측면충돌,안전거리미확보,건조,맑음,단일로 - 기타,화물,남,29세,상해없음,이륜,남,61세,경상
2022070100100265,2022년 7월 1일 13시,금요일,부산광역시 해운대구 우동,경상사고,0,0,1,0,차대차 - 기타,안전거리미확보,건조,맑음,단일로 - 기타,건설기계,남,58세,상해없음,승용,남,31세,경상
2022070100100266,2022년 7월 1일 13시,금요일,부산광역시 부산진구 부전동,경상사고,0,0,1,0,차대사람 - 기타,안전운전불이행,건조,맑음,교차로 - 교차로부근,승용,남,40세,상해없음,보행자,남,29세,경상
2022070100100267,2022년 7월 1일 13시,금요일,부산광역시 사하구 신평동,부상신고사고,0,0,0,1,차대차 - 추돌,안전운전불이행,건조,맑음,단일로 - 기타,이륜,남,49세,부상신고,승용,남,34세,상해없음
2022070100100304,2022년 7월 1일 14시,금요일,부산광역시 연제구 거제동,경상사고,0,0,1,0,차대차 - 추돌,안전운전불이행,건조,맑음,단일로 - 기타,승용,남,70세,상해없음,승용,남,36세,경상
2022070100100384,2022년 7월 1일 16시,금요일,부산광역시 동래구 온천동,경상사고,0,0,1,0,차대차 - 후진중충돌,안전운전불이행,건조,맑음,단일로 - 기타,승용,남,55세,상해없음,승용,여,45세,경상
2.02207E+15,2022년 7월 1일 17시,금요일,부산광역시 중구 보수동2가,경상사고,0,0,1,0,차대차 - 기타,안전운전불이행,건조,맑음,단일로 - 기타,승용,남,58세,상해없음,이륜,남,29세,경상
2022070100100441,2022년 7월 1일 17시,금요일,부산광역시 남구 대연동,경상사고,0,0,1,0,차대차 - 측면충돌,중앙선침범,건조,맑음,단일로 - 기타,승용,남,71세,상해없음,승합,남,65세,경상
2022070100100442,2022년 7월 1일 17시,금요일,부산광역시 금정구 금사동,경상사고,0,0,1,0,차대사람 - 기타,안전운전불이행,건조,맑음,기타 - 기타,화물,남,49세,상해없음,보행자,여,60세,경상
2022070100100443,2022년 7월 1일 17시,금요일,부산광역시 기장군 기장읍,경상사고,0,0,2,0,차대차 - 정면충돌,안전운전불이행,건조,맑음,단일로 - 기타,승용,여,50세,경상,승용,남,62세,경상
2022070100100444,2022년 7월 1일 17시,금요일,부산광역시 기장군 일광읍,경상사고,0,0,1,0,차대차 - 기타,신호위반,건조,맑음,단일로 - 기타,화물,남,66세,상해없음,승용,여,48세,경상
2022070100100505,2022년 7월 1일 18시,금요일,부산광역시 영도구 남항동1가,경상사고,0,0,1,0,차대사람 - 기타,안전운전불이행,건조,맑음,단일로 - 기타,승용,여,53세,상해없음,보행자,여,7세,경상
2022070100100506,2022년 7월 1일 18시,금요일,부산광역시 금정구 구서동,경상사고,0,0,1,0,차량단독 - 기타,기타,건조,맑음,단일로 - 기타,승합,남,46세,상해없음,,,,
2022070100100507,2022년 7월 1일 18시,금요일,부산광역시 사상구 모라동,중상사고,0,1,0,0,차대차 - 기타,안전운전불이행,건조,맑음,교차로 - 교차로안,승용,여,55세,상해없음,이륜,남,23세,중상
2022070100100508,2022년 7월 1일 18시,금요일,부산광역시 기장군 일광읍,중상사고,0,1,0,0,차대사람 - 기타,안전운전불이행,건조,맑음,교차로 - 교차로부근,이륜,남,26세,기타불명,보행자,남,14세,중상
2022070100100559,2022년 7월 1일 19시,금요일,부산광역시 남구 대연동,경상사고,0,0,1,0,차대차 - 기타,안전운전불이행,건조,맑음,교차로 - 교차로부근,승용,여,29세,상해없음,화물,남,32세,경상
2.02207E+15,2022년 7월 1일 19시,금요일,부산광역시 금정구 부곡동,경상사고,0,0,1,0,차대차 - 추돌,안전운전불이행,건조,맑음,단일로 - 기타,승용,남,56세,상해없음,승용,여,36세,경상
2022070100100561,2022년 7월 1일 19시,금요일,부산광역시 수영구 망미동,경상사고,0,0,2,0,차대차 - 추돌,안전거리미확보,건조,맑음,단일로 - 기타,이륜,남,45세,상해없음,승용,여,32세,경상
2022070100100596,2022년 7월 1일 20시,금요일,부산광역시 부산진구 부암동,중상사고,0,1,0,0,차대사람 - 횡단중,기타,건조,맑음,교차로 - 교차로안,승용,여,53세,상해없음,보행자,남,9세,중상
2022070100100689,2022년 7월 1일 23시,금요일,부산광역시 중구 중앙동4가,경상사고,0,0,2,0,차대차 - 측면충돌,교차로운행방법위반,건조,맑음,교차로 - 교차로안,승용,남,61세,상해없음,승용,남,28세,상해없음
2.02207E+15,2022년 7월 1일 23시,금요일,부산광역시 강서구 명지동,경상사고,0,0,1,0,차대차 - 측면충돌,중앙선침범,건조,맑음,단일로 - 지하차도(도로)내,승용,남,50세,상해없음,승용,남,26세,경상
2022070200100022,2022년 7월 2일 01시,토요일,부산광역시 부산진구 부전동,경상사고,0,0,1,0,차대차 - 기타,안전운전불이행,건조,맑음,교차로 - 교차로부근,승용,남,55세,상해없음,이륜,남,27세,경상
2022070200100031,2022년 7월 2일 02시,토요일,부산광역시 수영구 광안동,경상사고,0,0,1,0,차대사람 - 길가장자리구역통행중,안전운전불이행,건조,맑음,단일로 - 지하차도(도로)내,승용,남,29세,상해없음,보행자,남,40세,경상
2022070200100032,2022년 7월 2일 02시,토요일,부산광역시 동래구 온천동,중상사고,0,2,0,0,차대차 - 추돌,안전운전불이행,건조,맑음,단일로 - 지하차도(도로)내,화물,남,42세,상해없음,승용,남,59세,중상
2022070200100033,2022년 7월 2일 02시,토요일,부산광역시 부산진구 전포동,중상사고,0,2,0,0,차대사람 - 횡단중,신호위반,건조,맑음,교차로 - 교차로횡단보도내,승용,남,45세,상해없음,보행자,여,24세,중상
2.02207E+15,2022년 7월 2일 06시,토요일,부산광역시 부산진구 당감동,경상사고,0,0,1,0,차대차 - 기타,신호위반,건조,맑음,교차로 - 교차로안,화물,남,27세,상해없음,승용,남,61세,경상
2.02207E+15,2022년 7월 2일 09시,토요일,부산광역시 부산진구 개금동,경상사고,0,0,1,0,차대차 - 기타,안전운전불이행,건조,맑음,교차로 - 교차로안,승용,여,56세,상해없음,승합,남,50세,상해없음
2022070200100122,2022년 7월 2일 09시,토요일,부산광역시 강서구 대저1동,경상사고,0,0,1,0,차대차 - 측면충돌,안전거리미확보,건조,맑음,단일로 - 기타,승용,남,67세,상해없음,승용,남,22세,경상
2022070200100157,2022년 7월 2일 10시,토요일,부산광역시 부산진구 범천동,부상신고사고,0,0,0,1,차대차 - 추돌,안전운전불이행,건조,맑음,단일로 - 기타,승용,여,77세,상해없음,승용,남,29세,부상신고
2022070200100195,2022년 7월 2일 11시,토요일,부산광역시 동래구 사직동,부상신고사고,0,0,0,1,차대차 - 기타,안전운전불이행,건조,맑음,교차로 - 교차로안,승용,여,44세,기타불명,자전거,여,50세,부상신고
2022070200100196,2022년 7월 2일 11시,토요일,부산광역시 부산진구 범천동,경상사고,0,0,1,0,차대차 - 측면충돌,신호위반,건조,맑음,교차로 - 교차로안,승용,남,53세,상해없음,화물,남,60세,경상
2022070200100238,2022년 7월 2일 12시,토요일,부산광역시 부산진구 양정동,부상신고사고,0,0,0,1,차대차 - 기타,안전운전불이행,건조,맑음,단일로 - 기타,승용,남,79세,부상신고,화물,남,53세,기타불명
2022070200100239,2022년 7월 2일 12시,토요일,부산광역시 기장군 기장읍,중상사고,0,1,0,0,차대차 - 기타,안전운전불이행,건조,맑음,단일로 - 기타,승용,여,67세,상해없음,자전거,남,64세,중상
2022070200100272,2022년 7월 2일 13시,토요일,부산광역시 남구 대연동,부상신고사고,0,0,0,1,차대사람 - 기타,안전운전불이행,건조,맑음,기타 - 기타,승용,남,63세,상해없음,보행자,여,38세,부상신고
2022070200100273,2022년 7월 2일 13시,토요일,부산광역시 부산진구 범전동,부상신고사고,0,0,0,1,차대사람 - 기타,안전운전불이행,건조,맑음,단일로 - 기타,기타불명,기타불명,미분류,기타불명,보행자,남,62세,부상신고
2022070200100304,2022년 7월 2일 14시,토요일,부산광역시 중구 광복동1가,경상사고,0,0,1,0,차대차 - 측면충돌,안전운전불이행,건조,맑음,단일로 - 기타,승용,여,65세,상해없음,승용,남,47세,경상
2022070200100305,2022년 7월 2일 14시,토요일,부산광역시 수영구 광안동,부상신고사고,0,0,0,1,차대차 - 추돌,안전운전불이행,건조,맑음,단일로 - 기타,승용,남,24세,기타불명,승용,남,28세,부상신고
2022070200100306,2022년 7월 2일 14시,토요일,부산광역시 동래구 안락동,경상사고,0,0,2,0,차대차 - 추돌,안전운전불이행,건조,맑음,단일로 - 기타,승용,남,52세,상해없음,승합,남,28세,경상
2022070200100307,2022년 7월 2일 14시,토요일,부산광역시 사상구 학장동,경상사고,0,0,6,0,차대차 - 측면충돌,안전운전불이행,건조,맑음,단일로 - 기타,승용,남,42세,경상,승용,여,39세,경상
2022070200100334,2022년 7월 2일 15시,토요일,부산광역시 수영구 민락동,경상사고,0,0,1,0,차대사람 - 기타,기타,건조,맑음,단일로 - 기타,자전거,남,64세,상해없음,보행자,남,27세,경상
2022070200100365,2022년 7월 2일 16시,토요일,부산광역시 사상구 학장동,중상사고,0,1,0,0,차대차 - 측면충돌,신호위반,건조,맑음,교차로 - 교차로부근,이륜,남,61세,중상,승용,남,58세,상해없음
2022070200100405,2022년 7월 2일 17시,토요일,부산광역시 서구 암남동,경상사고,0,0,1,0,차대차 - 기타,안전운전불이행,건조,맑음,단일로 - 지하차도(도로)내,승용,남,49세,상해없음,승용,남,56세,상해없음
2022070200100406,2022년 7월 2일 17시,토요일,부산광역시 남구 용호동,경상사고,0,0,1,0,차대차 - 기타,안전운전불이행,건조,맑음,교차로 - 교차로부근,승용,남,37세,상해없음,이륜,남,34세,경상
2022070200100407,2022년 7월 2일 17시,토요일,부산광역시 동래구 온천동,경상사고,0,0,1,0,차대차 - 측면충돌,안전운전불이행,건조,맑음,기타 - 기타,승용,여,22세,상해없음,이륜,남,29세,경상
2022070200100408,2022년 7월 2일 17시,토요일,부산광역시 해운대구 송정동,중상사고,0,1,0,0,차대차 - 기타,안전운전불이행,건조,맑음,단일로 - 기타,승용,남,47세,기타불명,이륜,남,27세,중상
2022070200100409,2022년 7월 2일 17시,토요일,부산광역시 부산진구 전포동,경상사고,0,0,1,0,차대차 - 추돌,안전운전불이행,건조,맑음,단일로 - 기타,승용,남,57세,상해없음,이륜,남,54세,경상
2.02207E+15,2022년 7월 2일 17시,토요일,부산광역시 금정구 장전동,경상사고,0,0,1,0,차대차 - 측면충돌,직진우회전진행방해,건조,맑음,교차로 - 교차로안,승용,여,40세,상해없음,승용,남,28세,경상