사고번호,사고일시,요일,시군구,사고내용,사망자수,중상자수,경상자수,부상신고자수,사고유형,법규위반,노면상태,기상상태,도로형태,가해운전자 차종,가해운전자 성별,가해운전자 연령,가해운전자 상해정도,피해운전자 차종,피해운전자 성별,피해운전자 연령,피해운전자 상해정도
2022070700100153,2022년 7월 7일 09시,목요일,부산광역시 강서구 식만동,경상사고,0,0,1,0,차대차 - 기타,기타,건조,맑음,단일로 - 기타,화물,남,65세,상해없음,승용,남,21세,경상
2022070700100194,2022년 7월 7일 10시,목요일,부산광역시 수영구 광안동,중상사고,0,1,1,0,차량단독 - 기타,안전운전불이행,건조,맑음,단일로 - 기타,승합,남,55세,상해없음,,,,
2022070700100195,2022년 7월 7일 10시,목요일,부산광역시 부산진구 전포동,경상사고,0,0,4,0,차대차 - 추돌,안전운전불이행,건조,맑음,단일로 - 기타,화물,남,35세,상해없음,화물,남,63세,경상
2022070700100196,2022년 7월 7일 10시,목요일,부산광역시 금정구 남산동,중상사고,0,1,3,0,차대차 - 추돌,안전운전불이행,건조,맑음,교차로 - 교차로부근,승용,여,60세,중상,승합,남,47세,상해없음
2022070700100197,2022년 7월 7일 10시,목요일,부산광역시 금정구 금사동,중상사고,0,1,1,0,차대차 - 기타,교차로운행방법위반,건조,맑음,교차로 - 교차로안,승용,남,64세,중상,승용,남,48세,경상
2022070700100258,2022년 7월 7일 12시,목요일,부산광역시 사하구 하단동,중상사고,0,1,0,0,차대사람 - 차도통행중,안전운전불이행,건조,맑음,단일로 - 기타,승용,여,66세,기타불명,보행자,남,61세,중상
2022070700100286,2022년 7월 7일 13시,목요일,부산광역시 수영구 남천동,경상사고,0,0,1,0,차대차 - 추돌,안전운전불이행,건조,맑음,교차로 - 교차로안,승용,남,70세,상해없음,승용,남,29세,경상
2022070700100287,2022년 7월 7일 13시,목요일,부산광역시 사상구 학장동,경상사고,0,0,1,0,차대차 - 추돌,안전운전불이행,건조,맑음,교차로 - 교차로부근,승용,여,34세,상해없음,승용,여,59세,경상
2022070700100321,2022년 7월 7일 14시,목요일,부산광역시 해운대구 반송동,중상사고,0,1,0,0,차대사람 - 보도통행중,보행자보호의무위반,건조,맑음,교차로 - 교차로횡단보도내,승용,남,60세,상해없음,보행자,남,80세,중상
2022070700100322,2022년 7월 7일 14시,목요일,부산광역시 강서구 대저1동,중상사고,0,1,0,0,차대차 - 추돌,안전운전불이행,건조,맑음,교차로 - 교차로부근,승용,남,78세,상해없음,승용,여,24세,중상
2022070700100375,2022년 7월 7일 16시,목요일,부산광역시 동래구 안락동,중상사고,0,1,2,0,차대차 - 추돌,안전운전불이행,건조,맑음,단일로 - 지하차도(도로)내,승용,남,59세,상해없음,승용,남,34세,경상
2022070700100376,2022년 7월 7일 16시,목요일,부산광역시 강서구 대저1동,경상사고,0,0,1,0,차대차 - 측면충돌,안전운전불이행,건조,맑음,교차로 - 교차로안,승용,남,34세,상해없음,이륜,남,80세,경상
2022070700100419,2022년 7월 7일 17시,목요일,부산광역시 서구 서대신동3가,경상사고,0,0,1,0,차대사람 - 횡단중,보행자보호의무위반,건조,맑음,교차로 - 교차로횡단보도내,승용,여,45세,상해없음,보행자,여,10세,경상
2.02207E+15,2022년 7월 7일 17시,목요일,부산광역시 부산진구 부전동,중상사고,0,1,0,0,차대사람 - 기타,안전운전불이행,건조,맑음,단일로 - 기타,승합,남,53세,상해없음,보행자,남,51세,중상
2022070700100421,2022년 7월 7일 17시,목요일,부산광역시 금정구 노포동,중상사고,0,1,0,1,차대차 - 기타,기타,건조,맑음,교차로 - 교차로부근,승용,여,64세,부상신고,승용,남,46세,중상
2022070700100422,2022년 7월 7일 17시,목요일,부산광역시 강서구 명지동,경상사고,0,0,1,0,차대사람 - 기타,안전운전불이행,건조,맑음,단일로 - 기타,화물,남,74세,상해없음,보행자,남,42세,경상
2022070700100463,2022년 7월 7일 18시,목요일,부산광역시 사하구 다대동,중상사고,0,1,0,0,차대사람 - 횡단중,보행자보호의무위반,건조,맑음,교차로 - 교차로안,승용,남,54세,상해없음,보행자,여,71세,중상
2022070700100464,2022년 7월 7일 18시,목요일,부산광역시 연제구 연산동,경상사고,0,0,1,0,차대차 - 추돌,교차로운행방법위반,건조,맑음,교차로 - 교차로안,이륜,남,32세,상해없음,이륜,남,31세,경상
2022070700100499,2022년 7월 7일 19시,목요일,부산광역시 연제구 연산동,중상사고,0,1,1,0,차대차 - 측면충돌,중앙선침범,건조,맑음,교차로 - 교차로안,이륜,남,40세,기타불명,승용,남,47세,경상
2022070700100614,2022년 7월 7일 23시,목요일,부산광역시 수영구 민락동,경상사고,0,0,1,0,차대차 - 기타,안전운전불이행,건조,맑음,교차로 - 교차로부근,승용,남,32세,기타불명,화물,남,43세,경상
2022070700100615,2022년 7월 7일 23시,목요일,부산광역시 부산진구 부전동,경상사고,0,0,1,0,차대사람 - 기타,안전운전불이행,건조,기타,단일로 - 기타,승용,남,55세,상해없음,보행자,남,24세,경상
2022070700100616,2022년 7월 7일 23시,목요일,부산광역시 사하구 하단동,중상사고,0,1,0,1,차대사람 - 차도통행중,안전운전불이행,건조,맑음,단일로 - 기타,이륜,남,18세,부상신고,보행자,남,29세,중상
2022070700100617,2022년 7월 7일 23시,목요일,부산광역시 수영구 수영동,중상사고,0,1,0,0,차대사람 - 기타,안전운전불이행,건조,맑음,교차로 - 교차로부근,승용,남,63세,상해없음,보행자,남,65세,중상
2022070800100013,2022년 7월 8일 01시,금요일,부산광역시 중구 중앙동4가,중상사고,0,1,0,0,차대사람 - 횡단중,안전운전불이행,건조,맑음,교차로 - 교차로안,승용,남,65세,상해없음,보행자,여,59세,중상
2022070800100037,2022년 7월 8일 05시,금요일,부산광역시 사상구 감전동,경상사고,0,0,1,0,차대차 - 측면충돌,불법유턴,건조,맑음,단일로 - 기타,자전거,남,72세,경상,승용,남,64세,상해없음
2022070800100056,2022년 7월 8일 07시,금요일,부산광역시 수영구 남천동,경상사고,0,0,1,0,차대차 - 기타,안전거리미확보,건조,맑음,단일로 - 기타,승용,남,59세,상해없음,이륜,남,22세,경상
2022070800100057,2022년 7월 8일 07시,금요일,부산광역시 북구 만덕동,경상사고,0,0,2,0,차대차 - 추돌,안전운전불이행,건조,맑음,교차로 - 교차로부근,승용,여,57세,상해없음,승용,여,42세,경상
2022070800100086,2022년 7월 8일 08시,금요일,부산광역시 사하구 구평동,경상사고,0,0,1,0,차대차 - 측면충돌,신호위반,건조,맑음,교차로 - 교차로안,승용,남,38세,상해없음,승용,남,38세,경상
2022070800100087,2022년 7월 8일 08시,금요일,부산광역시 강서구 명지동,중상사고,0,1,0,0,차대차 - 기타,안전운전불이행,젖음/습기,비,교차로 - 교차로횡단보도내,승용,여,40세,상해없음,개인형이동수단(PM),남,32세,중상
2022070800100132,2022년 7월 8일 09시,금요일,부산광역시 중구 중앙동4가,경상사고,0,0,1,0,차대사람 - 횡단중,보행자보호의무위반,젖음/습기,비,단일로 - 기타,승용,남,63세,상해없음,보행자,여,32세,경상
2022070800100133,2022년 7월 8일 09시,금요일,부산광역시 서구 남부민동,경상사고,0,0,1,0,차대사람 - 보도통행중,기타,젖음/습기,비,단일로 - 기타,원동기,남,66세,상해없음,보행자,여,25세,경상
2022070800100134,2022년 7월 8일 09시,금요일,부산광역시 사상구 감전동,중상사고,0,1,0,0,차대차 - 정면충돌,안전운전불이행,건조,맑음,교차로 - 교차로안,승용,여,30세,중상,건설기계,남,63세,상해없음
2022070800100167,2022년 7월 8일 10시,금요일,부산광역시 동래구 명륜동,경상사고,0,0,1,0,차대차 - 측면충돌,교차로운행방법위반,건조,맑음,교차로 - 교차로안,화물,남,45세,상해없음,승용,남,41세,경상
2022070800100191,2022년 7월 8일 11시,금요일,부산광역시 동래구 명륜동,중상사고,0,1,0,0,차대차 - 기타,안전운전불이행,건조,맑음,단일로 - 기타,화물,남,53세,상해없음,승용,남,73세,중상
2022070800100257,2022년 7월 8일 13시,금요일,부산광역시 수영구 광안동,경상사고,0,0,1,0,차대차 - 기타,중앙선침범,건조,맑음,단일로 - 기타,승합,남,54세,상해없음,이륜,남,23세,경상
2022070800100258,2022년 7월 8일 13시,금요일,부산광역시 북구 덕천동,경상사고,0,0,1,0,차대차 - 기타,신호위반,건조,맑음,교차로 - 교차로안,승용,남,75세,상해없음,특수,남,30세,경상
2022070800100259,2022년 7월 8일 13시,금요일,부산광역시 영도구 남항동2가,경상사고,0,0,1,0,차대차 - 측면충돌,안전운전불이행,건조,맑음,기타 - 기타,자전거,남,72세,경상,승용,여,57세,상해없음
2.02207E+15,2022년 7월 8일 13시,금요일,부산광역시 부산진구 범전동,경상사고,0,0,1,0,차대차 - 추돌,안전운전불이행,건조,맑음,교차로 - 교차로부근,승합,남,66세,상해없음,승용,남,29세,경상
2022070800100261,2022년 7월 8일 13시,금요일,부산광역시 연제구 연산동,경상사고,0,0,3,0,차대차 - 기타,차로위반,건조,맑음,단일로 - 기타,승용,남,48세,상해없음,승용,남,51세,경상
2022070800100293,2022년 7월 8일 14시,금요일,부산광역시 중구 중앙동6가,중상사고,0,1,2,0,차대차 - 측면충돌,안전거리미확보,건조,맑음,교차로 - 교차로부근,승용,남,60세,상해없음,승용,남,73세,중상
2022070800100294,2022년 7월 8일 14시,금요일,부산광역시 수영구 광안동,중상사고,0,1,0,0,차대사람 - 기타,보행자보호의무위반,건조,맑음,교차로 - 교차로부근,화물,남,60세,상해없음,보행자,남,73세,중상
2022070800100295,2022년 7월 8일 14시,금요일,부산광역시 남구 문현동,중상사고,0,1,0,0,차대사람 - 기타,안전운전불이행,건조,맑음,단일로 - 기타,승용,여,63세,상해없음,보행자,남,36세,중상
2022070800100296,2022년 7월 8일 14시,금요일,부산광역시 수영구 광안동,중상사고,0,1,0,0,차대사람 - 기타,안전운전불이행,건조,맑음,단일로 - 기타,화물,남,59세,상해없음,보행자,여,70세,중상
2022070800100327,2022년 7월 8일 15시,금요일,부산광역시 중구 부평동3가,부상신고사고,0,0,0,2,차대차 - 측면충돌,직진우회전진행방해,건조,맑음,교차로 - 교차로안,자전거,남,53세,부상신고,이륜,여,56세,부상신고
2022070800100328,2022년 7월 8일 15시,금요일,부산광역시 서구 토성동4가,중상사고,0,1,0,0,차대차 - 측면충돌,안전운전불이행,건조,맑음,교차로 - 교차로안,승용,남,65세,상해없음,원동기,남,80세,중상
2022070800100329,2022년 7월 8일 15시,금요일,부산광역시 금정구 구서동,경상사고,0,0,1,0,차대사람 - 기타,안전운전불이행,건조,맑음,단일로 - 기타,승용,여,61세,상해없음,보행자,여,14세,경상
2022070800100359,2022년 7월 8일 16시,금요일,부산광역시 서구 동대신동2가,경상사고,0,0,2,0,차대차 - 추돌,안전운전불이행,건조,맑음,교차로 - 교차로안,승용,여,72세,상해없음,승용,남,30세,경상
2.02207E+15,2022년 7월 8일 18시,금요일,부산광역시 해운대구 좌동,경상사고,0,0,2,0,차대차 - 기타,안전운전불이행,건조,맑음,단일로 - 기타,승용,여,31세,상해없음,승용,여,33세,경상
2022070800100451,2022년 7월 8일 18시,금요일,부산광역시 부산진구 범천동,경상사고,0,0,4,0,차대차 - 추돌,안전거리미확보,젖음/습기,비,단일로 - 기타,승용,여,31세,상해없음,승용,여,58세,경상
2022070800100497,2022년 7월 8일 19시,금요일,부산광역시 부산진구 부전동,중상사고,0,1,0,0,차대차 - 기타,안전거리미확보,건조,흐림,교차로 - 교차로부근,승용,남,32세,상해없음,이륜,남,50세,중상
2022070800100533,2022년 7월 8일 20시,금요일,부산광역시 동래구 수안동,경상사고,0,0,1,0,차대사람 - 차도통행중,안전운전불이행,건조,맑음,단일로 - 기타,자전거,기타불명,미분류,기타불명,보행자,여,77세,경상
2022070800100563,2022년 7월 8일 21시,금요일,부산광역시 강서구 대저1동,경상사고,0,0,2,0,차대차 - 측면충돌,신호위반,건조,맑음,교차로 - 교차로안,승용,남,61세,상해없음,승용,남,48세,경상
2022070800100589,2022년 7월 8일 22시,금요일,부산광역시 남구 대연동,중상사고,0,1,0,0,차대차 - 정면충돌,신호위반,건조,맑음,교차로 - 교차로안,승합,남,71세,상해없음,이륜,남,27세,중상
2.02207E+15,2022년 7월 8일 22시,금요일,부산광역시 부산진구 당감동,중상사고,0,1,0,0,차대사람 - 횡단중,보행자보호의무위반,건조,맑음,교차로 - 교차로횡단보도내,승용,여,56세,상해없음,보행자,남,34세,중상
2022070900100007,2022년 7월 9일 00시,토요일,부산광역시 남구 대연동,경상사고,0,0,1,0,차대사람 - 기타,안전운전불이행,건조,맑음,단일로 - 기타,승용,남,19세,상해없음,보행자,여,19세,경상
2022070900100045,2022년 7월 9일 03시,토요일,부산광역시 금정구 부곡동,경상사고,0,0,3,0,차대차 - 추돌,안전운전불이행,건조,맑음,단일로 - 기타,승용,남,39세,상해없음,승용,남,64세,경상
2022070900100068,2022년 7월 9일 06시,토요일,부산광역시 부산진구 부전동,중상사고,0,1,1,0,차대차 - 기타,신호위반,건조,맑음,교차로 - 교차로안,이륜,남,56세,상해없음,승합,남,59세,상해없음
2.02207E+15,2022년 7월 9일 07시,토요일,부산광역시 강서구 성북동,경상사고,0,0,1,0,차대차 - 기타,기타,건조,맑음,교차로 - 교차로부근,특수,남,66세,상해없음,특수,남,64세,경상
2022070900100094,2022년 7월 9일 08시,토요일,부산광역시 해운대구 좌동,경상사고,0,0,3,0,차대차 - 측면충돌,안전운전불이행,건조,맑음,단일로 - 기타,기타불명,기타불명,미분류,기타불명,승용,남,55세,경상
2022070900100113,2022년 7월 9일 09시,토요일,부산광역시 부산진구 초읍동,경상사고,0,0,1,0,차대사람 - 기타,안전운전불이행,건조,맑음,교차로 - 교차로부근,화물,남,52세,상해없음,보행자,여,80세,경상
2022070900100114,2022년 7월 9일 09시,토요일,부산광역시 금정구 서동,경상사고,0,0,1,0,차대사람 - 기타,안전운전불이행,건조,맑음,기타 - 기타,승용,남,62세,상해없음,보행자,남,77세,경상
2022070900100115,2022년 7월 9일 09시,토요일,부산광역시 연제구 연산동,경상사고,0,0,1,0,차대차 - 기타,안전운전불이행,건조,맑음,교차로 - 교차로안,승용,여,46세,상해없음,기타불명,남,77세,경상
2022070900100142,2022년 7월 9일 10시,토요일,부산광역시 북구 덕천동,경상사고,0,0,4,1,차대차 - 추돌,안전운전불이행,건조,맑음,기타 - 기타,승합,남,59세,상해없음,승용,남,57세,경상
2022070900100173,2022년 7월 9일 11시,토요일,부산광역시 사하구 신평동,경상사고,0,0,1,0,차대차 - 기타,신호위반,건조,맑음,교차로 - 교차로안,승용,남,61세,상해없음,승용,남,41세,상해없음
2022070900100199,2022년 7월 9일 12시,토요일,부산광역시 서구 서대신동3가,경상사고,0,0,1,0,차대차 - 정면충돌,안전운전불이행,건조,맑음,단일로 - 기타,승용,남,47세,상해없음,승용,여,48세,경상
2.02207E+15,2022년 7월 9일 12시,토요일,부산광역시 남구 문현동,중상사고,0,1,0,0,차대차 - 기타,안전운전불이행,건조,맑음,단일로 - 기타,승용,남,30세,상해없음,이륜,남,58세,중상
2022070900100201,2022년 7월 9일 12시,토요일,부산광역시 영도구 봉래동3가,경상사고,0,0,2,0,차대차 - 기타,안전운전불이행,건조,맑음,단일로 - 기타,승용,여,46세,기타불명,승용,남,22세,경상
2022070900100202,2022년 7월 9일 12시,토요일,부산광역시 영도구 동삼동,중상사고,0,1,1,0,차대차 - 측면충돌,교차로운행방법위반,건조,맑음,교차로 - 교차로부근,승용,여,28세,기타불명,승용,여,50세,중상
2022070900100235,2022년 7월 9일 13시,토요일,부산광역시 북구 화명동,중상사고,0,4,6,1,차대차 - 추돌,신호위반,건조,맑음,교차로 - 교차로부근,승용,여,62세,상해없음,승용,남,45세,경상
2022070900100277,2022년 7월 9일 14시,토요일,부산광역시 남구 대연동,중상사고,0,1,0,0,차대사람 - 횡단중,안전운전불이행,건조,맑음,교차로 - 교차로안,화물,남,56세,상해없음,보행자,여,10세,중상
2022070900100278,2022년 7월 9일 14시,토요일,부산광역시 남구 대연동,경상사고,0,0,2,0,차대차 - 기타,직진우회전진행방해,건조,맑음,교차로 - 교차로안,승용,여,36세,경상,승용,여,55세,경상
2022070900100353,2022년 7월 9일 16시,토요일,부산광역시 동래구 안락동,경상사고,0,0,1,0,차대차 - 기타,안전운전불이행,건조,맑음,교차로 - 교차로안,승용,여,40세,상해없음,승용,남,40세,경상
2022070900100354,2022년 7월 9일 16시,토요일,부산광역시 사하구 괴정동,경상사고,0,0,1,0,차대차 - 기타,안전거리미확보,건조,맑음,단일로 - 기타,승용,남,32세,상해없음,승용,여,23세,상해없음
2022070900100355,2022년 7월 9일 16시,토요일,부산광역시 사상구 모라동,중상사고,0,1,0,0,차대차 - 측면충돌,차로위반,건조,맑음,단일로 - 기타,승용,여,39세,상해없음,승용,남,40세,중상
2022070900100396,2022년 7월 9일 17시,토요일,부산광역시 연제구 연산동,중상사고,0,1,0,0,차대차 - 기타,안전운전불이행,건조,맑음,교차로 - 교차로안,승용,남,57세,상해없음,자전거,남,12세,중상
2022070900100397,2022년 7월 9일 17시,토요일,부산광역시 사상구 괘법동,중상사고,0,1,0,0,차대사람 - 기타,안전운전불이행,건조,맑음,교차로 - 교차로안,화물,남,57세,상해없음,보행자,남,59세,중상
2022070900100427,2022년 7월 9일 18시,토요일,부산광역시 동래구 온천동,중상사고,0,1,0,0,차대차 - 측면충돌,기타,건조,맑음,단일로 - 기타,승용,남,72세,상해없음,이륜,남,46세,중상
2022070900100429,2022년 7월 9일 18시,토요일,부산광역시 금정구 구서동,중상사고,0,1,0,0,차대차 - 기타,기타,건조,맑음,교차로 - 교차로부근,승용,여,45세,상해없음,이륜,남,41세,중상
2022070900100461,2022년 7월 9일 19시,토요일,부산광역시 동래구 명륜동,부상신고사고,0,0,0,1,차대사람 - 차도통행중,안전운전불이행,건조,맑음,단일로 - 기타,승용,남,31세,상해없음,보행자,남,39세,부상신고
2022070900100462,2022년 7월 9일 19시,토요일,부산광역시 부산진구 양정동,경상사고,0,0,1,0,차대사람 - 기타,안전운전불이행,건조,맑음,교차로 - 교차로안,승용,남,64세,상해없음,보행자,남,62세,경상
2022070900100488,2022년 7월 9일 20시,토요일,부산광역시 동래구 명륜동,중상사고,0,1,0,0,차대차 - 측면충돌,교차로운행방법위반,건조,맑음,교차로 - 교차로안,승용,남,43세,상해없음,자전거,남,78세,중상
2022070900100489,2022년 7월 9일 20시,토요일,부산광역시 사하구 당리동,경상사고,0,0,4,0,차대차 - 추돌,안전운전불이행,건조,맑음,단일로 - 기타,승용,남,51세,기타불명,승용,남,51세,경상
2022070900100513,2022년 7월 9일 21시,토요일,부산광역시 해운대구 우동,경상사고,0,0,2,0,차대차 - 측면충돌,안전거리미확보,건조,맑음,단일로 - 기타,승용,남,78세,경상,승용,남,62세,경상
2022070900100514,2022년 7월 9일 21시,토요일,부산광역시 금정구 장전동,경상사고,0,0,1,0,차대차 - 추돌,안전운전불이행,건조,맑음,교차로 - 교차로안,승용,남,27세,상해없음,승용,남,57세,경상
2022070900100515,2022년 7월 9일 21시,토요일,부산광역시 사하구 괴정동,경상사고,0,0,2,0,차대차 - 추돌,안전운전불이행,건조,맑음,단일로 - 지하차도(도로)내,승용,남,19세,기타불명,승용,남,74세,상해없음
2022070900100516,2022년 7월 9일 21시,토요일,부산광역시 사상구 덕포동,중상사고,0,2,1,0,차대차 - 정면충돌,신호위반,건조,맑음,교차로 - 교차로안,승용,남,31세,상해없음,승용,남,56세,경상
2022070900100571,2022년 7월 9일 23시,토요일,부산광역시 서구 암남동,경상사고,0,0,1,0,차대차 - 기타,중앙선침범,건조,맑음,교차로 - 교차로안,개인형이동수단(PM),여,17세,상해없음,승용,남,38세,경상
2022071000100006,2022년 7월 10일 00시,일요일,부산광역시 부산진구 범천동,경상사고,0,0,1,0,차대사람 - 기타,안전운전불이행,건조,맑음,기타 - 기타,승용,남,70세,상해없음,보행자,여,23세,경상
2022071000100062,2022년 7월 10일 04시,일요일,부산광역시 사상구 주례동,중상사고,0,1,0,0,차대사람 - 기타,안전운전불이행,건조,맑음,기타 - 기타,승용,남,49세,상해없음,보행자,남,45세,중상
2022071000100084,2022년 7월 10일 08시,일요일,부산광역시 금정구 구서동,중상사고,0,1,0,0,차대차 - 추돌,안전운전불이행,건조,맑음,단일로 - 기타,승용,남,79세,상해없음,승용,남,49세,기타불명
2022071000100143,2022년 7월 10일 11시,일요일,부산광역시 동구 초량동,경상사고,0,0,1,0,차대차 - 측면충돌,안전운전불이행,건조,맑음,교차로 - 교차로부근,승용,남,67세,경상,승용,여,56세,상해없음
2022071000100171,2022년 7월 10일 12시,일요일,부산광역시 금정구 구서동,경상사고,0,0,1,0,차대차 - 기타,신호위반,건조,맑음,단일로 - 기타,승용,남,41세,상해없음,승용,남,62세,경상
2022071000100172,2022년 7월 10일 12시,일요일,부산광역시 사하구 괴정동,부상신고사고,0,0,0,1,차대차 - 추돌,안전거리미확보,건조,맑음,단일로 - 기타,승용,남,51세,상해없음,승용,남,43세,상해없음
2022071000100196,2022년 7월 10일 13시,일요일,부산광역시 해운대구 송정동,중상사고,0,1,0,0,차량단독 - 기타,안전운전불이행,건조,맑음,단일로 - 기타,승합,남,32세,상해없음,,,,
2022071000100197,2022년 7월 10일 13시,일요일,부산광역시 연제구 거제동,경상사고,0,0,1,0,차대차 - 기타,안전거리미확보,건조,맑음,단일로 - 기타,승용,남,50세,상해없음,승합,남,56세,상해없음
2022071000100225,2022년 7월 10일 14시,일요일,부산광역시 강서구 명지동,중상사고,0,1,0,0,차대차 - 기타,직진우회전진행방해,건조,맑음,교차로 - 교차로안,승용,남,61세,기타불명,자전거,남,15세,중상
2022071000100253,2022년 7월 10일 15시,일요일,부산광역시 사상구 주례동,경상사고,0,0,1,0,차대사람 - 보도통행중,보행자보호의무위반,건조,맑음,교차로 - 교차로횡단보도내,승용,남,49세,기타불명,보행자,여,55세,경상
2022071000100284,2022년 7월 10일 16시,일요일,부산광역시 수영구 민락동,중상사고,0,1,0,0,차대사람 - 길가장자리구역통행중,안전운전불이행,건조,맑음,단일로 - 기타,승용,남,30세,상해없음,보행자,남,44세,중상
2022071000100285,2022년 7월 10일 16시,일요일,부산광역시 남구 대연동,경상사고,0,0,1,0,차대차 - 기타,안전운전불이행,건조,맑음,단일로 - 기타,승용,남,45세,상해없음,승용,남,76세,경상
2022071000100286,2022년 7월 10일 16시,일요일,부산광역시 남구 대연동,경상사고,0,0,5,0,차대차 - 기타,안전거리미확보,건조,맑음,단일로 - 기타,승용,남,65세,기타불명,승용,남,62세,경상
2022071000100287,2022년 7월 10일 16시,일요일,부산광역시 부산진구 전포동,경상사고,0,0,2,0,차대차 - 기타,안전운전불이행,건조,맑음,교차로 - 교차로부근,승용,남,40세,상해없음,승용,여,32세,경상
2022071000100311,2022년 7월 10일 17시,일요일,부산광역시 해운대구 송정동,경상사고,0,0,1,0,차대차 - 측면충돌,안전운전불이행,건조,맑음,단일로 - 기타,승용,여,47세,상해없음,승용,남,63세,경상
2022071000100312,2022년 7월 10일 17시,일요일,부산광역시 금정구 남산동,경상사고,0,0,1,0,차대차 - 기타,기타,건조,맑음,기타 - 기타,원동기,남,62세,경상,승용,남,55세,상해없음
2022071000100313,2022년 7월 10일 17시,일요일,부산광역시 사상구 주례동,경상사고,0,0,1,0,차량단독 - 기타,안전운전불이행,건조,맑음,단일로 - 기타,개인형이동수단(PM),남,17세,경상,,,,
2022071000100338,2022년 7월 10일 18시,일요일,부산광역시 영도구 영선동4가,경상사고,0,0,1,0,차대사람 - 기타,안전운전불이행,건조,맑음,기타 - 기타,승용,남,64세,상해없음,보행자,여,80세,경상
2022071000100339,2022년 7월 10일 18시,일요일,부산광역시 금정구 장전동,경상사고,0,0,1,0,차대차 - 기타,직진우회전진행방해,건조,맑음,교차로 - 교차로안,승용,여,57세,상해없음,이륜,남,24세,경상
2022071000100356,2022년 7월 10일 19시,일요일,부산광역시 금정구 청룡동,경상사고,0,0,3,0,차대차 - 기타,안전운전불이행,건조,맑음,교차로 - 교차로안,승용,여,61세,경상,승용,남,50세,경상
2022071000100393,2022년 7월 10일 21시,일요일,부산광역시 금정구 서동,경상사고,0,0,1,0,차대차 - 추돌,안전거리미확보,기타,맑음,교차로 - 교차로안,승용,남,67세,상해없음,승용,여,54세,경상
2022071000100417,2022년 7월 10일 22시,일요일,부산광역시 강서구 화전동,경상사고,0,0,1,0,차대차 - 추돌,안전운전불이행,건조,맑음,교차로 - 교차로안,승용,남,31세,기타불명,승용,남,56세,경상
2022071100100011,2022년 7월 11일 01시,월요일,부산광역시 수영구 광안동,중상사고,0,1,0,0,차대차 - 기타,안전거리미확보,건조,맑음,교차로 - 교차로부근,승용,남,63세,상해없음,이륜,남,40세,중상
2022071100100032,2022년 7월 11일 06시,월요일,부산광역시 동래구 사직동,중상사고,0,1,2,0,차대차 - 추돌,안전운전불이행,건조,맑음,교차로 - 교차로안,승용,남,40세,상해없음,화물,남,39세,중상
2022071100100074,2022년 7월 11일 08시,월요일,부산광역시 남구 대연동,경상사고,0,0,2,0,차대차 - 추돌,안전운전불이행,건조,맑음,단일로 - 기타,승용,여,52세,상해없음,승용,남,44세,경상
2022071100100075,2022년 7월 11일 08시,월요일,부산광역시 남구 대연동,경상사고,0,0,3,0,차대차 - 기타,안전운전불이행,건조,맑음,기타 - 기타,승용,여,73세,상해없음,승용,여,53세,경상
2022071100100076,2022년 7월 11일 08시,월요일,부산광역시 해운대구 반여동,중상사고,0,1,0,0,차대차 - 추돌,안전거리미확보,건조,맑음,교차로 - 교차로부근,승용,여,36세,상해없음,승용,남,49세,중상
2022071100100077,2022년 7월 11일 08시,월요일,부산광역시 부산진구 범천동,경상사고,0,0,1,0,차대차 - 기타,안전운전불이행,젖음/습기,비,교차로 - 교차로안,승용,남,58세,상해없음,승용,남,미분류,기타불명
2022071100100078,2022년 7월 11일 08시,월요일,부산광역시 금정구 금사동,중상사고,0,1,0,0,차대사람 - 횡단중,안전운전불이행,건조,맑음,단일로 - 기타,화물,남,36세,상해없음,보행자,남,15세,중상
2022071100100079,2022년 7월 11일 08시,월요일,부산광역시 금정구 장전동,경상사고,0,0,1,0,차대사람 - 길가장자리구역통행중,안전운전불이행,젖음/습기,비,단일로 - 기타,승용,여,61세,상해없음,보행자,여,24세,경상
2.02207E+15,2022년 7월 11일 08시,월요일,부산광역시 연제구 연산동,경상사고,0,0,1,0,차대차 - 측면충돌,교차로운행방법위반,건조,맑음,교차로 - 교차로안,승용,여,59세,상해없음,승용,남,39세,경상
2022071100100151,2022년 7월 11일 10시,월요일,부산광역시 부산진구 부전동,경상사고,0,0,2,0,차대차 - 측면충돌,교차로운행방법위반,건조,맑음,교차로 - 교차로안,승용,남,74세,경상,승용,남,33세,경상
2022071100100152,2022년 7월 11일 10시,월요일,부산광역시 금정구 회동동,경상사고,0,0,1,0,차대차 - 측면충돌,차로위반,건조,맑음,기타 - 기타,건설기계,남,66세,상해없음,승용,남,46세,경상
2022071100100153,2022년 7월 11일 10시,월요일,부산광역시 강서구 대저2동,경상사고,0,0,2,0,차대차 - 기타,신호위반,젖음/습기,비,교차로 - 교차로안,승용,여,40세,경상,특수,남,41세,경상
2022071100100188,2022년 7월 11일 11시,월요일,부산광역시 부산진구 가야동,경상사고,0,0,1,0,차대사람 - 기타,안전운전불이행,젖음/습기,비,단일로 - 기타,승용,여,42세,상해없음,보행자,남,73세,경상
2.02207E+15,2022년 7월 11일 12시,월요일,부산광역시 남구 용호동,중상사고,0,1,0,0,차량단독 - 기타,기타,젖음/습기,비,교차로 - 교차로안,승합,남,27세,상해없음,,,,