사고번호,사고일시,요일,시군구,사고내용,사망자수,중상자수,경상자수,부상신고자수,사고유형,법규위반,노면상태,기상상태,도로형태,가해운전자 차종,가해운전자 성별,가해운전자 연령,가해운전자 상해정도,피해운전자 차종,피해운전자 성별,피해운전자 연령,피해운전자 상해정도
2022071100100232,2022년 7월 11일 12시,월요일,부산광역시 연제구 연산동,경상사고,0,0,1,0,차대차 - 추돌,안전운전불이행,건조,맑음,단일로 - 기타,화물,남,46세,상해없음,승용,남,65세,경상
2022071100100283,2022년 7월 11일 13시,월요일,부산광역시 영도구 동삼동,중상사고,0,1,0,0,차량단독 - 전도전복 - 전도,안전운전불이행,젖음/습기,비,교차로 - 교차로부근,이륜,남,41세,중상,,,,
2022071100100284,2022년 7월 11일 13시,월요일,부산광역시 사상구 감전동,경상사고,0,0,1,0,차대차 - 측면충돌,안전운전불이행,건조,맑음,교차로 - 교차로부근,화물,남,44세,상해없음,승용,남,56세,경상
2022071100100346,2022년 7월 11일 15시,월요일,부산광역시 영도구 남항동2가,경상사고,0,0,1,0,차대차 - 측면충돌,안전운전불이행,건조,맑음,단일로 - 기타,승용,여,44세,상해없음,승용,남,63세,경상
2022071100100347,2022년 7월 11일 15시,월요일,부산광역시 사하구 장림동,경상사고,0,0,1,0,차대차 - 기타,안전운전불이행,건조,맑음,교차로 - 교차로안,화물,남,38세,상해없음,승용,남,51세,경상
2022071100100376,2022년 7월 11일 16시,월요일,부산광역시 해운대구 재송동,중상사고,0,1,1,0,차대차 - 기타,안전운전불이행,젖음/습기,비,교차로 - 교차로안,승용,여,60세,중상,승용,남,28세,경상
2.02207E+15,2022년 7월 11일 18시,월요일,부산광역시 중구 보수동1가,경상사고,0,0,1,0,차대차 - 기타,안전운전불이행,건조,맑음,단일로 - 기타,자전거,남,11세,경상,승용,남,59세,상해없음
2022071100100471,2022년 7월 11일 18시,월요일,부산광역시 서구 동대신동3가,부상신고사고,0,0,0,1,차대차 - 측면충돌,교차로운행방법위반,건조,맑음,교차로 - 교차로부근,원동기,남,80세,부상신고,승용,남,41세,상해없음
2022071100100472,2022년 7월 11일 18시,월요일,부산광역시 동래구 낙민동,경상사고,0,0,1,0,차대차 - 측면충돌,신호위반,건조,맑음,교차로 - 교차로부근,원동기,남,47세,상해없음,승용,남,36세,경상
2022071100100473,2022년 7월 11일 18시,월요일,부산광역시 동래구 온천동,중상사고,0,1,2,0,차대차 - 정면충돌,중앙선침범,건조,맑음,단일로 - 터널,승용,여,34세,상해없음,승용,남,40세,상해없음
2022071100100474,2022년 7월 11일 18시,월요일,부산광역시 동래구 안락동,경상사고,0,0,1,0,차대사람 - 횡단중,보행자보호의무위반,건조,맑음,단일로 - 기타,승용,남,29세,상해없음,보행자,여,30세,경상
2.02207E+15,2022년 7월 11일 19시,월요일,부산광역시 북구 구포동,경상사고,0,0,1,0,차대차 - 추돌,안전거리미확보,건조,맑음,단일로 - 기타,승용,남,23세,상해없음,승용,남,25세,경상
2022071100100582,2022년 7월 11일 22시,월요일,부산광역시 남구 용호동,중상사고,0,1,0,0,차대사람 - 길가장자리구역통행중,안전운전불이행,건조,맑음,단일로 - 기타,승합,남,64세,상해없음,보행자,남,41세,중상
2022071100100583,2022년 7월 11일 22시,월요일,부산광역시 북구 화명동,경상사고,0,0,1,0,차대차 - 추돌,안전운전불이행,건조,맑음,교차로 - 교차로부근,승용,남,18세,상해없음,승용,남,68세,경상
2022071200100032,2022년 7월 12일 05시,화요일,부산광역시 사하구 신평동,부상신고사고,0,0,0,1,차대차 - 기타,안전운전불이행,건조,맑음,교차로 - 교차로안,자전거,남,44세,부상신고,기타불명,기타불명,미분류,기타불명
2022071200100053,2022년 7월 12일 07시,화요일,부산광역시 기장군 정관읍,경상사고,0,0,1,0,차대차 - 기타,신호위반,건조,맑음,교차로 - 교차로안,화물,남,68세,상해없음,승용,남,53세,경상
2022071200100073,2022년 7월 12일 08시,화요일,부산광역시 부산진구 가야동,경상사고,0,0,1,0,차대차 - 측면충돌,안전운전불이행,건조,맑음,단일로 - 기타,승용,여,54세,상해없음,승용,남,39세,경상
2022071200100074,2022년 7월 12일 08시,화요일,부산광역시 연제구 거제동,중상사고,0,1,0,1,차대차 - 기타,안전운전불이행,건조,맑음,단일로 - 기타,자전거,남,40세,부상신고,승합,남,71세,상해없음
2022071200100119,2022년 7월 12일 09시,화요일,부산광역시 부산진구 개금동,중상사고,0,1,0,0,차대사람 - 기타,안전운전불이행,건조,맑음,단일로 - 기타,승합,남,60세,상해없음,보행자,남,3세,중상
2.02207E+15,2022년 7월 12일 09시,화요일,부산광역시 연제구 연산동,경상사고,0,0,1,0,차대차 - 추돌,안전운전불이행,건조,맑음,교차로 - 교차로부근,화물,남,55세,상해없음,승용,여,45세,경상
2022071200100176,2022년 7월 12일 11시,화요일,부산광역시 서구 암남동,경상사고,0,0,1,0,차대차 - 추돌,안전운전불이행,건조,맑음,교차로 - 교차로부근,승합,남,24세,상해없음,승용,여,59세,경상
2022071200100177,2022년 7월 12일 11시,화요일,부산광역시 해운대구 우동,경상사고,0,0,1,0,차대차 - 측면충돌,신호위반,건조,맑음,교차로 - 교차로안,승용,여,48세,상해없음,이륜,남,39세,경상
2022071200100197,2022년 7월 12일 12시,화요일,부산광역시 부산진구 부암동,중상사고,0,1,0,0,차대차 - 측면충돌,안전운전불이행,건조,맑음,교차로 - 교차로부근,승용,여,42세,상해없음,승용,여,53세,중상
2022071200100198,2022년 7월 12일 12시,화요일,부산광역시 기장군 일광읍,경상사고,0,0,1,0,차대차 - 추돌,안전운전불이행,건조,맑음,단일로 - 기타,건설기계,남,41세,상해없음,화물,남,80세,경상
2022071200100246,2022년 7월 12일 14시,화요일,부산광역시 부산진구 연지동,경상사고,0,0,1,0,차대차 - 기타,안전거리미확보,건조,맑음,단일로 - 기타,승용,남,66세,상해없음,승용,여,48세,경상
2022071200100247,2022년 7월 12일 14시,화요일,부산광역시 기장군 기장읍,중상사고,0,1,0,0,차대사람 - 기타,안전운전불이행,건조,맑음,단일로 - 지하차도(도로)내,승합,남,63세,상해없음,보행자,여,67세,중상
2022071200100281,2022년 7월 12일 15시,화요일,부산광역시 남구 문현동,경상사고,0,0,1,0,차대차 - 기타,직진우회전진행방해,건조,맑음,교차로 - 교차로안,승용,여,56세,경상,화물,남,60세,상해없음
2022071200100282,2022년 7월 12일 15시,화요일,부산광역시 부산진구 부전동,경상사고,0,0,1,0,차대차 - 기타,안전운전불이행,건조,맑음,단일로 - 기타,승용,여,64세,상해없음,승용,여,27세,경상
2022071200100283,2022년 7월 12일 15시,화요일,부산광역시 사상구 주례동,중상사고,0,1,0,0,차대사람 - 기타,안전운전불이행,건조,맑음,교차로 - 교차로부근,승합,여,39세,상해없음,보행자,남,76세,중상
2022071200100343,2022년 7월 12일 17시,화요일,부산광역시 남구 문현동,중상사고,0,1,1,0,차대차 - 측면충돌,안전거리미확보,건조,맑음,단일로 - 기타,승용,여,41세,상해없음,이륜,남,24세,중상
2022071200100344,2022년 7월 12일 17시,화요일,부산광역시 부산진구 부전동,경상사고,0,0,2,0,차대차 - 측면충돌,안전운전불이행,건조,맑음,교차로 - 교차로안,승용,여,30세,경상,승용,남,49세,경상
2022071200100345,2022년 7월 12일 17시,화요일,부산광역시 사하구 장림동,경상사고,0,0,1,0,차대차 - 측면충돌,안전운전불이행,건조,맑음,단일로 - 기타,화물,남,66세,상해없음,승용,남,42세,경상
2022071200100386,2022년 7월 12일 18시,화요일,부산광역시 남구 감만동,경상사고,0,0,1,0,차대차 - 추돌,안전운전불이행,건조,맑음,단일로 - 기타,승용,남,69세,상해없음,승용,남,61세,경상
2022071200100387,2022년 7월 12일 18시,화요일,부산광역시 수영구 민락동,경상사고,0,0,3,0,차대차 - 기타,안전운전불이행,건조,맑음,교차로 - 교차로안,승용,남,52세,상해없음,승용,남,55세,상해없음
2022071200100388,2022년 7월 12일 18시,화요일,부산광역시 동래구 온천동,경상사고,0,0,1,0,차대차 - 측면충돌,안전운전불이행,건조,맑음,교차로 - 교차로부근,승합,남,66세,상해없음,자전거,남,75세,경상
2022071200100389,2022년 7월 12일 18시,화요일,부산광역시 연제구 연산동,경상사고,0,0,1,0,차대차 - 기타,안전운전불이행,건조,맑음,단일로 - 기타,승용,여,60세,상해없음,승용,남,31세,경상
2022071200100431,2022년 7월 12일 19시,화요일,부산광역시 금정구 장전동,경상사고,0,0,1,0,차대차 - 측면충돌,신호위반,건조,맑음,교차로 - 교차로부근,승용,남,28세,상해없음,원동기,남,33세,경상
2022071200100448,2022년 7월 12일 20시,화요일,부산광역시 부산진구 양정동,중상사고,0,1,0,0,차대사람 - 횡단중,보행자보호의무위반,건조,맑음,단일로 - 기타,승용,여,49세,상해없음,보행자,여,30세,중상
2022071200100449,2022년 7월 12일 20시,화요일,부산광역시 금정구 부곡동,경상사고,0,0,1,0,차대사람 - 기타,안전운전불이행,건조,맑음,단일로 - 기타,승용,여,55세,기타불명,보행자,남,60세,경상
2022071200100472,2022년 7월 12일 21시,화요일,부산광역시 동구 수정동,경상사고,0,0,1,0,차대사람 - 보도통행중,안전운전불이행,건조,맑음,교차로 - 교차로안,승용,남,70세,상해없음,보행자,남,56세,경상
2022071200100497,2022년 7월 12일 22시,화요일,부산광역시 서구 서대신동3가,부상신고사고,0,0,0,2,차대차 - 측면충돌,교차로운행방법위반,건조,맑음,교차로 - 교차로부근,승용,여,30세,부상신고,승용,남,64세,부상신고
2022071200100498,2022년 7월 12일 22시,화요일,부산광역시 동래구 수안동,경상사고,0,0,1,0,차대차 - 기타,안전운전불이행,건조,맑음,교차로 - 교차로부근,승용,남,65세,상해없음,이륜,남,64세,경상
2.02207E+15,2022년 7월 13일 06시,수요일,부산광역시 사상구 괘법동,경상사고,0,0,1,0,차대차 - 기타,안전거리미확보,건조,맑음,단일로 - 기타,화물,남,53세,상해없음,승용,남,33세,경상
2022071300100074,2022년 7월 13일 08시,수요일,부산광역시 동래구 안락동,경상사고,0,0,1,0,차대사람 - 횡단중,보행자보호의무위반,건조,맑음,교차로 - 교차로부근,승용,남,73세,상해없음,보행자,남,23세,경상
2022071300100075,2022년 7월 13일 08시,수요일,부산광역시 사하구 하단동,중상사고,0,1,0,0,차대차 - 기타,안전운전불이행,건조,맑음,단일로 - 지하차도(도로)내,승합,여,57세,상해없음,자전거,여,63세,중상
2022071300100076,2022년 7월 13일 08시,수요일,부산광역시 사하구 괴정동,부상신고사고,0,0,0,1,차대차 - 기타,안전운전불이행,건조,맑음,교차로 - 교차로안,승용,여,41세,상해없음,승용,남,33세,부상신고
2022071300100077,2022년 7월 13일 08시,수요일,부산광역시 강서구 명지동,중상사고,0,1,0,0,차대차 - 측면충돌,안전운전불이행,건조,맑음,교차로 - 교차로안,개인형이동수단(PM),남,24세,중상,승용,여,32세,상해없음
2022071300100118,2022년 7월 13일 09시,수요일,부산광역시 부산진구 부전동,중상사고,0,1,0,0,차대차 - 기타,안전운전불이행,건조,맑음,단일로 - 기타,화물,남,58세,상해없음,승용,여,49세,중상
2022071300100169,2022년 7월 13일 11시,수요일,부산광역시 동구 초량동,중상사고,0,1,1,0,차대차 - 측면충돌,안전운전불이행,건조,맑음,교차로 - 교차로부근,승용,남,58세,경상,건설기계,남,31세,중상
2.02207E+15,2022년 7월 13일 11시,수요일,부산광역시 수영구 남천동,경상사고,0,0,1,0,차대차 - 기타,안전운전불이행,건조,맑음,단일로 - 기타,승용,남,78세,상해없음,승용,여,63세,경상
2022071300100171,2022년 7월 13일 11시,수요일,부산광역시 부산진구 가야동,경상사고,0,0,2,0,차대차 - 기타,신호위반,건조,맑음,교차로 - 교차로안,승용,여,52세,상해없음,승용,여,57세,경상
2022071300100222,2022년 7월 13일 13시,수요일,부산광역시 강서구 지사동,경상사고,0,0,1,0,차대차 - 기타,안전운전불이행,건조,맑음,교차로 - 교차로부근,화물,남,28세,상해없음,화물,남,67세,상해없음
2022071300100281,2022년 7월 13일 15시,수요일,부산광역시 사하구 당리동,중상사고,0,1,0,0,차대차 - 측면충돌,교차로운행방법위반,건조,맑음,교차로 - 교차로부근,승용,여,66세,상해없음,이륜,남,25세,중상
2022071300100282,2022년 7월 13일 15시,수요일,부산광역시 사상구 주례동,중상사고,0,1,0,0,차량단독 - 기타,안전운전불이행,건조,맑음,단일로 - 기타,이륜,남,70세,중상,,,,
2022071300100319,2022년 7월 13일 16시,수요일,부산광역시 수영구 남천동,중상사고,0,1,0,0,차대차 - 측면충돌,신호위반,건조,맑음,교차로 - 교차로안,승용,남,59세,상해없음,이륜,남,26세,중상
2.02207E+15,2022년 7월 13일 16시,수요일,부산광역시 사하구 다대동,중상사고,0,1,0,0,차대차 - 기타,안전운전불이행,건조,맑음,교차로 - 교차로부근,이륜,남,18세,상해없음,승합,남,54세,상해없음
2022071300100407,2022년 7월 13일 18시,수요일,부산광역시 영도구 동삼동,경상사고,0,0,3,0,차대차 - 추돌,안전운전불이행,건조,흐림,교차로 - 교차로부근,승용,남,55세,상해없음,승용,남,57세,경상
2022071300100445,2022년 7월 13일 19시,수요일,부산광역시 부산진구 부전동,중상사고,0,1,1,0,차대사람 - 횡단중,보행자보호의무위반,건조,맑음,교차로 - 교차로부근,승용,남,55세,상해없음,보행자,여,25세,중상
2022071300100446,2022년 7월 13일 19시,수요일,부산광역시 기장군 정관읍,부상신고사고,0,0,0,1,차대차 - 기타,안전운전불이행,건조,맑음,교차로 - 교차로안,승용,여,48세,상해없음,이륜,남,50세,부상신고
2022071300100481,2022년 7월 13일 20시,수요일,부산광역시 남구 대연동,경상사고,0,0,1,0,차대차 - 측면충돌,교차로운행방법위반,건조,맑음,교차로 - 교차로부근,승용,남,79세,상해없음,승용,남,37세,경상
2022071300100538,2022년 7월 13일 22시,수요일,부산광역시 사하구 하단동,중상사고,0,1,0,0,차대사람 - 차도통행중,안전운전불이행,건조,맑음,단일로 - 기타,이륜,남,20세,상해없음,보행자,여,25세,중상
2022071400100007,2022년 7월 14일 00시,목요일,부산광역시 기장군 정관읍,경상사고,0,0,1,1,차대차 - 추돌,안전운전불이행,젖음/습기,비,교차로 - 교차로안,승용,남,30세,기타불명,화물,남,63세,경상
2022071400100051,2022년 7월 14일 05시,목요일,부산광역시 수영구 남천동,경상사고,0,0,1,0,차대차 - 측면충돌,안전운전불이행,건조,맑음,단일로 - 기타,이륜,남,21세,상해없음,승용,남,34세,경상
2022071400100105,2022년 7월 14일 08시,목요일,부산광역시 북구 금곡동,경상사고,0,0,1,0,차대차 - 추돌,안전운전불이행,건조,맑음,단일로 - 기타,승용,여,44세,상해없음,승용,남,41세,경상
2022071400100106,2022년 7월 14일 08시,목요일,부산광역시 사하구 하단동,중상사고,0,2,0,0,차대차 - 추돌,안전거리미확보,건조,맑음,단일로 - 기타,건설기계,남,61세,상해없음,승용,남,63세,중상
2022071400100145,2022년 7월 14일 09시,목요일,부산광역시 해운대구 우동,경상사고,0,0,1,0,차대차 - 측면충돌,교차로운행방법위반,건조,맑음,교차로 - 교차로안,화물,남,54세,기타불명,승용,남,69세,경상
2022071400100146,2022년 7월 14일 09시,목요일,부산광역시 사하구 장림동,경상사고,0,0,1,0,차대사람 - 기타,기타,건조,맑음,단일로 - 기타,승합,남,71세,상해없음,보행자,여,43세,경상
2022071400100187,2022년 7월 14일 10시,목요일,부산광역시 서구 토성동1가,경상사고,0,0,1,0,차대사람 - 횡단중,신호위반,건조,맑음,단일로 - 기타,이륜,남,77세,상해없음,보행자,여,67세,경상
2022071400100188,2022년 7월 14일 10시,목요일,부산광역시 영도구 청학동,경상사고,0,0,1,0,차대차 - 측면충돌,신호위반,젖음/습기,흐림,단일로 - 지하차도(도로)내,승용,남,48세,상해없음,화물,남,59세,경상
2022071400100189,2022년 7월 14일 10시,목요일,부산광역시 해운대구 재송동,사망사고,1,0,0,0,차대사람 - 길가장자리구역통행중,안전운전불이행,건조,맑음,단일로 - 기타,화물,남,41세,상해없음,보행자,여,86세,사망
2022071400100215,2022년 7월 14일 11시,목요일,부산광역시 수영구 광안동,경상사고,0,0,1,0,차대사람 - 기타,안전운전불이행,건조,맑음,교차로 - 교차로부근,승합,남,39세,기타불명,보행자,여,74세,경상
2022071400100242,2022년 7월 14일 12시,목요일,부산광역시 연제구 연산동,중상사고,0,1,0,0,차대사람 - 횡단중,보행자보호의무위반,건조,맑음,교차로 - 교차로횡단보도내,승용,남,62세,상해없음,보행자,여,25세,중상
2.02207E+15,2022년 7월 14일 13시,목요일,부산광역시 남구 대연동,경상사고,0,0,1,0,차대사람 - 길가장자리구역통행중,안전운전불이행,건조,맑음,교차로 - 교차로부근,승용,여,70세,상해없음,보행자,여,19세,경상
2022071400100271,2022년 7월 14일 13시,목요일,부산광역시 금정구 부곡동,경상사고,0,0,1,0,차대차 - 기타,차로위반,건조,맑음,단일로 - 기타,승용,여,52세,상해없음,승용,남,59세,경상
2022071400100299,2022년 7월 14일 14시,목요일,부산광역시 남구 대연동,부상신고사고,0,0,0,1,차대차 - 추돌,안전운전불이행,건조,맑음,교차로 - 교차로부근,승용,남,56세,상해없음,화물,남,36세,부상신고
2.02207E+15,2022년 7월 14일 14시,목요일,부산광역시 부산진구 개금동,경상사고,0,0,3,0,차대차 - 추돌,안전운전불이행,건조,맑음,기타 - 기타,승용,남,65세,상해없음,승용,남,39세,경상
2022071400100422,2022년 7월 14일 17시,목요일,부산광역시 북구 화명동,중상사고,0,1,0,0,차대차 - 추돌,안전운전불이행,건조,맑음,교차로 - 교차로부근,승용,남,23세,기타불명,이륜,남,49세,중상
2022071400100423,2022년 7월 14일 17시,목요일,부산광역시 수영구 수영동,경상사고,0,0,1,0,차대차 - 기타,안전운전불이행,건조,맑음,단일로 - 기타,승용,여,51세,상해없음,승용,여,55세,경상
2022071400100555,2022년 7월 14일 20시,목요일,부산광역시 사하구 다대동,경상사고,0,0,4,0,차대차 - 추돌,안전운전불이행,건조,맑음,단일로 - 기타,승용,남,21세,상해없음,승용,남,32세,경상
2022071400100597,2022년 7월 14일 21시,목요일,부산광역시 서구 동대신동3가,경상사고,0,0,1,0,차대차 - 측면충돌,직진우회전진행방해,건조,맑음,교차로 - 교차로부근,승용,남,29세,상해없음,승용,여,55세,경상
2022071400100598,2022년 7월 14일 21시,목요일,부산광역시 부산진구 당감동,경상사고,0,0,1,0,차대사람 - 횡단중,보행자보호의무위반,건조,맑음,단일로 - 기타,승용,남,61세,상해없음,보행자,남,32세,경상
2022071400100599,2022년 7월 14일 21시,목요일,부산광역시 기장군 정관읍,경상사고,0,0,1,0,차대차 - 기타,안전운전불이행,건조,맑음,교차로 - 교차로부근,화물,남,44세,상해없음,이륜,남,49세,경상
2022071400100622,2022년 7월 14일 22시,목요일,부산광역시 연제구 연산동,경상사고,0,0,1,0,차대사람 - 기타,안전운전불이행,건조,맑음,단일로 - 기타,승용,남,65세,상해없음,보행자,남,31세,경상
2022071500100004,2022년 7월 15일 00시,금요일,부산광역시 남구 대연동,경상사고,0,0,1,0,차대차 - 추돌,안전운전불이행,건조,맑음,교차로 - 교차로부근,승용,남,30세,상해없음,승용,남,56세,경상
2022071500100005,2022년 7월 15일 00시,금요일,부산광역시 부산진구 초읍동,부상신고사고,0,0,0,1,차량단독 - 전도전복 - 전도,안전운전불이행,건조,맑음,단일로 - 기타,이륜,남,34세,부상신고,,,,
2022071500100006,2022년 7월 15일 00시,금요일,부산광역시 부산진구 범천동,경상사고,0,0,1,0,차대차 - 추돌,안전운전불이행,건조,맑음,교차로 - 교차로부근,승용,남,23세,상해없음,이륜,남,27세,경상
2022071500100013,2022년 7월 15일 01시,금요일,부산광역시 서구 동대신동2가,중상사고,0,1,0,0,차대사람 - 횡단중,안전운전불이행,건조,맑음,단일로 - 기타,승용,남,70세,상해없음,보행자,여,26세,중상
2.02207E+15,2022년 7월 15일 06시,금요일,부산광역시 사상구 괘법동,중상사고,0,1,1,0,차대차 - 정면충돌,신호위반,건조,맑음,교차로 - 교차로안,승합,남,71세,상해없음,승용,남,41세,경상
2.02207E+15,2022년 7월 15일 08시,금요일,부산광역시 부산진구 가야동,중상사고,0,1,0,0,차대사람 - 횡단중,안전운전불이행,건조,맑음,교차로 - 교차로부근,승용,남,45세,상해없음,보행자,여,55세,중상
2022071500100071,2022년 7월 15일 08시,금요일,부산광역시 금정구 장전동,중상사고,0,1,0,0,차대사람 - 횡단중,보행자보호의무위반,건조,맑음,교차로 - 교차로횡단보도내,승용,남,62세,상해없음,보행자,남,34세,중상
2022071500100116,2022년 7월 15일 09시,금요일,부산광역시 수영구 광안동,경상사고,0,0,2,0,차대차 - 기타,안전운전불이행,건조,맑음,교차로 - 교차로부근,승용,여,70세,상해없음,승용,여,49세,경상
2022071500100148,2022년 7월 15일 10시,금요일,부산광역시 부산진구 부전동,중상사고,0,1,0,0,차대사람 - 기타,안전운전불이행,건조,맑음,기타 - 기타,개인형이동수단(PM),남,20세,기타불명,보행자,남,59세,중상
2022071500100184,2022년 7월 15일 11시,금요일,부산광역시 서구 충무동1가,경상사고,0,0,1,0,차대차 - 측면충돌,안전거리미확보,건조,맑음,교차로 - 교차로부근,승용,남,67세,상해없음,화물,남,54세,경상
2022071500100185,2022년 7월 15일 11시,금요일,부산광역시 연제구 거제동,중상사고,0,1,0,0,차대사람 - 차도통행중,교차로운행방법위반,건조,맑음,교차로 - 교차로부근,이륜,남,23세,상해없음,보행자,여,54세,중상
2022071500100212,2022년 7월 15일 12시,금요일,부산광역시 사상구 모라동,중상사고,0,1,0,0,차대차 - 측면충돌,신호위반,건조,맑음,교차로 - 교차로안,승용,남,28세,상해없음,이륜,남,53세,중상
2022071500100273,2022년 7월 15일 14시,금요일,부산광역시 동구 수정동,경상사고,0,0,1,0,차대차 - 기타,차로위반,건조,맑음,교차로 - 교차로부근,승용,여,66세,상해없음,승합,남,66세,상해없음
2022071500100274,2022년 7월 15일 14시,금요일,부산광역시 북구 구포동,경상사고,0,0,1,0,차대차 - 측면충돌,교차로운행방법위반,건조,맑음,교차로 - 교차로안,원동기,여,51세,상해없음,승용,여,56세,경상
2022071500100275,2022년 7월 15일 14시,금요일,부산광역시 금정구 장전동,경상사고,0,0,1,0,차대차 - 추돌,안전거리미확보,건조,맑음,단일로 - 기타,화물,남,48세,기타불명,승용,남,50세,경상
2022071500100276,2022년 7월 15일 14시,금요일,부산광역시 사하구 하단동,경상사고,0,0,1,0,차대차 - 기타,안전운전불이행,건조,맑음,주차장 - 주차장,승용,여,52세,상해없음,승용,남,25세,상해없음
2022071500100277,2022년 7월 15일 14시,금요일,부산광역시 수영구 망미동,중상사고,0,1,1,0,차대차 - 측면충돌,기타,건조,맑음,교차로 - 교차로부근,승용,남,72세,경상,승용,남,43세,중상
2022071500100278,2022년 7월 15일 14시,금요일,부산광역시 수영구 망미동,중상사고,0,1,0,0,차대사람 - 기타,안전운전불이행,건조,맑음,교차로 - 교차로부근,승용,남,72세,상해없음,보행자,남,43세,중상
2.02207E+15,2022년 7월 15일 15시,금요일,부산광역시 사상구 학장동,경상사고,0,0,1,0,차대차 - 추돌,안전거리미확보,건조,맑음,단일로 - 기타,승합,남,80세,상해없음,승용,여,40세,경상
2022071500100351,2022년 7월 15일 16시,금요일,부산광역시 동래구 수안동,경상사고,0,0,1,0,차대사람 - 횡단중,안전운전불이행,건조,맑음,단일로 - 기타,승용,여,59세,상해없음,보행자,여,49세,경상
2022071500100352,2022년 7월 15일 16시,금요일,부산광역시 금정구 구서동,경상사고,0,0,1,0,차대차 - 추돌,안전거리미확보,건조,맑음,교차로 - 교차로안,승용,여,64세,상해없음,승용,여,61세,경상
2022071500100391,2022년 7월 15일 17시,금요일,부산광역시 사하구 감천동,중상사고,0,1,0,0,차량단독 - 기타,기타,건조,맑음,단일로 - 기타,승합,남,42세,기타불명,,,,
2022071500100392,2022년 7월 15일 17시,금요일,부산광역시 사상구 엄궁동,경상사고,0,0,1,0,차대차 - 측면충돌,차로위반,건조,맑음,단일로 - 기타,승용,여,54세,상해없음,승용,여,42세,경상
2022071500100455,2022년 7월 15일 18시,금요일,부산광역시 해운대구 재송동,경상사고,0,0,1,0,차대사람 - 기타,보행자보호의무위반,건조,맑음,단일로 - 기타,이륜,남,25세,상해없음,보행자,여,54세,경상
2022071500100456,2022년 7월 15일 18시,금요일,부산광역시 금정구 남산동,경상사고,0,0,1,0,차대사람 - 기타,안전운전불이행,건조,맑음,기타 - 기타,화물,남,65세,상해없음,보행자,남,9세,경상
2022071500100457,2022년 7월 15일 18시,금요일,부산광역시 연제구 연산동,경상사고,0,0,1,0,차대차 - 측면충돌,신호위반,건조,맑음,단일로 - 기타,승용,여,49세,상해없음,이륜,남,22세,경상
2022071500100458,2022년 7월 15일 18시,금요일,부산광역시 연제구 거제동,경상사고,0,0,1,0,차대차 - 추돌,교차로운행방법위반,건조,맑음,교차로 - 교차로안,승용,여,56세,상해없음,승용,남,43세,경상
2022071500100459,2022년 7월 15일 18시,금요일,부산광역시 강서구 대저1동,경상사고,0,0,1,0,차대차 - 기타,안전운전불이행,건조,맑음,교차로 - 교차로부근,승용,여,44세,상해없음,이륜,남,64세,경상
2022071500100509,2022년 7월 15일 19시,금요일,부산광역시 부산진구 부암동,중상사고,0,1,0,0,차대차 - 기타,안전운전불이행,건조,맑음,교차로 - 교차로안,이륜,남,31세,상해없음,이륜,남,64세,중상
2.02207E+15,2022년 7월 15일 19시,금요일,부산광역시 기장군 정관읍,경상사고,0,0,1,0,차대사람 - 횡단중,안전운전불이행,건조,맑음,교차로 - 교차로부근,승용,여,44세,상해없음,보행자,남,13세,경상
2022071500100547,2022년 7월 15일 20시,금요일,부산광역시 해운대구 우동,경상사고,0,0,2,0,차대차 - 측면충돌,기타,건조,맑음,단일로 - 기타,화물,남,51세,상해없음,승용,남,33세,경상
2022071500100548,2022년 7월 15일 20시,금요일,부산광역시 해운대구 중동,경상사고,0,0,1,0,차대사람 - 기타,안전운전불이행,건조,맑음,교차로 - 교차로부근,이륜,기타불명,미분류,기타불명,보행자,남,34세,경상
2022071500100581,2022년 7월 15일 21시,금요일,부산광역시 남구 우암동,중상사고,0,1,0,0,차대사람 - 차도통행중,안전운전불이행,건조,맑음,단일로 - 기타,승용,남,36세,상해없음,보행자,남,65세,중상
2022071500100582,2022년 7월 15일 21시,금요일,부산광역시 남구 대연동,부상신고사고,0,0,0,1,차대차 - 기타,안전운전불이행,건조,맑음,단일로 - 기타,승용,남,68세,기타불명,화물,남,73세,부상신고
2022071500100612,2022년 7월 15일 22시,금요일,부산광역시 강서구 범방동,경상사고,0,0,1,0,차대차 - 추돌,안전운전불이행,건조,맑음,교차로 - 교차로부근,화물,남,64세,상해없음,승용,남,29세,경상
2022071500100613,2022년 7월 15일 22시,금요일,부산광역시 강서구 화전동,경상사고,0,0,1,0,차대차 - 기타,안전운전불이행,건조,맑음,교차로 - 교차로부근,이륜,남,39세,상해없음,승용,여,39세,경상
2022071500100641,2022년 7월 15일 23시,금요일,부산광역시 동구 범일동,경상사고,0,0,1,0,차대차 - 측면충돌,교차로운행방법위반,건조,맑음,교차로 - 교차로안,승용,여,52세,상해없음,승용,남,40세,경상
2022071600100004,2022년 7월 16일 00시,토요일,부산광역시 동구 범일동,경상사고,0,0,1,0,차대사람 - 차도통행중,안전운전불이행,건조,맑음,교차로 - 교차로안,승용,남,36세,상해없음,보행자,남,26세,경상