사고번호,사고일시,요일,시군구,사고내용,사망자수,중상자수,경상자수,부상신고자수,사고유형,법규위반,노면상태,기상상태,도로형태,가해운전자 차종,가해운전자 성별,가해운전자 연령,가해운전자 상해정도,피해운전자 차종,피해운전자 성별,피해운전자 연령,피해운전자 상해정도
2022071600100005,2022년 7월 16일 00시,토요일,부산광역시 기장군 기장읍,중상사고,0,1,0,0,차대사람 - 횡단중,보행자보호의무위반,건조,맑음,교차로 - 교차로안,승합,남,29세,상해없음,보행자,여,53세,중상
2022071600100023,2022년 7월 16일 01시,토요일,부산광역시 부산진구 부전동,중상사고,0,1,0,0,차대사람 - 보도통행중,기타,건조,맑음,단일로 - 기타,개인형이동수단(PM),여,24세,상해없음,보행자,여,64세,중상
2022071600100041,2022년 7월 16일 03시,토요일,부산광역시 수영구 광안동,경상사고,0,0,1,0,차대차 - 측면충돌,안전운전불이행,건조,맑음,교차로 - 교차로부근,승용,여,38세,상해없음,승용,남,50세,경상
2022071600100054,2022년 7월 16일 04시,토요일,부산광역시 사하구 하단동,중상사고,0,1,0,0,차대차 - 기타,안전운전불이행,건조,맑음,단일로 - 기타,승용,남,41세,상해없음,화물,남,53세,중상
2022071600100063,2022년 7월 16일 06시,토요일,부산광역시 동구 초량동,중상사고,0,1,0,0,차대차 - 측면충돌,교차로운행방법위반,건조,맑음,교차로 - 교차로안,승용,남,34세,상해없음,승용,남,61세,중상
2022071600100081,2022년 7월 16일 08시,토요일,부산광역시 금정구 부곡동,중상사고,0,1,0,0,차대차 - 측면충돌,직진우회전진행방해,건조,맑음,교차로 - 교차로안,승용,남,62세,상해없음,이륜,남,44세,중상
2022071600100101,2022년 7월 16일 09시,토요일,부산광역시 사하구 괴정동,경상사고,0,0,1,0,차대차 - 기타,직진우회전진행방해,건조,맑음,교차로 - 교차로안,승용,여,37세,기타불명,승용,남,53세,경상
2022071600100102,2022년 7월 16일 09시,토요일,부산광역시 기장군 장안읍,경상사고,0,0,1,0,차대차 - 측면충돌,중앙선침범,건조,맑음,단일로 - 기타,승용,남,79세,상해없음,승용,여,28세,경상
2022071600100124,2022년 7월 16일 10시,토요일,부산광역시 서구 서대신동2가,경상사고,0,0,1,0,차대사람 - 차도통행중,안전운전불이행,건조,맑음,단일로 - 지하차도(도로)내,승용,여,62세,상해없음,보행자,여,43세,경상
2022071600100125,2022년 7월 16일 10시,토요일,부산광역시 기장군 기장읍,중상사고,0,1,0,0,차대사람 - 차도통행중,안전운전불이행,건조,맑음,교차로 - 교차로안,승용,남,50세,상해없음,보행자,여,47세,중상
2022071600100156,2022년 7월 16일 11시,토요일,부산광역시 금정구 회동동,중상사고,0,1,1,0,차대차 - 기타,안전운전불이행,건조,맑음,기타 - 기타,특수,남,59세,상해없음,승용,남,78세,중상
2022071600100157,2022년 7월 16일 11시,토요일,부산광역시 사하구 하단동,경상사고,0,0,1,0,차대차 - 측면충돌,신호위반,건조,맑음,단일로 - 기타,이륜,남,44세,상해없음,승용,남,35세,경상
2022071600100193,2022년 7월 16일 12시,토요일,부산광역시 북구 덕천동,중상사고,0,1,0,0,차대차 - 기타,기타,건조,맑음,단일로 - 기타,승용,남,64세,상해없음,이륜,남,23세,중상
2022071600100194,2022년 7월 16일 12시,토요일,부산광역시 사하구 장림동,경상사고,0,0,1,0,차대차 - 기타,신호위반,건조,맑음,교차로 - 교차로안,승용,남,60세,상해없음,이륜,남,41세,경상
2022071600100223,2022년 7월 16일 13시,토요일,부산광역시 부산진구 전포동,경상사고,0,0,1,0,차대사람 - 기타,보행자보호의무위반,건조,맑음,교차로 - 교차로부근,승용,남,69세,상해없음,보행자,남,24세,경상
2022071600100224,2022년 7월 16일 13시,토요일,부산광역시 부산진구 당감동,경상사고,0,0,1,0,차대차 - 기타,안전거리미확보,건조,맑음,단일로 - 기타,승용,여,73세,상해없음,이륜,남,23세,경상
2022071600100225,2022년 7월 16일 13시,토요일,부산광역시 사상구 모라동,경상사고,0,0,1,0,차대차 - 기타,안전운전불이행,건조,맑음,기타 - 기타,승용,남,54세,기타불명,승용,남,57세,경상
2022071600100258,2022년 7월 16일 14시,토요일,부산광역시 동구 초량동,경상사고,0,0,1,0,차대사람 - 차도통행중,안전운전불이행,건조,맑음,단일로 - 기타,승용,여,20세,상해없음,보행자,남,25세,경상
2022071600100259,2022년 7월 16일 14시,토요일,부산광역시 남구 문현동,경상사고,0,0,2,0,차대차 - 측면충돌,안전운전불이행,건조,맑음,교차로 - 교차로안,특수,남,55세,상해없음,승용,남,74세,경상
2.02207E+15,2022년 7월 16일 14시,토요일,부산광역시 금정구 부곡동,경상사고,0,0,1,0,차대사람 - 기타,안전운전불이행,건조,맑음,단일로 - 기타,자전거,남,14세,상해없음,보행자,남,29세,경상
2022071600100261,2022년 7월 16일 14시,토요일,부산광역시 기장군 정관읍,경상사고,0,0,1,0,차대차 - 측면충돌,신호위반,건조,맑음,교차로 - 교차로부근,승용,남,59세,상해없음,이륜,남,33세,경상
2022071600100297,2022년 7월 16일 15시,토요일,부산광역시 남구 용호동,경상사고,0,0,1,0,차대차 - 기타,안전운전불이행,건조,맑음,단일로 - 교량,승용,남,32세,기타불명,승용,남,55세,경상
2022071600100343,2022년 7월 16일 16시,토요일,부산광역시 해운대구 석대동,중상사고,0,1,0,0,차대차 - 추돌,안전운전불이행,건조,맑음,단일로 - 고가도로위,승용,남,31세,상해없음,승용,남,59세,중상
2022071600100344,2022년 7월 16일 16시,토요일,부산광역시 기장군 기장읍,중상사고,0,1,0,0,차대차 - 추돌,안전운전불이행,건조,맑음,단일로 - 기타,승용,남,65세,상해없음,승용,남,63세,중상
2022071600100376,2022년 7월 16일 17시,토요일,부산광역시 중구 중앙동6가,경상사고,0,0,1,0,차량단독 - 기타,안전운전불이행,건조,맑음,교차로 - 교차로부근,승합,남,40세,상해없음,,,,
2022071600100409,2022년 7월 16일 18시,토요일,부산광역시 부산진구 가야동,경상사고,0,0,1,0,차대차 - 기타,신호위반,건조,맑음,교차로 - 교차로안,승용,남,39세,상해없음,이륜,남,66세,경상
2022071600100442,2022년 7월 16일 19시,토요일,부산광역시 서구 동대신동2가,중상사고,0,1,1,0,차대차 - 기타,불법유턴,건조,맑음,단일로 - 기타,승용,남,68세,상해없음,승합,남,61세,중상
2022071600100443,2022년 7월 16일 19시,토요일,부산광역시 서구 아미동2가,중상사고,0,2,3,0,차대차 - 측면충돌,교차로운행방법위반,건조,맑음,교차로 - 교차로안,승용,남,75세,상해없음,승용,남,59세,중상
2022071600100444,2022년 7월 16일 19시,토요일,부산광역시 사하구 괴정동,경상사고,0,0,1,0,차대차 - 후진중충돌,안전운전불이행,건조,맑음,단일로 - 기타,화물,남,62세,상해없음,승용,여,53세,경상
2022071600100475,2022년 7월 16일 20시,토요일,부산광역시 해운대구 중동,경상사고,0,0,1,0,차대차 - 측면충돌,교차로운행방법위반,건조,맑음,교차로 - 교차로안,승용,남,53세,상해없음,자전거,남,29세,경상
2022071600100514,2022년 7월 16일 22시,토요일,부산광역시 부산진구 부전동,경상사고,0,0,1,2,차대차 - 측면충돌,안전운전불이행,건조,맑음,교차로 - 교차로부근,승용,남,32세,상해없음,승용,남,32세,경상
2022071600100539,2022년 7월 16일 23시,토요일,부산광역시 중구 남포동6가,부상신고사고,0,0,0,1,차대차 - 측면충돌,신호위반,건조,맑음,단일로 - 기타,승용,남,69세,상해없음,승합,남,52세,상해없음
2.02207E+15,2022년 7월 16일 23시,토요일,부산광역시 동래구 온천동,경상사고,0,0,2,0,차대차 - 추돌,안전운전불이행,건조,맑음,단일로 - 기타,승용,남,24세,상해없음,승용,남,31세,경상
2022071700100003,2022년 7월 17일 00시,일요일,부산광역시 부산진구 범천동,중상사고,0,1,0,0,차대차 - 추돌,안전운전불이행,건조,맑음,단일로 - 교량,승용,남,49세,상해없음,이륜,남,29세,중상
2022071700100011,2022년 7월 17일 01시,일요일,부산광역시 동래구 온천동,중상사고,0,1,3,0,차대차 - 측면충돌,신호위반,건조,맑음,교차로 - 교차로안,승용,남,34세,기타불명,승용,남,65세,중상
2022071700100012,2022년 7월 17일 01시,일요일,부산광역시 부산진구 부전동,경상사고,0,0,1,0,차대사람 - 기타,안전운전불이행,건조,맑음,기타 - 기타,승용,남,29세,상해없음,보행자,여,25세,경상
2022071700100047,2022년 7월 17일 04시,일요일,부산광역시 부산진구 당감동,사망사고,1,0,0,0,차량단독 - 공작물충돌,안전운전불이행,건조,맑음,기타 - 기타,이륜,남,28세,사망,,,,
2022071700100081,2022년 7월 17일 09시,일요일,부산광역시 남구 감만동,경상사고,0,0,1,0,차대차 - 측면충돌,안전운전불이행,건조,맑음,교차로 - 교차로안,승용,남,78세,상해없음,승용,남,74세,경상
2022071700100082,2022년 7월 17일 09시,일요일,부산광역시 북구 구포동,경상사고,0,0,1,0,차대차 - 추돌,안전운전불이행,건조,맑음,기타 - 기타,승용,남,56세,상해없음,승용,여,77세,경상
2022071700100097,2022년 7월 17일 10시,일요일,부산광역시 북구 만덕동,경상사고,0,0,1,0,차대차 - 기타,안전운전불이행,건조,맑음,교차로 - 교차로안,승용,남,84세,상해없음,승용,남,65세,경상
2022071700100139,2022년 7월 17일 12시,일요일,부산광역시 강서구 화전동,중상사고,0,2,0,0,차대차 - 기타,직진우회전진행방해,건조,맑음,교차로 - 교차로안,승용,여,45세,상해없음,화물,남,60세,중상
2022071700100172,2022년 7월 17일 13시,일요일,부산광역시 수영구 광안동,경상사고,0,0,1,0,차대차 - 기타,안전운전불이행,건조,맑음,교차로 - 교차로안,이륜,남,24세,상해없음,승용,여,50세,경상
2022071700100173,2022년 7월 17일 13시,일요일,부산광역시 금정구 서동,중상사고,0,1,0,0,차대차 - 기타,안전운전불이행,건조,맑음,단일로 - 기타,승용,남,37세,상해없음,승용,여,61세,상해없음
2022071700100174,2022년 7월 17일 13시,일요일,부산광역시 사하구 하단동,경상사고,0,0,2,0,차대차 - 측면충돌,안전운전불이행,건조,맑음,단일로 - 기타,승용,여,46세,상해없음,승용,여,37세,경상
2022071700100204,2022년 7월 17일 14시,일요일,부산광역시 해운대구 중동,부상신고사고,0,0,0,1,차대차 - 추돌,안전운전불이행,건조,맑음,단일로 - 기타,기타불명,기타불명,미분류,기타불명,자전거,남,24세,부상신고
2022071700100227,2022년 7월 17일 15시,일요일,부산광역시 금정구 남산동,경상사고,0,0,3,0,차대차 - 추돌,안전운전불이행,건조,맑음,단일로 - 기타,승용,남,55세,기타불명,승용,여,52세,경상
2022071700100259,2022년 7월 17일 16시,일요일,부산광역시 수영구 광안동,경상사고,0,0,1,0,차대사람 - 기타,안전운전불이행,건조,맑음,주차장 - 주차장,승용,여,28세,상해없음,보행자,여,19세,경상
2.02207E+15,2022년 7월 17일 17시,일요일,부산광역시 북구 덕천동,경상사고,0,0,2,0,차대차 - 측면충돌,안전거리미확보,건조,맑음,단일로 - 지하차도(도로)내,승용,여,52세,상해없음,승용,남,58세,경상
2022071700100291,2022년 7월 17일 17시,일요일,부산광역시 해운대구 석대동,경상사고,0,0,2,0,차대차 - 추돌,안전운전불이행,건조,맑음,단일로 - 지하차도(도로)내,승합,남,60세,상해없음,승용,남,46세,경상
2022071700100292,2022년 7월 17일 17시,일요일,부산광역시 사하구 하단동,경상사고,0,0,1,0,차대차 - 추돌,안전운전불이행,건조,맑음,단일로 - 기타,승용,여,60세,상해없음,자전거,여,70세,경상
2022071700100293,2022년 7월 17일 17시,일요일,부산광역시 연제구 연산동,경상사고,0,0,1,0,차대사람 - 기타,안전운전불이행,건조,맑음,단일로 - 기타,승용,남,28세,상해없음,보행자,여,4세,경상
2022071700100377,2022년 7월 17일 20시,일요일,부산광역시 금정구 서동,부상신고사고,0,0,0,1,차대차 - 측면충돌,직진우회전진행방해,건조,맑음,교차로 - 교차로안,승용,남,72세,부상신고,승용,남,64세,상해없음
2022071700100409,2022년 7월 17일 21시,일요일,부산광역시 동구 초량동,경상사고,0,0,2,0,차대차 - 측면충돌,안전거리미확보,건조,맑음,단일로 - 기타,승용,남,58세,상해없음,승용,여,21세,경상
2.02207E+15,2022년 7월 18일 01시,월요일,부산광역시 부산진구 부암동,경상사고,0,0,1,0,차대차 - 측면충돌,신호위반,건조,흐림,교차로 - 교차로안,화물,남,48세,상해없음,이륜,남,23세,경상
2022071800100011,2022년 7월 18일 01시,월요일,부산광역시 기장군 장안읍,중상사고,0,1,0,0,차대사람 - 차도통행중,안전운전불이행,건조,맑음,단일로 - 기타,화물,여,71세,상해없음,보행자,남,19세,중상
2022071800100029,2022년 7월 18일 04시,월요일,부산광역시 수영구 남천동,중상사고,0,2,1,0,차대차 - 기타,신호위반,건조,맑음,교차로 - 교차로안,이륜,남,16세,중상,승용,남,39세,경상
2022071800100033,2022년 7월 18일 05시,월요일,부산광역시 동래구 사직동,경상사고,0,0,1,0,차대차 - 측면충돌,신호위반,젖음/습기,비,교차로 - 교차로안,이륜,남,23세,기타불명,자전거,남,68세,경상
2022071800100034,2022년 7월 18일 05시,월요일,부산광역시 강서구 대저1동,중상사고,0,1,1,0,차대차 - 측면충돌,중앙선침범,젖음/습기,비,단일로 - 기타,승용,남,30세,상해없음,승용,남,60세,중상
2022071800100035,2022년 7월 18일 05시,월요일,부산광역시 사상구 엄궁동,중상사고,0,2,0,0,차대차 - 기타,안전운전불이행,젖음/습기,비,단일로 - 기타,화물,남,58세,상해없음,화물,여,48세,중상
2022071800100083,2022년 7월 18일 08시,월요일,부산광역시 수영구 광안동,경상사고,0,0,2,0,차대차 - 측면충돌,안전거리미확보,젖음/습기,비,단일로 - 기타,승용,여,22세,상해없음,승용,남,69세,경상
2022071800100128,2022년 7월 18일 09시,월요일,부산광역시 동구 초량동,경상사고,0,0,1,0,차대사람 - 기타,보행자보호의무위반,젖음/습기,비,단일로 - 기타,화물,남,59세,상해없음,보행자,남,42세,경상
2022071800100129,2022년 7월 18일 09시,월요일,부산광역시 동구 범일동,경상사고,0,0,2,0,차대차 - 측면충돌,안전거리미확보,젖음/습기,비,단일로 - 기타,승용,남,76세,상해없음,승용,남,27세,경상
2.02207E+15,2022년 7월 18일 09시,월요일,부산광역시 연제구 거제동,경상사고,0,0,1,0,차대차 - 측면충돌,안전거리미확보,젖음/습기,비,단일로 - 기타,승용,여,31세,상해없음,승용,여,56세,경상
2022071800100131,2022년 7월 18일 09시,월요일,부산광역시 사상구 괘법동,경상사고,0,0,1,0,차대사람 - 횡단중,보행자보호의무위반,건조,맑음,교차로 - 교차로안,화물,남,56세,상해없음,보행자,여,19세,경상
2022071800100161,2022년 7월 18일 10시,월요일,부산광역시 수영구 광안동,경상사고,0,0,2,0,차대차 - 측면충돌,안전거리미확보,젖음/습기,비,단일로 - 기타,승용,남,45세,경상,승용,남,28세,경상
2022071800100162,2022년 7월 18일 10시,월요일,부산광역시 해운대구 반여동,경상사고,0,0,1,0,차대사람 - 기타,안전운전불이행,건조,맑음,교차로 - 교차로부근,화물,남,59세,상해없음,보행자,남,75세,경상
2022071800100163,2022년 7월 18일 10시,월요일,부산광역시 부산진구 가야동,경상사고,0,0,2,0,차대차 - 추돌,안전운전불이행,젖음/습기,비,단일로 - 터널,승용,남,61세,상해없음,특수,남,31세,경상
2022071800100189,2022년 7월 18일 11시,월요일,부산광역시 해운대구 재송동,경상사고,0,0,1,0,차대차 - 측면충돌,안전운전불이행,젖음/습기,비,단일로 - 기타,승용,남,73세,상해없음,이륜,남,28세,경상
2.02207E+15,2022년 7월 18일 11시,월요일,부산광역시 해운대구 반여동,중상사고,0,1,0,0,차대차 - 측면충돌,교차로운행방법위반,젖음/습기,비,교차로 - 교차로부근,승용,남,75세,상해없음,승용,여,49세,중상
2022071800100191,2022년 7월 18일 11시,월요일,부산광역시 부산진구 부전동,중상사고,0,1,0,0,차대차 - 측면충돌,신호위반,젖음/습기,비,교차로 - 교차로안,승용,남,61세,상해없음,자전거,남,62세,중상
2022071800100229,2022년 7월 18일 12시,월요일,부산광역시 강서구 대저1동,경상사고,0,0,1,0,차대차 - 후진중충돌,안전운전불이행,젖음/습기,비,교차로 - 교차로부근,승용,남,74세,상해없음,이륜,남,23세,경상
2022071800100269,2022년 7월 18일 13시,월요일,부산광역시 금정구 장전동,경상사고,0,0,1,0,차대차 - 기타,직진우회전진행방해,건조,맑음,교차로 - 교차로안,승용,남,60세,상해없음,원동기,남,41세,경상
2.02207E+15,2022년 7월 18일 13시,월요일,부산광역시 사상구 엄궁동,중상사고,0,1,1,0,차대차 - 측면충돌,신호위반,건조,맑음,교차로 - 교차로안,화물,남,69세,상해없음,승용,남,53세,경상
2022071800100298,2022년 7월 18일 14시,월요일,부산광역시 부산진구 부전동,중상사고,0,1,0,0,차대차 - 기타,안전운전불이행,젖음/습기,비,기타 - 기타,승용,남,20세,상해없음,이륜,남,46세,중상
2022071800100364,2022년 7월 18일 16시,월요일,부산광역시 서구 암남동,중상사고,0,1,0,0,차대차 - 측면충돌,안전운전불이행,젖음/습기,맑음,단일로 - 기타,승용,남,59세,상해없음,승용,남,35세,중상
2022071800100365,2022년 7월 18일 16시,월요일,부산광역시 남구 용호동,경상사고,0,0,3,0,차대차 - 기타,신호위반,젖음/습기,맑음,교차로 - 교차로부근,승용,남,70세,경상,승용,여,67세,경상
2022071800100366,2022년 7월 18일 16시,월요일,부산광역시 사하구 신평동,중상사고,0,1,0,0,차대차 - 기타,안전운전불이행,젖음/습기,비,교차로 - 교차로안,승용,여,35세,상해없음,이륜,남,54세,중상
2022071800100399,2022년 7월 18일 17시,월요일,부산광역시 서구 남부민동,부상신고사고,0,0,0,1,차대차 - 측면충돌,안전운전불이행,건조,맑음,교차로 - 교차로횡단보도내,자전거,남,47세,부상신고,승용,남,69세,상해없음
2.02207E+15,2022년 7월 18일 17시,월요일,부산광역시 부산진구 개금동,경상사고,0,0,1,0,차대차 - 기타,안전운전불이행,건조,맑음,교차로 - 교차로안,승용,남,62세,상해없음,승용,여,54세,경상
2022071800100433,2022년 7월 18일 18시,월요일,부산광역시 서구 서대신동2가,중상사고,0,1,0,0,차대차 - 기타,안전운전불이행,젖음/습기,비,단일로 - 기타,이륜,남,54세,중상,화물,남,54세,상해없음
2022071800100434,2022년 7월 18일 18시,월요일,부산광역시 금정구 구서동,경상사고,0,0,1,0,차대차 - 측면충돌,안전운전불이행,젖음/습기,비,교차로 - 교차로부근,승용,여,27세,상해없음,화물,남,70세,경상
2022071800100435,2022년 7월 18일 18시,월요일,부산광역시 강서구 대저2동,경상사고,0,0,1,0,차대차 - 측면충돌,차로위반,건조,맑음,교차로 - 교차로안,승용,남,40세,상해없음,승용,남,34세,경상
2022071800100436,2022년 7월 18일 18시,월요일,부산광역시 사상구 감전동,경상사고,0,0,1,0,차대차 - 추돌,중앙선침범,건조,맑음,단일로 - 지하차도(도로)내,승용,여,29세,상해없음,승용,남,32세,경상
2022071800100504,2022년 7월 18일 20시,월요일,부산광역시 연제구 거제동,부상신고사고,0,0,0,1,차대차 - 기타,안전운전불이행,젖음/습기,비,교차로 - 교차로안,이륜,여,42세,부상신고,화물,남,53세,상해없음
2022071800100505,2022년 7월 18일 20시,월요일,부산광역시 강서구 송정동,경상사고,0,0,1,0,차대차 - 기타,기타,젖음/습기,비,기타 - 기타,원동기,남,26세,경상,화물,남,67세,상해없음
2022071800100536,2022년 7월 18일 21시,월요일,부산광역시 금정구 부곡동,경상사고,0,0,2,0,차대차 - 측면충돌,기타,젖음/습기,흐림,교차로 - 교차로안,승용,남,39세,경상,승용,남,36세,경상
2022071800100537,2022년 7월 18일 21시,월요일,부산광역시 사상구 감전동,경상사고,0,0,1,0,차대차 - 추돌,안전운전불이행,건조,맑음,단일로 - 지하차도(도로)내,승용,남,30세,기타불명,승용,남,58세,경상
2022071900100005,2022년 7월 19일 00시,화요일,부산광역시 해운대구 반여동,중상사고,0,1,0,0,차대차 - 측면충돌,안전운전불이행,젖음/습기,비,단일로 - 고가도로위,승용,남,33세,상해없음,승용,남,49세,상해없음
2022071900100006,2022년 7월 19일 00시,화요일,부산광역시 사하구 장림동,중상사고,0,2,3,1,차대차 - 측면충돌,신호위반,젖음/습기,비,교차로 - 교차로안,화물,남,46세,경상,승용,남,53세,부상신고
2022071900100015,2022년 7월 19일 01시,화요일,부산광역시 연제구 거제동,중상사고,0,1,0,0,차대사람 - 기타,안전운전불이행,건조,맑음,단일로 - 기타,승용,남,66세,상해없음,보행자,남,42세,중상
2022071900100023,2022년 7월 19일 02시,화요일,부산광역시 강서구 명지동,경상사고,0,0,1,0,차대차 - 추돌,안전운전불이행,젖음/습기,비,단일로 - 기타,승용,남,29세,기타불명,화물,남,33세,경상
2022071900100034,2022년 7월 19일 05시,화요일,부산광역시 금정구 금사동,경상사고,0,0,2,0,차대차 - 기타,직진우회전진행방해,건조,맑음,교차로 - 교차로안,승용,남,51세,경상,승용,남,78세,경상
2022071900100057,2022년 7월 19일 07시,화요일,부산광역시 북구 구포동,경상사고,0,0,2,0,차대차 - 기타,안전운전불이행,건조,맑음,단일로 - 교량,승용,남,61세,상해없음,승용,남,35세,상해없음
2022071900100084,2022년 7월 19일 08시,화요일,부산광역시 해운대구 재송동,경상사고,0,0,1,0,차대사람 - 차도통행중,안전운전불이행,건조,맑음,단일로 - 기타,승용,여,55세,상해없음,보행자,남,44세,경상
2022071900100126,2022년 7월 19일 09시,화요일,부산광역시 기장군 기장읍,경상사고,0,0,2,0,차대차 - 추돌,안전운전불이행,젖음/습기,비,교차로 - 교차로안,화물,남,32세,기타불명,승용,남,71세,경상
2.02207E+15,2022년 7월 19일 11시,화요일,부산광역시 중구 창선동2가,경상사고,0,0,1,0,차대사람 - 기타,보행자보호의무위반,건조,맑음,교차로 - 교차로안,화물,남,60세,상해없음,보행자,여,81세,경상
2022071900100181,2022년 7월 19일 11시,화요일,부산광역시 수영구 민락동,경상사고,0,0,1,0,차대사람 - 기타,안전운전불이행,건조,맑음,단일로 - 기타,자전거,남,23세,기타불명,보행자,남,49세,경상
2022071900100182,2022년 7월 19일 11시,화요일,부산광역시 해운대구 송정동,경상사고,0,0,3,0,차대차 - 측면충돌,안전운전불이행,건조,맑음,단일로 - 기타,승용,여,51세,경상,승합,남,46세,경상
2022071900100183,2022년 7월 19일 11시,화요일,부산광역시 부산진구 범천동,중상사고,0,1,2,0,차대차 - 측면충돌,안전거리미확보,건조,맑음,단일로 - 기타,승용,남,71세,경상,승용,남,27세,경상
2022071900100214,2022년 7월 19일 12시,화요일,부산광역시 수영구 광안동,경상사고,0,0,3,0,차대차 - 측면충돌,교차로운행방법위반,건조,맑음,교차로 - 교차로안,승용,남,25세,경상,승용,여,63세,경상
2022071900100241,2022년 7월 19일 13시,화요일,부산광역시 동래구 명륜동,경상사고,0,0,1,0,차대사람 - 횡단중,보행자보호의무위반,건조,맑음,교차로 - 교차로안,승용,여,56세,상해없음,보행자,여,29세,경상
2022071900100242,2022년 7월 19일 13시,화요일,부산광역시 부산진구 연지동,경상사고,0,0,1,0,차대차 - 기타,안전운전불이행,건조,맑음,교차로 - 교차로부근,이륜,남,18세,경상,화물,남,41세,상해없음
2022071900100269,2022년 7월 19일 14시,화요일,부산광역시 수영구 남천동,경상사고,0,0,2,0,차대차 - 측면충돌,차로위반,건조,맑음,기타 - 기타,건설기계,남,42세,상해없음,승용,남,40세,경상
2022071900100306,2022년 7월 19일 15시,화요일,부산광역시 부산진구 가야동,경상사고,0,0,1,0,차대차 - 기타,교차로운행방법위반,건조,맑음,교차로 - 교차로안,승용,여,50세,상해없음,승용,남,23세,경상
2022071900100337,2022년 7월 19일 16시,화요일,부산광역시 수영구 남천동,경상사고,0,0,1,2,차대차 - 기타,안전운전불이행,건조,맑음,단일로 - 기타,승용,여,70세,상해없음,승용,여,39세,경상
2022071900100338,2022년 7월 19일 16시,화요일,부산광역시 북구 화명동,중상사고,0,1,0,0,차대차 - 측면충돌,신호위반,건조,맑음,교차로 - 교차로안,승용,여,37세,상해없음,이륜,남,24세,중상
2022071900100339,2022년 7월 19일 16시,화요일,부산광역시 북구 만덕동,중상사고,0,1,0,0,차대차 - 추돌,안전운전불이행,건조,맑음,교차로 - 교차로부근,이륜,남,21세,상해없음,승용,여,46세,중상
2.02207E+15,2022년 7월 19일 16시,화요일,부산광역시 부산진구 부암동,경상사고,0,0,1,0,차대사람 - 기타,안전운전불이행,건조,맑음,단일로 - 기타,승합,남,49세,상해없음,보행자,남,54세,경상
2022071900100341,2022년 7월 19일 16시,화요일,부산광역시 부산진구 가야동,경상사고,0,0,3,0,차대차 - 측면충돌,신호위반,건조,맑음,교차로 - 교차로안,이륜,남,21세,기타불명,승합,남,61세,경상
2022071900100372,2022년 7월 19일 17시,화요일,부산광역시 중구 동광동5가,경상사고,0,0,1,0,차대차 - 측면충돌,안전운전불이행,건조,맑음,교차로 - 교차로부근,이륜,남,61세,상해없음,이륜,남,40세,경상
2022071900100373,2022년 7월 19일 17시,화요일,부산광역시 동구 수정동,경상사고,0,0,1,0,차대사람 - 차도통행중,안전운전불이행,건조,맑음,교차로 - 교차로안,건설기계,남,53세,상해없음,보행자,여,43세,경상
2022071900100374,2022년 7월 19일 17시,화요일,부산광역시 연제구 연산동,중상사고,0,1,0,0,차대사람 - 기타,안전운전불이행,건조,맑음,단일로 - 기타,승합,남,38세,상해없음,보행자,여,64세,중상
2022071900100375,2022년 7월 19일 17시,화요일,부산광역시 강서구 지사동,경상사고,0,0,1,0,차대차 - 기타,안전운전불이행,건조,맑음,교차로 - 교차로안,승용,여,38세,상해없음,승용,여,31세,경상
2022071900100419,2022년 7월 19일 18시,화요일,부산광역시 부산진구 부전동,경상사고,0,0,10,0,차대차 - 기타,신호위반,건조,맑음,기타 - 기타,이륜,여,65세,상해없음,승합,남,57세,상해없음
2022071900100462,2022년 7월 19일 19시,화요일,부산광역시 남구 대연동,경상사고,0,0,2,0,차대차 - 추돌,안전운전불이행,건조,맑음,단일로 - 기타,승용,남,41세,상해없음,승용,여,56세,경상
2022071900100487,2022년 7월 19일 20시,화요일,부산광역시 남구 대연동,중상사고,0,1,0,0,차대차 - 측면충돌,안전거리미확보,건조,맑음,교차로 - 교차로부근,승용,남,28세,상해없음,이륜,남,28세,중상
2022071900100488,2022년 7월 19일 20시,화요일,부산광역시 부산진구 가야동,중상사고,0,1,0,0,차대차 - 기타,안전운전불이행,건조,맑음,단일로 - 기타,승용,남,62세,상해없음,승용,여,45세,상해없음
2022071900100519,2022년 7월 19일 21시,화요일,부산광역시 동구 초량동,경상사고,0,0,1,0,차대차 - 측면충돌,안전거리미확보,건조,맑음,단일로 - 기타,승용,여,59세,상해없음,승용,남,59세,경상
2.02207E+15,2022년 7월 19일 21시,화요일,부산광역시 사하구 다대동,중상사고,0,1,0,0,차대차 - 추돌,중앙선침범,건조,맑음,단일로 - 기타,승용,남,55세,상해없음,원동기,남,29세,중상
2022071900100547,2022년 7월 19일 22시,화요일,부산광역시 연제구 연산동,중상사고,0,1,0,0,차대사람 - 길가장자리구역통행중,안전운전불이행,건조,맑음,교차로 - 교차로안,승용,남,29세,상해없음,보행자,남,70세,중상
2022071900100565,2022년 7월 19일 23시,화요일,부산광역시 사상구 주례동,중상사고,0,1,0,0,차대사람 - 보도통행중,신호위반,건조,맑음,교차로 - 교차로횡단보도내,승용,남,74세,기타불명,보행자,남,22세,중상
2022072000100042,2022년 7월 20일 06시,수요일,부산광역시 서구 아미동2가,중상사고,0,1,0,0,차대차 - 기타,교차로운행방법위반,건조,맑음,교차로 - 교차로안,승용,남,60세,상해없음,이륜,남,65세,중상