사고번호,사고일시,요일,시군구,사고내용,사망자수,중상자수,경상자수,부상신고자수,사고유형,법규위반,노면상태,기상상태,도로형태,가해운전자 차종,가해운전자 성별,가해운전자 연령,가해운전자 상해정도,피해운전자 차종,피해운전자 성별,피해운전자 연령,피해운전자 상해정도
2022072000100087,2022년 7월 20일 08시,수요일,부산광역시 수영구 광안동,사망사고,1,0,0,0,차대사람 - 횡단중,안전운전불이행,건조,맑음,교차로 - 교차로부근,화물,남,58세,상해없음,보행자,여,92세,사망
2022072000100088,2022년 7월 20일 08시,수요일,부산광역시 수영구 남천동,경상사고,0,0,1,0,차대사람 - 기타,안전운전불이행,건조,맑음,기타 - 기타,승용,여,39세,상해없음,보행자,남,56세,경상
2022072000100089,2022년 7월 20일 08시,수요일,부산광역시 부산진구 부암동,경상사고,0,0,1,0,차대차 - 측면충돌,안전거리미확보,건조,맑음,교차로 - 교차로부근,승용,여,45세,상해없음,승용,여,49세,경상
2.02207E+15,2022년 7월 20일 08시,수요일,부산광역시 금정구 부곡동,중상사고,0,1,0,0,차대사람 - 횡단중,보행자보호의무위반,건조,맑음,단일로 - 지하차도(도로)내,승용,여,45세,상해없음,보행자,남,23세,중상
2022072000100091,2022년 7월 20일 08시,수요일,부산광역시 연제구 거제동,경상사고,0,0,1,0,차대차 - 측면충돌,신호위반,건조,맑음,교차로 - 교차로부근,승용,남,49세,상해없음,승용,여,38세,경상
2022072000100165,2022년 7월 20일 10시,수요일,부산광역시 남구 감만동,경상사고,0,0,1,0,차대사람 - 보도통행중,안전운전불이행,건조,맑음,단일로 - 지하차도(도로)내,승용,남,69세,상해없음,보행자,여,69세,경상
2022072000100166,2022년 7월 20일 10시,수요일,부산광역시 북구 덕천동,경상사고,0,0,1,0,차대차 - 기타,신호위반,건조,맑음,교차로 - 교차로안,원동기,여,48세,경상,승용,남,68세,상해없음
2022072000100167,2022년 7월 20일 10시,수요일,부산광역시 금정구 남산동,경상사고,0,0,1,0,차대차 - 측면충돌,기타,건조,맑음,단일로 - 기타,승용,여,50세,상해없음,승용,여,65세,경상
2022072000100197,2022년 7월 20일 11시,수요일,부산광역시 남구 대연동,중상사고,0,1,0,0,차대차 - 기타,신호위반,건조,맑음,단일로 - 기타,승용,남,61세,상해없음,이륜,남,57세,중상
2022072000100198,2022년 7월 20일 11시,수요일,부산광역시 남구 대연동,경상사고,0,0,1,0,차대사람 - 기타,안전운전불이행,건조,맑음,단일로 - 기타,승합,남,57세,상해없음,보행자,여,75세,경상
2022072000100199,2022년 7월 20일 11시,수요일,부산광역시 동래구 온천동,경상사고,0,0,1,0,차대차 - 측면충돌,안전운전불이행,건조,맑음,교차로 - 교차로부근,승용,남,66세,상해없음,화물,여,57세,경상
2.02207E+15,2022년 7월 20일 11시,수요일,부산광역시 사상구 감전동,중상사고,0,1,0,0,차대사람 - 기타,안전운전불이행,건조,맑음,교차로 - 교차로안,화물,남,58세,상해없음,보행자,남,66세,중상
2022072000100222,2022년 7월 20일 12시,수요일,부산광역시 남구 대연동,경상사고,0,0,1,0,차대차 - 측면충돌,안전운전불이행,건조,맑음,교차로 - 교차로부근,화물,남,56세,기타불명,승용,남,63세,경상
2022072000100284,2022년 7월 20일 14시,수요일,부산광역시 해운대구 좌동,경상사고,0,0,1,0,차대차 - 측면충돌,안전거리미확보,건조,맑음,단일로 - 기타,화물,남,38세,상해없음,승용,남,67세,경상
2022072000100285,2022년 7월 20일 14시,수요일,부산광역시 부산진구 양정동,중상사고,0,1,0,0,차대차 - 측면충돌,안전운전불이행,건조,기타,교차로 - 교차로횡단보도내,이륜,남,82세,상해없음,자전거,남,66세,중상
2022072000100286,2022년 7월 20일 14시,수요일,부산광역시 부산진구 부전동,경상사고,0,0,1,0,차대사람 - 횡단중,안전운전불이행,건조,기타,교차로 - 교차로부근,승용,여,45세,상해없음,보행자,남,72세,경상
2022072000100357,2022년 7월 20일 16시,수요일,부산광역시 해운대구 재송동,중상사고,0,2,0,0,차대차 - 측면충돌,안전거리미확보,건조,맑음,단일로 - 기타,승용,여,55세,상해없음,이륜,남,58세,중상
2022072000100358,2022년 7월 20일 16시,수요일,부산광역시 금정구 장전동,중상사고,0,1,0,0,차대사람 - 기타,교차로운행방법위반,건조,맑음,교차로 - 교차로안,이륜,남,28세,상해없음,보행자,남,79세,중상
2022072000100359,2022년 7월 20일 16시,수요일,부산광역시 사하구 신평동,경상사고,0,0,1,0,차대차 - 측면충돌,교차로운행방법위반,건조,맑음,교차로 - 교차로안,화물,남,50세,상해없음,이륜,남,39세,경상
2.02207E+15,2022년 7월 20일 16시,수요일,부산광역시 연제구 거제동,경상사고,0,0,1,0,차대차 - 기타,교차로운행방법위반,건조,맑음,교차로 - 교차로안,화물,남,30세,상해없음,화물,남,60세,경상
2022072000100402,2022년 7월 20일 17시,수요일,부산광역시 영도구 영선동2가,경상사고,0,0,1,0,차대차 - 기타,안전운전불이행,건조,맑음,교차로 - 교차로부근,승용,여,51세,상해없음,이륜,남,54세,경상
2022072000100403,2022년 7월 20일 17시,수요일,부산광역시 강서구 명지동,중상사고,0,1,0,0,차대사람 - 횡단중,안전운전불이행,건조,맑음,단일로 - 기타,승용,남,25세,상해없음,보행자,여,71세,중상
2022072000100439,2022년 7월 20일 18시,수요일,부산광역시 해운대구 재송동,경상사고,0,0,1,0,차대차 - 추돌,안전운전불이행,건조,맑음,단일로 - 기타,화물,남,62세,기타불명,승용,여,54세,경상
2.02207E+15,2022년 7월 20일 18시,수요일,부산광역시 금정구 장전동,경상사고,0,0,1,0,차대사람 - 길가장자리구역통행중,안전운전불이행,건조,맑음,단일로 - 기타,화물,남,72세,상해없음,보행자,여,38세,경상
2022072000100441,2022년 7월 20일 18시,수요일,부산광역시 기장군 정관읍,경상사고,0,0,1,0,차대차 - 기타,신호위반,건조,맑음,교차로 - 교차로부근,승용,여,57세,기타불명,자전거,남,28세,경상
2022072000100477,2022년 7월 20일 19시,수요일,부산광역시 북구 구포동,중상사고,0,1,0,0,차대차 - 측면충돌,중앙선침범,건조,맑음,단일로 - 기타,승용,남,63세,상해없음,이륜,남,39세,중상
2022072000100478,2022년 7월 20일 19시,수요일,부산광역시 해운대구 반송동,사망사고,1,0,0,0,차대차 - 기타,안전운전불이행,건조,맑음,단일로 - 기타,개인형이동수단(PM),남,56세,사망,승용,남,52세,상해없음
2022072000100544,2022년 7월 20일 21시,수요일,부산광역시 부산진구 양정동,중상사고,0,2,0,0,차대차 - 정면충돌,신호위반,건조,맑음,교차로 - 교차로안,승용,남,63세,상해없음,승용,남,61세,중상
2022072000100575,2022년 7월 20일 22시,수요일,부산광역시 사상구 감전동,중상사고,0,1,0,0,차대차 - 측면충돌,안전운전불이행,건조,맑음,단일로 - 기타,승용,남,69세,상해없음,승용,여,54세,중상
2022072100100041,2022년 7월 21일 05시,목요일,부산광역시 부산진구 범천동,경상사고,0,0,2,0,차대차 - 기타,교차로운행방법위반,젖음/습기,비,교차로 - 교차로안,승용,여,34세,상해없음,승용,여,32세,경상
2022072100100054,2022년 7월 21일 06시,목요일,부산광역시 동구 좌천동,경상사고,0,0,1,0,차대차 - 추돌,안전운전불이행,젖음/습기,비,교차로 - 교차로부근,승용,남,28세,상해없음,승용,남,38세,경상
2022072100100075,2022년 7월 21일 07시,목요일,부산광역시 사하구 하단동,경상사고,0,0,2,0,차대차 - 추돌,안전운전불이행,젖음/습기,비,단일로 - 기타,승용,남,21세,상해없음,승용,남,31세,경상
2022072100100076,2022년 7월 21일 07시,목요일,부산광역시 강서구 명지동,부상신고사고,0,0,0,1,차대차 - 추돌,안전운전불이행,건조,맑음,교차로 - 교차로안,승용,남,48세,상해없음,승용,남,36세,부상신고
2.02207E+15,2022년 7월 21일 08시,목요일,부산광역시 사상구 엄궁동,경상사고,0,0,1,0,차대차 - 측면충돌,안전거리미확보,건조,맑음,단일로 - 기타,승용,남,47세,상해없음,승용,남,28세,경상
2022072100100101,2022년 7월 21일 08시,목요일,부산광역시 사상구 학장동,경상사고,0,0,1,0,차대차 - 추돌,안전거리미확보,젖음/습기,비,교차로 - 교차로안,승용,남,67세,상해없음,화물,남,39세,경상
2022072100100129,2022년 7월 21일 09시,목요일,부산광역시 영도구 봉래동4가,중상사고,0,1,0,0,차대사람 - 횡단중,보행자보호의무위반,건조,맑음,단일로 - 기타,승용,남,75세,기타불명,보행자,여,72세,중상
2022072100100159,2022년 7월 21일 10시,목요일,부산광역시 영도구 청학동,중상사고,0,1,0,0,차대사람 - 기타,안전운전불이행,건조,맑음,교차로 - 교차로부근,승용,남,64세,상해없음,보행자,여,70세,중상
2022072100100182,2022년 7월 21일 11시,목요일,부산광역시 부산진구 범천동,경상사고,0,0,1,0,차대차 - 기타,안전거리미확보,건조,맑음,단일로 - 기타,승용,남,25세,기타불명,승용,여,45세,경상
2022072100100183,2022년 7월 21일 11시,목요일,부산광역시 사하구 괴정동,경상사고,0,0,1,1,차대차 - 기타,교차로운행방법위반,건조,맑음,교차로 - 교차로안,이륜,남,39세,부상신고,승용,여,59세,경상
2022072100100184,2022년 7월 21일 11시,목요일,부산광역시 사하구 괴정동,경상사고,0,0,1,0,차대차 - 측면충돌,안전거리미확보,건조,맑음,단일로 - 지하차도(도로)내,승용,여,61세,기타불명,승용,남,26세,경상
2022072100100213,2022년 7월 21일 12시,목요일,부산광역시 수영구 남천동,경상사고,0,0,1,0,차대차 - 추돌,안전운전불이행,건조,맑음,교차로 - 교차로안,승용,남,48세,상해없음,승용,여,66세,상해없음
2.02207E+15,2022년 7월 21일 13시,목요일,부산광역시 남구 대연동,경상사고,0,0,1,0,차대사람 - 차도통행중,안전운전불이행,건조,맑음,단일로 - 기타,승용,여,41세,기타불명,보행자,여,20세,경상
2022072100100241,2022년 7월 21일 13시,목요일,부산광역시 북구 구포동,경상사고,0,0,1,0,차대차 - 측면충돌,기타,건조,맑음,교차로 - 교차로안,승용,여,63세,상해없음,이륜,남,43세,경상
2022072100100242,2022년 7월 21일 13시,목요일,부산광역시 수영구 수영동,중상사고,0,1,0,0,차대차 - 기타,직진우회전진행방해,건조,맑음,단일로 - 기타,승용,남,60세,상해없음,이륜,남,30세,중상
2022072100100275,2022년 7월 21일 14시,목요일,부산광역시 북구 만덕동,경상사고,0,0,4,0,차대차 - 후진중충돌,안전운전불이행,건조,맑음,단일로 - 기타,승용,남,67세,상해없음,화물,남,51세,경상
2022072100100276,2022년 7월 21일 14시,목요일,부산광역시 동래구 명륜동,중상사고,0,1,0,0,차대사람 - 횡단중,안전운전불이행,건조,맑음,교차로 - 교차로부근,승용,남,41세,상해없음,보행자,남,50세,중상
2022072100100277,2022년 7월 21일 14시,목요일,부산광역시 동래구 안락동,경상사고,0,0,1,0,차대차 - 측면충돌,안전운전불이행,건조,맑음,단일로 - 기타,기타불명,기타불명,미분류,기타불명,이륜,남,54세,경상
2022072100100306,2022년 7월 21일 15시,목요일,부산광역시 해운대구 우동,중상사고,0,1,0,0,차대차 - 추돌,안전운전불이행,건조,맑음,단일로 - 기타,승용,남,64세,기타불명,승용,여,47세,중상
2022072100100307,2022년 7월 21일 15시,목요일,부산광역시 사상구 감전동,경상사고,0,0,1,0,차대사람 - 기타,안전운전불이행,건조,맑음,단일로 - 기타,화물,남,49세,상해없음,보행자,남,57세,경상
2022072100100337,2022년 7월 21일 16시,목요일,부산광역시 남구 대연동,경상사고,0,0,1,0,차대차 - 기타,안전운전불이행,건조,맑음,단일로 - 기타,화물,남,68세,상해없음,화물,남,65세,기타불명
2022072100100338,2022년 7월 21일 16시,목요일,부산광역시 남구 문현동,경상사고,0,0,2,0,차대차 - 측면충돌,신호위반,건조,맑음,교차로 - 교차로안,이륜,남,42세,기타불명,승용,남,36세,경상
2022072100100372,2022년 7월 21일 17시,목요일,부산광역시 부산진구 양정동,경상사고,0,0,1,0,차대차 - 기타,안전운전불이행,건조,맑음,교차로 - 교차로안,건설기계,남,34세,상해없음,이륜,남,26세,경상
2022072100100373,2022년 7월 21일 17시,목요일,부산광역시 금정구 남산동,경상사고,0,0,1,0,차대차 - 추돌,안전운전불이행,건조,맑음,단일로 - 기타,승용,남,32세,상해없음,승용,여,61세,경상
2022072100100374,2022년 7월 21일 17시,목요일,부산광역시 사하구 당리동,경상사고,0,0,1,0,차대차 - 기타,안전운전불이행,건조,맑음,교차로 - 교차로안,승용,여,72세,상해없음,승용,남,31세,경상
2022072100100413,2022년 7월 21일 18시,목요일,부산광역시 북구 만덕동,경상사고,0,0,1,0,차대차 - 추돌,안전운전불이행,건조,맑음,단일로 - 기타,승용,여,47세,상해없음,승용,여,49세,경상
2022072100100414,2022년 7월 21일 18시,목요일,부산광역시 사상구 덕포동,중상사고,0,1,0,0,차대사람 - 횡단중,신호위반,건조,맑음,교차로 - 교차로횡단보도내,승용,남,58세,상해없음,보행자,여,14세,중상
2022072100100454,2022년 7월 21일 19시,목요일,부산광역시 금정구 구서동,중상사고,0,1,0,0,차대사람 - 기타,안전운전불이행,건조,맑음,단일로 - 기타,승합,남,44세,상해없음,보행자,여,50세,중상
2022072100100455,2022년 7월 21일 19시,목요일,부산광역시 사하구 하단동,중상사고,0,1,0,0,차대사람 - 횡단중,보행자보호의무위반,건조,맑음,교차로 - 교차로부근,이륜,남,31세,상해없음,보행자,여,73세,중상
2022072100100502,2022년 7월 21일 21시,목요일,부산광역시 사상구 주례동,경상사고,0,0,1,0,차대차 - 기타,신호위반,건조,맑음,교차로 - 교차로안,승용,여,55세,상해없음,승용,여,26세,경상
2022072100100522,2022년 7월 21일 22시,목요일,부산광역시 사하구 감천동,부상신고사고,0,0,0,1,차대차 - 측면충돌,안전운전불이행,건조,맑음,교차로 - 교차로안,원동기,남,42세,부상신고,승용,남,70세,상해없음
2022072100100539,2022년 7월 21일 23시,목요일,부산광역시 서구 동대신동2가,경상사고,0,0,2,0,차대차 - 기타,직진우회전진행방해,건조,맑음,교차로 - 교차로부근,승용,남,77세,상해없음,승용,남,65세,경상
2.02207E+15,2022년 7월 21일 23시,목요일,부산광역시 부산진구 양정동,경상사고,0,0,1,0,차대차 - 기타,안전운전불이행,건조,기타,교차로 - 교차로부근,승용,남,66세,상해없음,이륜,남,42세,경상
2022072100100541,2022년 7월 21일 23시,목요일,부산광역시 사하구 괴정동,중상사고,0,1,1,0,차대차 - 정면충돌,신호위반,건조,맑음,교차로 - 교차로안,이륜,남,18세,중상,승용,남,47세,경상
2022072100100542,2022년 7월 21일 23시,목요일,부산광역시 사상구 괘법동,경상사고,0,0,1,0,차대사람 - 기타,안전운전불이행,건조,맑음,주차장 - 주차장,승용,남,31세,상해없음,보행자,남,30세,경상
2022072200100028,2022년 7월 22일 02시,금요일,부산광역시 부산진구 부전동,경상사고,0,0,2,0,차대차 - 측면충돌,안전운전불이행,건조,맑음,교차로 - 교차로안,승용,남,69세,상해없음,승용,남,27세,경상
2022072200100045,2022년 7월 22일 05시,금요일,부산광역시 해운대구 우동,부상신고사고,0,0,0,2,차대차 - 추돌,안전운전불이행,건조,맑음,단일로 - 기타,승용,남,27세,상해없음,승용,여,41세,부상신고
2022072200100069,2022년 7월 22일 07시,금요일,부산광역시 서구 충무동1가,경상사고,0,0,2,0,차대차 - 기타,중앙선침범,건조,맑음,교차로 - 교차로안,승용,여,46세,상해없음,승용,남,63세,경상
2022072200100154,2022년 7월 22일 10시,금요일,부산광역시 사상구 감전동,경상사고,0,0,1,0,차대차 - 측면충돌,교차로운행방법위반,건조,맑음,교차로 - 교차로안,승용,남,64세,상해없음,이륜,남,79세,경상
2022072200100155,2022년 7월 22일 10시,금요일,부산광역시 기장군 기장읍,경상사고,0,0,1,0,차대사람 - 횡단중,보행자보호의무위반,건조,맑음,교차로 - 교차로부근,승용,여,76세,상해없음,보행자,여,65세,경상
2022072200100184,2022년 7월 22일 11시,금요일,부산광역시 서구 토성동5가,중상사고,0,1,0,0,차대사람 - 기타,안전운전불이행,건조,맑음,단일로 - 기타,승용,남,67세,상해없음,보행자,여,51세,중상
2022072200100222,2022년 7월 22일 12시,금요일,부산광역시 부산진구 초읍동,중상사고,0,1,0,0,차대사람 - 횡단중,보행자보호의무위반,건조,맑음,교차로 - 교차로횡단보도내,승용,남,48세,상해없음,보행자,여,69세,중상
2022072200100274,2022년 7월 22일 13시,금요일,부산광역시 부산진구 부전동,중상사고,0,1,0,0,차대사람 - 기타,안전운전불이행,건조,맑음,단일로 - 기타,승용,여,44세,상해없음,보행자,남,66세,중상
2022072200100275,2022년 7월 22일 13시,금요일,부산광역시 사상구 주례동,경상사고,0,0,1,0,차대차 - 추돌,안전운전불이행,건조,맑음,교차로 - 교차로부근,승용,여,33세,상해없음,승용,남,21세,경상
2022072200100335,2022년 7월 22일 15시,금요일,부산광역시 남구 우암동,중상사고,0,1,0,0,차량단독 - 기타,안전운전불이행,건조,맑음,단일로 - 기타,승합,남,42세,상해없음,,,,
2022072200100368,2022년 7월 22일 16시,금요일,부산광역시 해운대구 좌동,중상사고,0,1,0,0,차대차 - 측면충돌,신호위반,건조,맑음,교차로 - 교차로안,승용,남,26세,상해없음,자전거,남,11세,중상
2022072200100369,2022년 7월 22일 16시,금요일,부산광역시 부산진구 부전동,경상사고,0,0,1,0,차대차 - 기타,안전거리미확보,건조,맑음,단일로 - 기타,승용,남,33세,상해없음,승합,남,52세,상해없음
2.02207E+15,2022년 7월 22일 16시,금요일,부산광역시 연제구 연산동,중상사고,0,1,0,0,차대사람 - 기타,안전운전불이행,건조,맑음,단일로 - 기타,승용,여,71세,상해없음,보행자,여,79세,중상
2022072200100371,2022년 7월 22일 16시,금요일,부산광역시 사상구 주례동,중상사고,0,1,0,0,차대차 - 측면충돌,안전운전불이행,건조,맑음,단일로 - 기타,승용,여,49세,기타불명,이륜,남,55세,중상
2022072200100412,2022년 7월 22일 17시,금요일,부산광역시 수영구 광안동,경상사고,0,0,1,0,차대사람 - 기타,보행자보호의무위반,건조,맑음,단일로 - 기타,승용,남,44세,상해없음,보행자,남,10세,경상
2022072200100413,2022년 7월 22일 17시,금요일,부산광역시 북구 만덕동,경상사고,0,0,1,0,차대차 - 기타,안전거리미확보,건조,맑음,단일로 - 기타,승합,남,69세,상해없음,승용,남,24세,경상
2022072200100414,2022년 7월 22일 17시,금요일,부산광역시 해운대구 좌동,경상사고,0,0,1,0,차대차 - 측면충돌,교차로운행방법위반,건조,맑음,교차로 - 교차로안,이륜,남,56세,경상,승용,남,51세,상해없음
2022072200100459,2022년 7월 22일 18시,금요일,부산광역시 강서구 대저1동,경상사고,0,0,2,0,차대차 - 추돌,안전운전불이행,건조,맑음,단일로 - 기타,승용,남,66세,상해없음,승용,남,32세,경상
2022072200100496,2022년 7월 22일 19시,금요일,부산광역시 해운대구 좌동,경상사고,0,0,2,1,차대차 - 측면충돌,안전거리미확보,건조,맑음,단일로 - 기타,승용,남,62세,부상신고,화물,남,48세,상해없음
2.02207E+15,2022년 7월 22일 21시,금요일,부산광역시 수영구 민락동,경상사고,0,0,1,0,차대사람 - 차도통행중,안전운전불이행,건조,흐림,교차로 - 교차로안,승용,남,64세,상해없음,보행자,남,60세,경상
2022072200100551,2022년 7월 22일 21시,금요일,부산광역시 남구 대연동,경상사고,0,0,1,0,차대차 - 측면충돌,안전거리미확보,건조,맑음,단일로 - 기타,승용,남,64세,기타불명,승용,여,28세,경상
2022072200100552,2022년 7월 22일 21시,금요일,부산광역시 해운대구 중동,경상사고,0,0,1,0,차대차 - 후진중충돌,안전운전불이행,건조,맑음,교차로 - 교차로부근,승용,남,32세,상해없음,이륜,남,31세,경상
2022072200100553,2022년 7월 22일 21시,금요일,부산광역시 부산진구 범천동,중상사고,0,1,0,0,차대사람 - 차도통행중,안전운전불이행,건조,맑음,교차로 - 교차로부근,승용,남,52세,상해없음,보행자,남,56세,중상
2022072200100576,2022년 7월 22일 22시,금요일,부산광역시 금정구 부곡동,중상사고,0,1,2,0,차대차 - 기타,신호위반,건조,맑음,교차로 - 교차로안,이륜,남,22세,중상,승용,여,37세,경상
2022072300100006,2022년 7월 23일 00시,토요일,부산광역시 금정구 금사동,경상사고,0,0,2,0,차대차 - 측면충돌,안전운전불이행,건조,맑음,교차로 - 교차로안,승용,남,61세,상해없음,승용,남,68세,경상
2022072300100007,2022년 7월 23일 00시,토요일,부산광역시 기장군 기장읍,중상사고,0,1,0,0,차대차 - 기타,안전거리미확보,건조,맑음,교차로 - 교차로부근,기타불명,여,38세,상해없음,이륜,남,30세,중상
2022072300100018,2022년 7월 23일 01시,토요일,부산광역시 부산진구 부전동,부상신고사고,0,0,0,1,차대사람 - 기타,안전운전불이행,건조,맑음,기타 - 기타,승용,남,24세,상해없음,보행자,여,26세,부상신고
2022072300100035,2022년 7월 23일 03시,토요일,부산광역시 강서구 명지동,경상사고,0,0,1,0,차량단독 - 공작물충돌,안전운전불이행,건조,맑음,단일로 - 기타,이륜,남,22세,경상,,,,
2022072300100077,2022년 7월 23일 08시,토요일,부산광역시 기장군 철마면,중상사고,0,1,0,0,차대차 - 정면충돌,신호위반,건조,맑음,교차로 - 교차로안,승용,남,73세,상해없음,승용,남,39세,중상
2022072300100116,2022년 7월 23일 10시,토요일,부산광역시 수영구 광안동,경상사고,0,0,1,0,차대사람 - 기타,안전운전불이행,건조,맑음,교차로 - 교차로안,화물,남,62세,상해없음,보행자,남,66세,경상
2022072300100117,2022년 7월 23일 10시,토요일,부산광역시 동래구 사직동,경상사고,0,0,1,0,차대사람 - 차도통행중,안전운전불이행,건조,맑음,교차로 - 교차로안,승용,남,70세,상해없음,보행자,여,67세,경상
2022072300100118,2022년 7월 23일 10시,토요일,부산광역시 강서구 명지동,중상사고,0,1,0,0,차대차 - 정면충돌,안전운전불이행,건조,맑음,교차로 - 교차로안,승용,여,49세,상해없음,이륜,남,48세,중상
2022072300100151,2022년 7월 23일 11시,토요일,부산광역시 연제구 연산동,중상사고,0,1,0,2,차대사람 - 기타,보행자보호의무위반,건조,맑음,교차로 - 교차로부근,승용,남,71세,상해없음,보행자,여,61세,중상
2022072300100182,2022년 7월 23일 12시,토요일,부산광역시 동구 범일동,경상사고,0,0,1,0,차대차 - 기타,안전운전불이행,건조,맑음,단일로 - 기타,승합,남,50세,상해없음,승합,남,39세,상해없음
2022072300100183,2022년 7월 23일 12시,토요일,부산광역시 남구 대연동,경상사고,0,0,1,0,차대차 - 후진중충돌,안전운전불이행,건조,맑음,교차로 - 교차로부근,승용,여,60세,상해없음,승용,남,52세,경상
2022072300100259,2022년 7월 23일 14시,토요일,부산광역시 동구 초량동,중상사고,0,1,0,0,차대차 - 기타,안전운전불이행,건조,맑음,교차로 - 교차로부근,자전거,여,59세,중상,승용,여,41세,상해없음
2.02207E+15,2022년 7월 23일 14시,토요일,부산광역시 동래구 온천동,중상사고,0,1,0,0,차대사람 - 기타,안전운전불이행,건조,맑음,단일로 - 기타,승용,여,25세,상해없음,보행자,여,65세,중상
2022072300100292,2022년 7월 23일 15시,토요일,부산광역시 북구 만덕동,경상사고,0,0,1,0,차대차 - 기타,안전운전불이행,건조,맑음,단일로 - 기타,승용,남,53세,상해없음,승용,여,31세,경상
2022072300100322,2022년 7월 23일 16시,토요일,부산광역시 북구 만덕동,경상사고,0,0,1,0,차대차 - 기타,안전운전불이행,건조,맑음,단일로 - 기타,화물,남,30세,상해없음,승용,남,21세,경상
2022072300100351,2022년 7월 23일 17시,토요일,부산광역시 영도구 대교동1가,경상사고,0,0,1,0,차대사람 - 기타,안전운전불이행,건조,맑음,단일로 - 기타,승합,남,73세,상해없음,보행자,남,19세,경상
2022072300100352,2022년 7월 23일 17시,토요일,부산광역시 강서구 명지동,경상사고,0,0,1,0,차대차 - 측면충돌,안전운전불이행,건조,맑음,교차로 - 교차로횡단보도내,승용,여,45세,상해없음,자전거,여,9세,경상
2.02207E+15,2022년 7월 23일 18시,토요일,부산광역시 부산진구 부암동,경상사고,0,0,1,0,차대차 - 추돌,직진우회전진행방해,건조,맑음,교차로 - 교차로안,이륜,남,25세,경상,승용,남,69세,상해없음
2022072300100371,2022년 7월 23일 18시,토요일,부산광역시 강서구 대저2동,경상사고,0,0,1,0,차대차 - 측면충돌,교차로운행방법위반,건조,맑음,교차로 - 교차로안,승용,남,57세,상해없음,승용,여,63세,경상
2022072300100372,2022년 7월 23일 18시,토요일,부산광역시 사상구 모라동,경상사고,0,0,2,0,차대차 - 측면충돌,신호위반,건조,맑음,교차로 - 교차로안,승용,남,61세,상해없음,승용,여,44세,경상
2022072300100393,2022년 7월 23일 19시,토요일,부산광역시 동래구 온천동,경상사고,0,0,2,0,차대차 - 추돌,안전운전불이행,건조,맑음,단일로 - 기타,승용,남,62세,상해없음,승합,남,45세,경상
2022072300100431,2022년 7월 23일 20시,토요일,부산광역시 부산진구 가야동,경상사고,0,0,1,0,차대사람 - 기타,신호위반,건조,맑음,교차로 - 교차로안,이륜,남,26세,상해없음,보행자,여,18세,경상
2022072300100462,2022년 7월 23일 21시,토요일,부산광역시 북구 구포동,중상사고,0,1,0,0,차대차 - 기타,신호위반,건조,맑음,교차로 - 교차로안,승용,남,71세,상해없음,이륜,남,29세,중상
2022072300100463,2022년 7월 23일 21시,토요일,부산광역시 사상구 감전동,중상사고,0,1,0,0,차대차 - 측면충돌,안전운전불이행,건조,맑음,교차로 - 교차로안,승용,여,51세,중상,승용,남,72세,상해없음
2.02207E+15,2022년 7월 23일 22시,토요일,부산광역시 연제구 연산동,경상사고,0,0,1,0,차대차 - 측면충돌,안전운전불이행,젖음/습기,흐림,교차로 - 교차로부근,승용,여,38세,상해없음,승용,남,34세,경상
2022072300100533,2022년 7월 23일 23시,토요일,부산광역시 영도구 영선동2가,경상사고,0,0,1,0,차대사람 - 차도통행중,안전운전불이행,건조,맑음,단일로 - 기타,이륜,남,21세,상해없음,보행자,남,57세,경상
2022072400100023,2022년 7월 24일 01시,일요일,부산광역시 부산진구 부전동,경상사고,0,0,1,0,차대사람 - 기타,안전운전불이행,건조,맑음,단일로 - 기타,승용,남,22세,상해없음,보행자,여,24세,경상
2022072400100048,2022년 7월 24일 04시,일요일,부산광역시 서구 아미동2가,경상사고,0,0,1,0,차대사람 - 기타,안전운전불이행,젖음/습기,비,단일로 - 기타,승용,남,63세,상해없음,보행자,남,40세,경상
2022072400100053,2022년 7월 24일 05시,일요일,부산광역시 부산진구 부암동,경상사고,0,0,1,0,차대차 - 추돌,안전운전불이행,침수,비,단일로 - 기타,승용,남,22세,기타불명,승용,남,64세,상해없음
2022072400100071,2022년 7월 24일 08시,일요일,부산광역시 해운대구 우동,경상사고,0,0,1,0,차대차 - 기타,신호위반,젖음/습기,비,교차로 - 교차로안,승용,남,55세,상해없음,승용,남,39세,경상
2022072400100072,2022년 7월 24일 08시,일요일,부산광역시 강서구 대저1동,부상신고사고,0,0,0,3,차대차 - 추돌,안전운전불이행,젖음/습기,비,단일로 - 기타,승용,여,31세,상해없음,승용,여,52세,부상신고
2022072400100105,2022년 7월 24일 11시,일요일,부산광역시 강서구 대저2동,경상사고,0,0,1,0,차대차 - 측면충돌,신호위반,건조,맑음,교차로 - 교차로안,승용,남,72세,상해없음,승용,남,51세,경상
2022072400100119,2022년 7월 24일 12시,일요일,부산광역시 사하구 하단동,경상사고,0,0,1,0,차대차 - 측면충돌,차로위반,건조,맑음,단일로 - 기타,승용,남,64세,상해없음,승용,남,42세,경상
2022072400100141,2022년 7월 24일 13시,일요일,부산광역시 기장군 일광읍,경상사고,0,0,2,0,차대차 - 기타,안전운전불이행,건조,맑음,교차로 - 교차로부근,승용,남,53세,상해없음,승용,남,43세,경상