사고번호,사고일시,요일,시군구,사고내용,사망자수,중상자수,경상자수,부상신고자수,사고유형,법규위반,노면상태,기상상태,도로형태,가해운전자 차종,가해운전자 성별,가해운전자 연령,가해운전자 상해정도,피해운전자 차종,피해운전자 성별,피해운전자 연령,피해운전자 상해정도
2.02207E+15,2022년 7월 24일 14시,일요일,부산광역시 사하구 하단동,경상사고,0,0,2,0,차대차 - 측면충돌,안전거리미확보,건조,맑음,단일로 - 기타,승용,남,18세,상해없음,승용,남,31세,경상
2022072400100197,2022년 7월 24일 15시,일요일,부산광역시 동구 범일동,중상사고,0,1,0,0,차대차 - 측면충돌,안전거리미확보,건조,맑음,교차로 - 교차로부근,승용,남,54세,상해없음,승용,남,39세,중상
2022072400100198,2022년 7월 24일 15시,일요일,부산광역시 강서구 명지동,경상사고,0,0,1,0,차대차 - 측면충돌,안전운전불이행,건조,맑음,교차로 - 교차로안,이륜,남,43세,상해없음,이륜,남,25세,경상
2022072400100225,2022년 7월 24일 16시,일요일,부산광역시 강서구 대저1동,중상사고,0,1,7,0,차대차 - 추돌,안전운전불이행,건조,맑음,단일로 - 기타,승용,남,42세,상해없음,승합,남,66세,경상
2022072400100279,2022년 7월 24일 18시,일요일,부산광역시 동구 초량동,경상사고,0,0,1,0,차대차 - 측면충돌,불법유턴,건조,맑음,교차로 - 교차로안,승용,여,62세,상해없음,이륜,남,29세,경상
2.02207E+15,2022년 7월 24일 18시,일요일,부산광역시 북구 화명동,경상사고,0,0,2,0,차대차 - 추돌,안전거리미확보,건조,맑음,교차로 - 교차로안,승용,여,46세,기타불명,승용,남,48세,경상
2022072400100281,2022년 7월 24일 18시,일요일,부산광역시 해운대구 중동,경상사고,0,0,1,0,차대차 - 정면충돌,중앙선침범,건조,맑음,단일로 - 기타,승용,남,30세,상해없음,승용,남,51세,경상
2022072400100282,2022년 7월 24일 18시,일요일,부산광역시 금정구 회동동,경상사고,0,0,2,0,차대차 - 추돌,기타,건조,맑음,단일로 - 기타,승용,남,54세,상해없음,승용,남,49세,경상
2022072400100308,2022년 7월 24일 19시,일요일,부산광역시 수영구 광안동,경상사고,0,0,1,0,차대차 - 측면충돌,안전운전불이행,건조,맑음,단일로 - 기타,승용,남,45세,상해없음,이륜,남,42세,경상
2022072400100337,2022년 7월 24일 20시,일요일,부산광역시 동래구 사직동,경상사고,0,0,1,0,차대차 - 측면충돌,신호위반,건조,맑음,교차로 - 교차로부근,승용,남,34세,상해없음,원동기,남,42세,경상
2022072400100338,2022년 7월 24일 20시,일요일,부산광역시 금정구 장전동,경상사고,0,0,1,0,차대사람 - 기타,안전운전불이행,건조,맑음,단일로 - 기타,개인형이동수단(PM),남,14세,상해없음,보행자,여,38세,경상
2022072400100363,2022년 7월 24일 21시,일요일,부산광역시 해운대구 우동,중상사고,0,1,0,0,차대사람 - 차도통행중,안전운전불이행,건조,맑음,단일로 - 기타,승용,여,67세,상해없음,보행자,남,48세,중상
2022072400100364,2022년 7월 24일 21시,일요일,부산광역시 연제구 연산동,경상사고,0,0,1,0,차대차 - 추돌,교차로운행방법위반,건조,맑음,교차로 - 교차로안,승용,남,63세,상해없음,승용,여,24세,경상
2022072400100396,2022년 7월 24일 23시,일요일,부산광역시 남구 대연동,부상신고사고,0,0,0,1,차대차 - 측면충돌,안전운전불이행,건조,맑음,단일로 - 기타,개인형이동수단(PM),남,19세,부상신고,승용,남,35세,상해없음
2022072500100015,2022년 7월 25일 02시,월요일,부산광역시 부산진구 전포동,경상사고,0,0,1,0,차대차 - 기타,안전거리미확보,건조,맑음,미분류 - 미분류,승용,남,30세,상해없음,승용,남,50세,경상
2022072500100019,2022년 7월 25일 03시,월요일,부산광역시 부산진구 가야동,경상사고,0,0,2,0,차대차 - 추돌,안전운전불이행,건조,맑음,교차로 - 교차로부근,승용,남,39세,상해없음,승용,남,47세,경상
2022072500100048,2022년 7월 25일 07시,월요일,부산광역시 북구 만덕동,경상사고,0,0,1,0,차대차 - 측면충돌,중앙선침범,건조,맑음,단일로 - 기타,승용,남,55세,상해없음,승용,남,64세,경상
2022072500100049,2022년 7월 25일 07시,월요일,부산광역시 동래구 안락동,부상신고사고,0,0,0,1,차대사람 - 기타,안전운전불이행,건조,맑음,교차로 - 교차로부근,승용,남,73세,상해없음,보행자,남,37세,부상신고
2.02207E+15,2022년 7월 25일 07시,월요일,부산광역시 수영구 수영동,중상사고,0,1,0,0,차대차 - 측면충돌,교차로운행방법위반,건조,맑음,교차로 - 교차로안,승용,남,26세,상해없음,승용,남,35세,중상
2022072500100154,2022년 7월 25일 10시,월요일,부산광역시 부산진구 부전동,경상사고,0,0,1,0,차대사람 - 기타,안전운전불이행,건조,맑음,단일로 - 기타,기타불명,여,57세,상해없음,보행자,여,74세,경상
2022072500100155,2022년 7월 25일 10시,월요일,부산광역시 사상구 감전동,중상사고,0,1,0,0,차대사람 - 기타,안전운전불이행,건조,맑음,단일로 - 기타,승용,남,53세,상해없음,보행자,남,64세,중상
2022072500100199,2022년 7월 25일 11시,월요일,부산광역시 남구 대연동,경상사고,0,0,2,0,차대차 - 정면충돌,안전운전불이행,건조,맑음,단일로 - 기타,승용,여,64세,상해없음,승용,남,24세,경상
2.02207E+15,2022년 7월 25일 11시,월요일,부산광역시 기장군 장안읍,경상사고,0,0,1,0,차대사람 - 기타,안전운전불이행,건조,맑음,주차장 - 주차장,승용,여,54세,상해없음,보행자,남,62세,경상
2.02207E+15,2022년 7월 25일 12시,월요일,부산광역시 연제구 연산동,중상사고,0,1,0,0,차대차 - 측면충돌,차로위반,건조,맑음,단일로 - 기타,승용,남,66세,기타불명,화물,남,29세,중상
2022072500100241,2022년 7월 25일 12시,월요일,부산광역시 사상구 주례동,중상사고,0,1,0,0,차대사람 - 기타,안전운전불이행,건조,맑음,단일로 - 기타,화물,남,38세,상해없음,보행자,여,86세,중상
2.02207E+15,2022년 7월 25일 13시,월요일,부산광역시 중구 남포동3가,경상사고,0,0,1,0,차대사람 - 기타,안전운전불이행,건조,맑음,기타 - 기타,이륜,남,38세,상해없음,보행자,남,11세,경상
2022072500100271,2022년 7월 25일 13시,월요일,부산광역시 북구 만덕동,중상사고,0,1,0,0,차대차 - 추돌,안전운전불이행,건조,맑음,교차로 - 교차로부근,승용,남,26세,상해없음,승용,여,54세,중상
2022072500100272,2022년 7월 25일 13시,월요일,부산광역시 연제구 연산동,경상사고,0,0,1,0,차대사람 - 기타,안전운전불이행,건조,맑음,단일로 - 기타,승용,여,67세,상해없음,보행자,여,59세,경상
2022072500100273,2022년 7월 25일 13시,월요일,부산광역시 연제구 연산동,부상신고사고,0,0,0,1,차대차 - 측면충돌,안전거리미확보,건조,맑음,교차로 - 교차로부근,승용,여,53세,상해없음,승용,여,57세,부상신고
2022072500100274,2022년 7월 25일 13시,월요일,부산광역시 강서구 명지동,중상사고,0,1,0,0,차대사람 - 보도통행중,기타,건조,맑음,기타 - 기타,자전거,남,13세,상해없음,보행자,여,38세,중상
2022072500100297,2022년 7월 25일 14시,월요일,부산광역시 동래구 온천동,경상사고,0,0,2,0,차대차 - 추돌,안전거리미확보,건조,맑음,교차로 - 교차로안,승용,남,60세,상해없음,승용,여,38세,경상
2022072500100328,2022년 7월 25일 15시,월요일,부산광역시 서구 서대신동3가,경상사고,0,0,3,0,차대차 - 측면충돌,안전운전불이행,건조,맑음,교차로 - 교차로안,승용,여,62세,상해없음,승용,남,46세,경상
2022072500100329,2022년 7월 25일 15시,월요일,부산광역시 남구 우암동,중상사고,0,1,1,0,차대차 - 측면충돌,안전운전불이행,건조,맑음,단일로 - 기타,특수,남,46세,상해없음,승용,남,44세,경상
2.02207E+15,2022년 7월 25일 15시,월요일,부산광역시 수영구 민락동,부상신고사고,0,0,0,1,차대사람 - 길가장자리구역통행중,안전운전불이행,건조,맑음,단일로 - 기타,승용,여,54세,상해없음,보행자,여,69세,부상신고
2022072500100331,2022년 7월 25일 15시,월요일,부산광역시 동래구 명륜동,중상사고,0,2,0,0,차대사람 - 횡단중,안전운전불이행,건조,맑음,단일로 - 기타,승용,남,60세,상해없음,보행자,여,56세,중상
2022072500100332,2022년 7월 25일 15시,월요일,부산광역시 영도구 남항동2가,중상사고,0,1,0,0,차대차 - 측면충돌,안전운전불이행,건조,맑음,기타 - 기타,건설기계,남,62세,상해없음,이륜,여,51세,중상
2022072500100369,2022년 7월 25일 16시,월요일,부산광역시 동래구 사직동,중상사고,0,1,0,0,차대사람 - 횡단중,보행자보호의무위반,건조,맑음,교차로 - 교차로안,승용,여,61세,상해없음,보행자,여,69세,중상
2022072500100419,2022년 7월 25일 17시,월요일,부산광역시 금정구 남산동,경상사고,0,0,1,0,차대차 - 기타,안전운전불이행,건조,맑음,기타 - 기타,승용,남,56세,상해없음,자전거,여,51세,경상
2022072500100461,2022년 7월 25일 18시,월요일,부산광역시 중구 중앙동3가,중상사고,0,1,0,0,차대사람 - 기타,안전운전불이행,건조,맑음,단일로 - 기타,승용,남,26세,상해없음,보행자,여,43세,중상
2022072500100462,2022년 7월 25일 18시,월요일,부산광역시 수영구 남천동,경상사고,0,0,3,2,차대차 - 추돌,안전운전불이행,건조,맑음,단일로 - 교량,승합,남,60세,상해없음,승용,여,53세,부상신고
2022072500100463,2022년 7월 25일 18시,월요일,부산광역시 동래구 안락동,경상사고,0,0,1,0,차대차 - 추돌,안전운전불이행,건조,맑음,교차로 - 교차로횡단보도내,승용,남,53세,상해없음,자전거,남,12세,경상
2022072500100464,2022년 7월 25일 18시,월요일,부산광역시 동래구 온천동,경상사고,0,0,1,0,차대사람 - 횡단중,보행자보호의무위반,건조,맑음,교차로 - 교차로횡단보도내,원동기,남,28세,상해없음,보행자,남,24세,경상
2022072500100465,2022년 7월 25일 18시,월요일,부산광역시 영도구 영선동3가,중상사고,0,1,0,0,차대차 - 측면충돌,안전거리미확보,건조,맑음,교차로 - 교차로안,화물,남,59세,상해없음,승용,여,50세,중상
2022072500100466,2022년 7월 25일 18시,월요일,부산광역시 연제구 연산동,경상사고,0,0,1,0,차대차 - 측면충돌,불법유턴,건조,맑음,교차로 - 교차로부근,개인형이동수단(PM),남,24세,상해없음,원동기,남,31세,경상
2022072500100501,2022년 7월 25일 19시,월요일,부산광역시 수영구 광안동,중상사고,0,1,0,0,차대사람 - 횡단중,안전운전불이행,건조,맑음,단일로 - 지하차도(도로)내,이륜,남,24세,상해없음,보행자,남,62세,중상
2022072500100558,2022년 7월 25일 21시,월요일,부산광역시 수영구 광안동,중상사고,0,1,0,0,차대사람 - 길가장자리구역통행중,안전운전불이행,건조,맑음,단일로 - 기타,자전거,여,29세,상해없음,보행자,여,50세,중상
2022072500100559,2022년 7월 25일 21시,월요일,부산광역시 금정구 부곡동,중상사고,0,2,0,0,차대사람 - 횡단중,보행자보호의무위반,건조,맑음,교차로 - 교차로횡단보도내,승용,남,28세,상해없음,보행자,남,55세,중상
2022072500100577,2022년 7월 25일 22시,월요일,부산광역시 수영구 광안동,경상사고,0,0,2,3,차대차 - 추돌,안전거리미확보,건조,맑음,단일로 - 기타,승용,남,53세,상해없음,승용,남,32세,상해없음
2022072500100592,2022년 7월 25일 23시,월요일,부산광역시 연제구 연산동,부상신고사고,0,0,0,1,차대차 - 측면충돌,안전운전불이행,건조,맑음,교차로 - 교차로안,이륜,남,47세,부상신고,이륜,남,18세,상해없음
2022072600100024,2022년 7월 26일 02시,화요일,부산광역시 부산진구 당감동,부상신고사고,0,0,0,1,차량단독 - 기타,안전운전불이행,건조,맑음,교차로 - 교차로안,이륜,남,49세,부상신고,,,,
2022072600100041,2022년 7월 26일 05시,화요일,부산광역시 사하구 다대동,사망사고,1,1,0,0,차량단독 - 공작물충돌,안전운전불이행,건조,맑음,단일로 - 기타,이륜,남,15세,사망,,,,
2022072600100058,2022년 7월 26일 07시,화요일,부산광역시 동래구 온천동,경상사고,0,0,1,0,차대차 - 측면충돌,신호위반,건조,맑음,교차로 - 교차로안,승용,남,56세,상해없음,특수,남,49세,경상
2022072600100085,2022년 7월 26일 08시,화요일,부산광역시 강서구 신호동,경상사고,0,0,3,0,차대차 - 측면충돌,안전운전불이행,건조,맑음,주차장 - 주차장,승용,남,65세,경상,승용,남,67세,경상
2022072600100119,2022년 7월 26일 09시,화요일,부산광역시 북구 만덕동,경상사고,0,0,1,0,차대차 - 기타,안전거리미확보,건조,맑음,단일로 - 기타,화물,남,63세,상해없음,승용,남,63세,경상
2.02207E+15,2022년 7월 26일 09시,화요일,부산광역시 영도구 동삼동,중상사고,0,1,1,0,차대사람 - 횡단중,보행자보호의무위반,건조,맑음,단일로 - 기타,화물,남,79세,상해없음,보행자,여,84세,중상
2022072600100121,2022년 7월 26일 09시,화요일,부산광역시 사하구 괴정동,경상사고,0,0,1,0,차대차 - 기타,안전거리미확보,건조,맑음,단일로 - 지하차도(도로)내,승용,여,70세,기타불명,건설기계,남,63세,경상
2.02207E+15,2022년 7월 26일 10시,화요일,부산광역시 금정구 회동동,경상사고,0,0,1,2,차대차 - 측면충돌,안전거리미확보,건조,맑음,단일로 - 기타,승용,남,71세,상해없음,승용,남,25세,경상
2022072600100151,2022년 7월 26일 10시,화요일,부산광역시 사상구 감전동,중상사고,0,1,0,0,차대사람 - 보도통행중,보행자보호의무위반,건조,맑음,교차로 - 교차로부근,승용,남,48세,기타불명,보행자,여,63세,중상
2022072600100193,2022년 7월 26일 11시,화요일,부산광역시 중구 대청동4가,경상사고,0,0,1,0,차대사람 - 횡단중,신호위반,건조,맑음,교차로 - 교차로안,승용,남,67세,상해없음,보행자,여,68세,경상
2022072600100194,2022년 7월 26일 11시,화요일,부산광역시 수영구 민락동,경상사고,0,0,1,0,차대차 - 기타,신호위반,건조,맑음,교차로 - 교차로안,화물,남,61세,기타불명,이륜,남,20세,경상
2022072600100195,2022년 7월 26일 11시,화요일,부산광역시 남구 감만동,경상사고,0,0,1,0,차대차 - 측면충돌,안전거리미확보,건조,맑음,단일로 - 기타,승용,여,23세,상해없음,승용,남,49세,경상
2022072600100196,2022년 7월 26일 11시,화요일,부산광역시 영도구 대교동1가,경상사고,0,0,3,0,차대차 - 측면충돌,교차로운행방법위반,건조,맑음,교차로 - 교차로안,승용,남,30세,상해없음,승합,남,51세,경상
2022072600100197,2022년 7월 26일 11시,화요일,부산광역시 금정구 장전동,경상사고,0,0,1,0,차대차 - 기타,안전운전불이행,건조,맑음,기타 - 기타,화물,남,36세,상해없음,이륜,남,42세,경상
2022072600100235,2022년 7월 26일 12시,화요일,부산광역시 부산진구 부전동,중상사고,0,1,0,0,차대차 - 측면충돌,신호위반,건조,맑음,교차로 - 교차로안,승용,남,66세,상해없음,이륜,남,41세,중상
2022072600100236,2022년 7월 26일 12시,화요일,부산광역시 부산진구 범천동,경상사고,0,0,1,0,차대차 - 기타,안전거리미확보,건조,맑음,단일로 - 기타,승용,남,64세,상해없음,이륜,남,32세,경상
2022072600100265,2022년 7월 26일 13시,화요일,부산광역시 수영구 남천동,경상사고,0,0,1,0,차대차 - 측면충돌,안전거리미확보,건조,맑음,교차로 - 교차로부근,승용,여,38세,상해없음,승용,남,26세,경상
2022072600100266,2022년 7월 26일 13시,화요일,부산광역시 북구 화명동,경상사고,0,0,1,0,차대사람 - 기타,안전운전불이행,건조,맑음,기타 - 기타,개인형이동수단(PM),남,16세,상해없음,보행자,여,61세,경상
2022072600100267,2022년 7월 26일 13시,화요일,부산광역시 금정구 금사동,중상사고,0,1,1,0,차대차 - 측면충돌,직진우회전진행방해,건조,맑음,교차로 - 교차로안,이륜,남,42세,중상,승용,남,60세,경상
2022072600100268,2022년 7월 26일 13시,화요일,부산광역시 강서구 송정동,경상사고,0,0,1,0,차대차 - 기타,신호위반,건조,맑음,교차로 - 교차로안,승용,여,44세,상해없음,화물,남,61세,경상
2.02207E+15,2022년 7월 26일 14시,화요일,부산광역시 서구 토성동4가,부상신고사고,0,0,0,1,차대차 - 측면충돌,신호위반,건조,맑음,교차로 - 교차로안,자전거,남,70세,부상신고,승용,남,69세,상해없음
2022072600100352,2022년 7월 26일 15시,화요일,부산광역시 남구 용호동,경상사고,0,0,1,0,차대차 - 측면충돌,안전운전불이행,건조,맑음,단일로 - 기타,승용,여,60세,상해없음,승용,남,46세,경상
2022072600100353,2022년 7월 26일 15시,화요일,부산광역시 사상구 모라동,경상사고,0,0,1,0,차대차 - 측면충돌,안전운전불이행,건조,맑음,단일로 - 기타,화물,남,50세,상해없음,승용,남,46세,경상
2022072600100435,2022년 7월 26일 17시,화요일,부산광역시 연제구 연산동,경상사고,0,0,1,0,차대차 - 기타,신호위반,건조,맑음,교차로 - 교차로안,승용,남,48세,상해없음,승용,남,40세,경상
2022072600100474,2022년 7월 26일 18시,화요일,부산광역시 영도구 동삼동,경상사고,0,0,3,0,차대차 - 추돌,안전운전불이행,건조,맑음,단일로 - 기타,화물,남,23세,상해없음,승용,남,60세,경상
2022072600100475,2022년 7월 26일 18시,화요일,부산광역시 강서구 봉림동,경상사고,0,0,1,0,차대차 - 기타,안전거리미확보,건조,맑음,단일로 - 기타,승용,여,43세,상해없음,특수,남,58세,경상
2022072600100509,2022년 7월 26일 19시,화요일,부산광역시 금정구 서동,경상사고,0,0,1,0,차대사람 - 기타,기타,건조,맑음,단일로 - 기타,승용,남,49세,상해없음,보행자,남,55세,경상
2.02207E+15,2022년 7월 26일 19시,화요일,부산광역시 연제구 거제동,경상사고,0,0,1,0,차대차 - 측면충돌,안전거리미확보,건조,맑음,단일로 - 기타,화물,남,54세,상해없음,승용,남,35세,경상
2022072600100539,2022년 7월 26일 20시,화요일,부산광역시 기장군 일광읍,경상사고,0,0,2,0,차대사람 - 횡단중,보행자보호의무위반,건조,맑음,교차로 - 교차로부근,승용,남,51세,상해없음,보행자,남,51세,경상
2022072700100009,2022년 7월 27일 01시,수요일,부산광역시 중구 중앙동4가,중상사고,0,1,0,0,차대차 - 정면충돌,신호위반,건조,맑음,교차로 - 교차로안,승용,남,45세,상해없음,승용,남,59세,중상
2.02207E+15,2022년 7월 27일 01시,수요일,부산광역시 부산진구 연지동,중상사고,0,2,2,0,차대차 - 기타,신호위반,건조,맑음,교차로 - 교차로안,화물,여,69세,경상,승용,남,70세,중상
2022072700100022,2022년 7월 27일 02시,수요일,부산광역시 부산진구 양정동,경상사고,0,0,1,0,차대차 - 기타,안전운전불이행,건조,맑음,단일로 - 기타,승용,남,59세,상해없음,자전거,남,25세,경상
2022072700100036,2022년 7월 27일 06시,수요일,부산광역시 사하구 신평동,경상사고,0,0,2,0,차대차 - 추돌,안전거리미확보,건조,맑음,교차로 - 교차로안,승용,남,32세,상해없음,승용,남,54세,경상
2022072700100043,2022년 7월 27일 07시,수요일,부산광역시 동구 범일동,경상사고,0,0,2,0,차대차 - 측면충돌,신호위반,건조,맑음,단일로 - 고가도로위,화물,남,63세,상해없음,승용,남,24세,경상
2022072700100064,2022년 7월 27일 08시,수요일,부산광역시 남구 대연동,경상사고,0,0,2,0,차대차 - 추돌,안전운전불이행,건조,맑음,단일로 - 기타,화물,남,58세,상해없음,승용,남,57세,경상
2022072700100065,2022년 7월 27일 08시,수요일,부산광역시 남구 문현동,경상사고,0,0,1,0,차대차 - 측면충돌,안전운전불이행,건조,맑음,단일로 - 기타,화물,남,57세,상해없음,승용,남,50세,경상
2022072700100066,2022년 7월 27일 08시,수요일,부산광역시 금정구 남산동,중상사고,0,1,0,0,차대차 - 측면충돌,직진우회전진행방해,건조,맑음,교차로 - 교차로안,승용,남,42세,상해없음,원동기,남,34세,중상
2022072700100201,2022년 7월 27일 12시,수요일,부산광역시 수영구 광안동,경상사고,0,0,1,0,차대사람 - 길가장자리구역통행중,안전운전불이행,건조,맑음,단일로 - 기타,승용,남,19세,상해없음,보행자,여,66세,경상
2022072700100202,2022년 7월 27일 12시,수요일,부산광역시 부산진구 부암동,중상사고,0,1,0,0,차대차 - 측면충돌,안전거리미확보,건조,맑음,교차로 - 교차로안,승용,남,79세,상해없음,승용,남,36세,중상
2022072700100204,2022년 7월 27일 12시,수요일,부산광역시 강서구 명지동,경상사고,0,0,1,0,차대사람 - 기타,안전운전불이행,건조,맑음,주차장 - 주차장,승용,남,38세,상해없음,보행자,남,46세,경상
2.02207E+15,2022년 7월 27일 13시,수요일,부산광역시 수영구 남천동,경상사고,0,0,1,0,차대사람 - 차도통행중,안전운전불이행,건조,맑음,단일로 - 기타,승용,여,39세,상해없음,보행자,남,23세,경상
2022072700100231,2022년 7월 27일 13시,수요일,부산광역시 북구 화명동,경상사고,0,0,1,0,차대차 - 기타,교차로운행방법위반,건조,맑음,교차로 - 교차로안,화물,남,32세,상해없음,승용,여,25세,경상
2022072700100232,2022년 7월 27일 13시,수요일,부산광역시 사하구 하단동,경상사고,0,0,1,0,차대사람 - 기타,안전운전불이행,건조,맑음,단일로 - 기타,승용,남,68세,상해없음,보행자,여,44세,경상
2022072700100266,2022년 7월 27일 14시,수요일,부산광역시 동구 초량동,경상사고,0,0,1,0,차대차 - 추돌,안전운전불이행,건조,맑음,단일로 - 기타,승용,여,57세,상해없음,승용,남,82세,상해없음
2022072700100267,2022년 7월 27일 14시,수요일,부산광역시 강서구 대저2동,경상사고,0,0,1,0,차대차 - 기타,기타,건조,맑음,단일로 - 기타,화물,남,64세,상해없음,승용,남,53세,경상
2022072700100297,2022년 7월 27일 15시,수요일,부산광역시 강서구 대저2동,중상사고,0,2,3,0,차대차 - 추돌,신호위반,건조,맑음,교차로 - 교차로안,승용,남,59세,중상,승용,여,35세,경상
2022072700100298,2022년 7월 27일 15시,수요일,부산광역시 강서구 대저1동,경상사고,0,0,1,0,차대차 - 기타,안전운전불이행,건조,맑음,교차로 - 교차로안,승용,남,63세,상해없음,승용,여,49세,경상
2022072700100379,2022년 7월 27일 17시,수요일,부산광역시 북구 구포동,중상사고,0,1,0,0,차대차 - 측면충돌,안전운전불이행,건조,맑음,교차로 - 교차로안,승용,여,65세,상해없음,이륜,남,26세,중상
2.02207E+15,2022년 7월 27일 17시,수요일,부산광역시 연제구 연산동,경상사고,0,0,1,0,차대차 - 추돌,안전운전불이행,건조,맑음,단일로 - 기타,건설기계,남,51세,상해없음,이륜,남,51세,경상
2022072700100421,2022년 7월 27일 18시,수요일,부산광역시 강서구 명지동,경상사고,0,0,2,0,차대차 - 추돌,안전운전불이행,건조,맑음,교차로 - 교차로부근,승용,남,21세,상해없음,승용,남,33세,경상
2.02207E+15,2022년 7월 27일 19시,수요일,부산광역시 강서구 대저1동,중상사고,0,1,0,0,차대차 - 기타,안전운전불이행,건조,맑음,단일로 - 기타,승용,남,57세,상해없음,이륜,여,22세,중상
2022072700100499,2022년 7월 27일 20시,수요일,부산광역시 남구 용당동,중상사고,0,1,0,0,차대차 - 측면충돌,신호위반,건조,맑음,교차로 - 교차로부근,승용,남,25세,상해없음,이륜,남,30세,중상
2022072700100523,2022년 7월 27일 21시,수요일,부산광역시 해운대구 재송동,중상사고,0,1,0,0,차대차 - 측면충돌,교차로운행방법위반,건조,맑음,교차로 - 교차로부근,승용,여,40세,상해없음,개인형이동수단(PM),남,41세,중상
2022072700100524,2022년 7월 27일 21시,수요일,부산광역시 해운대구 우동,경상사고,0,0,1,0,차대차 - 추돌,안전운전불이행,건조,맑음,단일로 - 기타,승용,남,24세,상해없음,승용,여,55세,경상
2022072700100525,2022년 7월 27일 21시,수요일,부산광역시 부산진구 가야동,중상사고,0,1,0,0,차대사람 - 횡단중,신호위반,건조,맑음,교차로 - 교차로횡단보도내,승용,남,74세,상해없음,보행자,여,62세,중상
2022072700100538,2022년 7월 27일 22시,수요일,부산광역시 부산진구 가야동,경상사고,0,0,1,0,차대사람 - 횡단중,신호위반,건조,맑음,교차로 - 교차로부근,이륜,남,28세,상해없음,보행자,여,45세,경상
2022072700100539,2022년 7월 27일 22시,수요일,부산광역시 부산진구 부전동,중상사고,0,1,0,0,차대사람 - 차도통행중,안전운전불이행,건조,맑음,단일로 - 기타,승용,남,65세,상해없음,보행자,남,61세,중상
2022072800100002,2022년 7월 28일 00시,목요일,부산광역시 중구 남포동2가,경상사고,0,0,1,0,차대차 - 추돌,안전운전불이행,건조,맑음,단일로 - 기타,승용,남,40세,상해없음,승용,남,78세,경상
2022072800100015,2022년 7월 28일 01시,목요일,부산광역시 부산진구 전포동,경상사고,0,0,1,0,차대차 - 측면충돌,안전운전불이행,건조,맑음,교차로 - 교차로안,개인형이동수단(PM),남,22세,경상,승용,남,58세,상해없음
2022072800100016,2022년 7월 28일 01시,목요일,부산광역시 부산진구 개금동,경상사고,0,0,2,0,차대차 - 추돌,안전운전불이행,건조,맑음,교차로 - 교차로부근,승용,남,44세,상해없음,승용,남,68세,경상
2022072800100031,2022년 7월 28일 03시,목요일,부산광역시 부산진구 부전동,경상사고,0,0,2,0,차대차 - 측면충돌,신호위반,건조,맑음,교차로 - 교차로안,이륜,남,22세,경상,승용,여,41세,경상
2022072800100048,2022년 7월 28일 06시,목요일,부산광역시 동래구 안락동,경상사고,0,0,1,0,차대차 - 측면충돌,교차로운행방법위반,건조,맑음,교차로 - 교차로부근,승용,남,65세,상해없음,승용,여,51세,경상
2022072800100063,2022년 7월 28일 07시,목요일,부산광역시 강서구 화전동,경상사고,0,0,1,0,차대차 - 기타,신호위반,건조,맑음,교차로 - 교차로안,승용,남,66세,상해없음,승용,여,33세,경상
2022072800100064,2022년 7월 28일 07시,목요일,부산광역시 강서구 녹산동,경상사고,0,0,1,0,차대차 - 측면충돌,안전거리미확보,건조,맑음,단일로 - 기타,화물,남,42세,기타불명,승용,남,61세,경상
2022072800100087,2022년 7월 28일 08시,목요일,부산광역시 동구 초량동,경상사고,0,0,1,0,차량단독 - 기타,안전운전불이행,건조,맑음,교차로 - 교차로부근,승합,남,49세,기타불명,,,,
2022072800100088,2022년 7월 28일 08시,목요일,부산광역시 북구 만덕동,경상사고,0,0,1,0,차대차 - 기타,교차로운행방법위반,건조,맑음,단일로 - 기타,승용,남,32세,상해없음,승용,남,75세,경상
2022072800100089,2022년 7월 28일 08시,목요일,부산광역시 기장군 정관읍,중상사고,0,1,2,0,차대차 - 측면충돌,안전운전불이행,건조,맑음,교차로 - 교차로안,화물,남,62세,경상,승용,여,41세,중상
2022072800100129,2022년 7월 28일 09시,목요일,부산광역시 금정구 부곡동,경상사고,0,0,3,0,차대차 - 측면충돌,교차로운행방법위반,건조,맑음,교차로 - 교차로안,승용,남,32세,경상,승용,남,63세,경상
2.02207E+15,2022년 7월 28일 09시,목요일,부산광역시 연제구 연산동,경상사고,0,0,1,0,차대차 - 기타,안전운전불이행,건조,맑음,기타 - 기타,자전거,여,30세,경상,화물,남,57세,상해없음
2022072800100178,2022년 7월 28일 11시,목요일,부산광역시 동구 범일동,경상사고,0,0,1,0,차대차 - 기타,안전거리미확보,건조,맑음,단일로 - 기타,승용,남,80세,상해없음,이륜,남,28세,경상
2022072800100179,2022년 7월 28일 11시,목요일,부산광역시 연제구 연산동,경상사고,0,0,2,0,차대차 - 기타,신호위반,건조,맑음,교차로 - 교차로부근,이륜,남,32세,경상,이륜,남,26세,경상
2.02207E+15,2022년 7월 28일 12시,목요일,부산광역시 북구 구포동,경상사고,0,0,1,0,차대차 - 기타,안전운전불이행,건조,맑음,단일로 - 기타,승용,남,66세,상해없음,이륜,남,31세,경상
2022072800100221,2022년 7월 28일 12시,목요일,부산광역시 동래구 안락동,경상사고,0,0,1,0,차대사람 - 기타,안전운전불이행,건조,흐림,단일로 - 기타,승용,남,62세,상해없음,보행자,남,78세,경상