사고번호,사고일시,요일,시군구,사고내용,사망자수,중상자수,경상자수,부상신고자수,사고유형,법규위반,노면상태,기상상태,도로형태,가해운전자 차종,가해운전자 성별,가해운전자 연령,가해운전자 상해정도,피해운전자 차종,피해운전자 성별,피해운전자 연령,피해운전자 상해정도
2022080100100376,2022년 8월 1일 18시,월요일,부산광역시 수영구 민락동,경상사고,0,0,1,0,차대차 - 측면충돌,안전운전불이행,건조,맑음,단일로 - 기타,승용,남,35세,상해없음,승용,남,30세,경상
2022080100100377,2022년 8월 1일 18시,월요일,부산광역시 영도구 영선동2가,경상사고,0,0,1,0,차대사람 - 횡단중,보행자보호의무위반,건조,맑음,교차로 - 교차로안,승용,여,30세,상해없음,보행자,여,53세,경상
2022080100100378,2022년 8월 1일 18시,월요일,부산광역시 해운대구 석대동,경상사고,0,0,2,0,차대차 - 기타,안전거리미확보,건조,맑음,단일로 - 기타,승용,여,45세,상해없음,승용,남,67세,경상
2022080100100379,2022년 8월 1일 18시,월요일,부산광역시 부산진구 범천동,경상사고,0,0,2,0,차대차 - 기타,안전운전불이행,건조,맑음,단일로 - 기타,승용,남,23세,상해없음,승용,남,66세,경상
2.02208E+15,2022년 8월 1일 18시,월요일,부산광역시 연제구 연산동,부상신고사고,0,0,0,1,차대차 - 기타,안전운전불이행,건조,맑음,단일로 - 기타,이륜,남,21세,부상신고,승용,남,38세,상해없음
2022080100100381,2022년 8월 1일 18시,월요일,부산광역시 강서구 대저1동,경상사고,0,0,1,0,차대차 - 측면충돌,안전운전불이행,건조,맑음,교차로 - 교차로안,승용,남,53세,상해없음,승용,남,61세,경상
2022080100100414,2022년 8월 1일 19시,월요일,부산광역시 금정구 구서동,경상사고,0,0,1,0,차대차 - 측면충돌,안전거리미확보,건조,맑음,단일로 - 기타,승용,남,68세,상해없음,승용,남,43세,경상
2022080100100439,2022년 8월 1일 20시,월요일,부산광역시 해운대구 좌동,경상사고,0,0,1,0,차대사람 - 횡단중,보행자보호의무위반,건조,맑음,단일로 - 기타,승합,남,41세,상해없음,보행자,남,44세,경상
2022080100100463,2022년 8월 1일 21시,월요일,부산광역시 수영구 광안동,경상사고,0,0,1,0,차대차 - 기타,신호위반,젖음/습기,비,교차로 - 교차로안,기타불명,기타불명,미분류,기타불명,이륜,남,40세,경상
2022080100100509,2022년 8월 1일 23시,월요일,부산광역시 중구 대청동3가,부상신고사고,0,0,0,1,차대차 - 측면충돌,안전거리미확보,젖음/습기,흐림,교차로 - 교차로부근,승용,여,32세,상해없음,이륜,남,22세,부상신고
2.02208E+15,2022년 8월 1일 23시,월요일,부산광역시 중구 영주동,경상사고,0,0,1,0,차대차 - 측면충돌,안전운전불이행,젖음/습기,비,단일로 - 기타,승용,기타불명,미분류,기타불명,승용,남,50세,경상
2022080100100511,2022년 8월 1일 23시,월요일,부산광역시 부산진구 연지동,경상사고,0,0,1,0,차대차 - 기타,신호위반,젖음/습기,비,교차로 - 교차로안,승용,여,62세,상해없음,승용,여,24세,경상
2022080200100003,2022년 8월 2일 00시,화요일,부산광역시 해운대구 중동,경상사고,0,0,1,0,차대차 - 기타,안전운전불이행,젖음/습기,비,교차로 - 교차로안,승용,남,52세,상해없음,이륜,남,37세,경상
2022080200100052,2022년 8월 2일 05시,화요일,부산광역시 남구 문현동,사망사고,1,0,0,0,차대사람 - 횡단중,기타,건조,맑음,단일로 - 기타,승용,남,65세,상해없음,보행자,여,79세,사망
2022080200100053,2022년 8월 2일 05시,화요일,부산광역시 부산진구 부전동,중상사고,0,1,1,0,차대사람 - 횡단중,안전운전불이행,건조,맑음,단일로 - 기타,이륜,남,27세,경상,보행자,여,55세,중상
2.02208E+15,2022년 8월 2일 07시,화요일,부산광역시 동구 초량동,경상사고,0,0,1,0,차대차 - 측면충돌,교차로운행방법위반,건조,맑음,교차로 - 교차로안,원동기,남,72세,경상,승용,여,53세,상해없음
2022080200100071,2022년 8월 2일 07시,화요일,부산광역시 영도구 봉래동4가,경상사고,0,0,1,0,차대차 - 기타,기타,건조,맑음,단일로 - 기타,승용,남,64세,상해없음,이륜,남,41세,경상
2022080200100072,2022년 8월 2일 07시,화요일,부산광역시 사하구 괴정동,경상사고,0,0,1,0,차대사람 - 횡단중,보행자보호의무위반,젖음/습기,비,교차로 - 교차로횡단보도내,승용,여,60세,상해없음,보행자,남,87세,경상
2022080200100085,2022년 8월 2일 08시,화요일,부산광역시 해운대구 우동,경상사고,0,0,1,0,차대차 - 추돌,안전거리미확보,건조,맑음,단일로 - 기타,승용,여,29세,상해없음,승용,남,31세,경상
2022080200100086,2022년 8월 2일 08시,화요일,부산광역시 사하구 감천동,경상사고,0,0,1,0,차대차 - 기타,안전운전불이행,건조,맑음,교차로 - 교차로부근,특수,남,72세,상해없음,화물,남,46세,경상
2022080200100087,2022년 8월 2일 08시,화요일,부산광역시 강서구 미음동,경상사고,0,0,1,0,차대차 - 기타,중앙선침범,건조,맑음,단일로 - 기타,승용,남,24세,기타불명,승용,남,50세,경상
2.02208E+15,2022년 8월 2일 09시,화요일,부산광역시 수영구 광안동,경상사고,0,0,1,0,차대차 - 측면충돌,교차로운행방법위반,젖음/습기,맑음,교차로 - 교차로안,승합,남,64세,상해없음,승용,여,59세,경상
2022080200100111,2022년 8월 2일 09시,화요일,부산광역시 사하구 신평동,중상사고,0,1,0,0,차대사람 - 횡단중,보행자보호의무위반,건조,맑음,단일로 - 기타,승용,여,54세,상해없음,보행자,여,58세,중상
2022080200100112,2022년 8월 2일 09시,화요일,부산광역시 연제구 연산동,부상신고사고,0,0,0,1,차대차 - 기타,안전운전불이행,젖음/습기,맑음,단일로 - 기타,원동기,남,41세,부상신고,승용,남,59세,상해없음
2022080200100166,2022년 8월 2일 11시,화요일,부산광역시 동래구 온천동,중상사고,0,3,0,0,차대차 - 기타,안전거리미확보,건조,맑음,단일로 - 기타,승용,남,56세,상해없음,승용,남,54세,중상
2022080200100201,2022년 8월 2일 12시,화요일,부산광역시 중구 중앙동4가,경상사고,0,0,3,0,차대차 - 정면충돌,신호위반,건조,맑음,교차로 - 교차로안,승용,여,59세,상해없음,승용,여,22세,경상
2022080200100226,2022년 8월 2일 13시,화요일,부산광역시 부산진구 부전동,경상사고,0,0,1,0,차대사람 - 기타,안전운전불이행,건조,맑음,교차로 - 교차로부근,승용,여,43세,상해없음,보행자,여,25세,경상
2022080200100227,2022년 8월 2일 13시,화요일,부산광역시 사하구 하단동,경상사고,0,0,1,0,차대차 - 기타,교차로운행방법위반,건조,맑음,단일로 - 기타,승용,남,50세,상해없음,이륜,남,39세,경상
2022080200100228,2022년 8월 2일 13시,화요일,부산광역시 사상구 주례동,경상사고,0,0,1,0,차대사람 - 보도통행중,기타,건조,맑음,단일로 - 기타,개인형이동수단(PM),남,73세,상해없음,보행자,남,41세,경상
2022080200100229,2022년 8월 2일 13시,화요일,부산광역시 사상구 학장동,중상사고,0,1,0,0,차대사람 - 보도통행중,기타,건조,맑음,단일로 - 기타,자전거,여,52세,상해없음,보행자,여,60세,중상
2022080200100303,2022년 8월 2일 15시,화요일,부산광역시 영도구 대교동2가,경상사고,0,0,2,0,차대차 - 추돌,안전운전불이행,건조,맑음,기타 - 기타,건설기계,남,46세,상해없음,승용,여,61세,경상
2022080200100325,2022년 8월 2일 16시,화요일,부산광역시 부산진구 가야동,중상사고,0,1,0,0,차대차 - 정면충돌,신호위반,건조,맑음,교차로 - 교차로안,승합,남,75세,상해없음,원동기,남,31세,중상
2022080200100326,2022년 8월 2일 16시,화요일,부산광역시 사하구 하단동,경상사고,0,0,4,0,차대차 - 추돌,안전거리미확보,건조,맑음,단일로 - 기타,승용,남,65세,상해없음,승용,남,62세,경상
2.02208E+15,2022년 8월 2일 17시,화요일,부산광역시 동구 초량동,중상사고,0,1,0,0,차대사람 - 길가장자리구역통행중,보행자보호의무위반,건조,맑음,단일로 - 지하차도(도로)내,화물,남,30세,상해없음,보행자,여,50세,중상
2022080200100361,2022년 8월 2일 17시,화요일,부산광역시 강서구 범방동,경상사고,0,0,1,0,차대차 - 기타,안전운전불이행,건조,맑음,단일로 - 기타,화물,남,52세,상해없음,승용,여,27세,경상
2022080200100411,2022년 8월 2일 18시,화요일,부산광역시 서구 서대신동3가,경상사고,0,0,3,1,차대차 - 추돌,안전거리미확보,건조,맑음,단일로 - 기타,승용,남,53세,상해없음,승용,여,47세,경상
2022080200100412,2022년 8월 2일 18시,화요일,부산광역시 사하구 하단동,중상사고,0,1,0,0,차대차 - 기타,안전운전불이행,건조,맑음,교차로 - 교차로안,승용,남,72세,상해없음,이륜,남,35세,중상
2022080200100444,2022년 8월 2일 19시,화요일,부산광역시 사하구 감천동,경상사고,0,0,5,0,차대차 - 추돌,안전운전불이행,건조,맑음,교차로 - 교차로부근,화물,남,50세,상해없음,승용,여,53세,경상
2022080200100465,2022년 8월 2일 20시,화요일,부산광역시 북구 만덕동,경상사고,0,0,1,0,차대차 - 기타,안전거리미확보,건조,맑음,교차로 - 교차로부근,승용,남,29세,상해없음,승합,남,48세,상해없음
2022080200100487,2022년 8월 2일 21시,화요일,부산광역시 남구 감만동,경상사고,0,0,1,0,차대차 - 기타,신호위반,건조,맑음,교차로 - 교차로부근,승용,여,48세,상해없음,승용,남,41세,경상
2022080200100511,2022년 8월 2일 22시,화요일,부산광역시 북구 덕천동,중상사고,0,1,2,1,차대차 - 측면충돌,신호위반,건조,맑음,교차로 - 교차로부근,승용,남,36세,경상,승용,남,27세,경상
2022080200100512,2022년 8월 2일 22시,화요일,부산광역시 연제구 거제동,경상사고,0,0,3,0,차대차 - 추돌,교차로운행방법위반,건조,맑음,교차로 - 교차로안,승용,남,24세,상해없음,승용,남,49세,경상
2022080300100008,2022년 8월 3일 00시,수요일,부산광역시 수영구 망미동,중상사고,0,1,0,0,차대사람 - 횡단중,신호위반,젖음/습기,비,교차로 - 교차로횡단보도내,이륜,남,25세,상해없음,보행자,여,48세,중상
2022080300100041,2022년 8월 3일 03시,수요일,부산광역시 금정구 장전동,경상사고,0,0,2,0,차대차 - 측면충돌,신호위반,젖음/습기,비,교차로 - 교차로안,승용,남,65세,상해없음,승용,남,56세,경상
2022080300100045,2022년 8월 3일 04시,수요일,부산광역시 해운대구 재송동,중상사고,0,1,0,0,차량단독 - 공작물충돌,기타,젖음/습기,비,단일로 - 기타,승용,남,65세,상해없음,,,,
2022080300100052,2022년 8월 3일 05시,수요일,부산광역시 서구 서대신동1가,경상사고,0,0,1,0,차대차 - 추돌,차로위반,건조,맑음,단일로 - 기타,원동기,남,29세,상해없음,승용,남,38세,경상
2022080300100053,2022년 8월 3일 05시,수요일,부산광역시 남구 대연동,중상사고,0,1,0,0,차대사람 - 횡단중,기타,젖음/습기,비,교차로 - 교차로안,승용,남,52세,상해없음,보행자,남,84세,중상
2022080300100054,2022년 8월 3일 05시,수요일,부산광역시 수영구 광안동,중상사고,0,2,0,0,차대차 - 기타,중앙선침범,건조,맑음,교차로 - 교차로부근,승용,남,29세,상해없음,승용,여,59세,중상
2022080300100064,2022년 8월 3일 06시,수요일,부산광역시 연제구 거제동,경상사고,0,0,1,0,차대차 - 기타,신호위반,젖음/습기,흐림,단일로 - 기타,이륜,남,29세,상해없음,자전거,남,46세,경상
2022080300100095,2022년 8월 3일 08시,수요일,부산광역시 사하구 감천동,경상사고,0,0,1,0,차대차 - 후진중충돌,불법유턴,건조,맑음,단일로 - 기타,승용,남,77세,상해없음,승용,남,40세,경상
2.02208E+15,2022년 8월 3일 10시,수요일,부산광역시 중구 중앙동6가,경상사고,0,0,3,0,차대차 - 측면충돌,안전운전불이행,건조,맑음,단일로 - 기타,승용,남,72세,상해없음,승용,남,24세,경상
2022080300100151,2022년 8월 3일 10시,수요일,부산광역시 해운대구 재송동,중상사고,0,1,0,0,차대사람 - 기타,보행자보호의무위반,건조,맑음,단일로 - 기타,승용,남,25세,상해없음,보행자,여,83세,중상
2022080300100173,2022년 8월 3일 11시,수요일,부산광역시 금정구 부곡동,사망사고,1,0,0,0,차대사람 - 길가장자리구역통행중,안전운전불이행,건조,맑음,교차로 - 교차로횡단보도내,화물,남,40세,상해없음,보행자,여,85세,사망
2.02208E+15,2022년 8월 3일 12시,수요일,부산광역시 남구 용호동,중상사고,0,1,0,0,차대차 - 정면충돌,중앙선침범,건조,맑음,교차로 - 교차로부근,승용,여,39세,기타불명,자전거,남,62세,중상
2022080300100201,2022년 8월 3일 12시,수요일,부산광역시 수영구 광안동,경상사고,0,0,1,0,차대차 - 기타,기타,건조,맑음,교차로 - 교차로부근,승용,남,55세,기타불명,이륜,남,29세,경상
2022080300100202,2022년 8월 3일 12시,수요일,부산광역시 부산진구 개금동,중상사고,0,1,0,0,차대사람 - 기타,안전운전불이행,건조,맑음,기타 - 기타,이륜,남,23세,상해없음,보행자,여,72세,중상
2022080300100241,2022년 8월 3일 13시,수요일,부산광역시 중구 남포동4가,부상신고사고,0,0,0,1,차대차 - 측면충돌,차로위반,건조,맑음,단일로 - 기타,이륜,남,58세,부상신고,승합,남,42세,상해없음
2022080300100242,2022년 8월 3일 13시,수요일,부산광역시 동래구 안락동,경상사고,0,0,1,0,차대사람 - 횡단중,보행자보호의무위반,건조,맑음,단일로 - 기타,승용,여,61세,상해없음,보행자,여,26세,경상
2022080300100243,2022년 8월 3일 13시,수요일,부산광역시 기장군 기장읍,부상신고사고,0,0,0,1,차대차 - 기타,직진우회전진행방해,건조,맑음,교차로 - 교차로부근,화물,남,55세,상해없음,이륜,남,22세,부상신고
2.02208E+15,2022년 8월 3일 14시,수요일,부산광역시 동래구 온천동,경상사고,0,0,1,0,차대사람 - 보도통행중,안전운전불이행,건조,맑음,단일로 - 기타,개인형이동수단(PM),남,40세,상해없음,보행자,여,40세,경상
2022080300100271,2022년 8월 3일 14시,수요일,부산광역시 사하구 괴정동,경상사고,0,0,1,0,차대차 - 측면충돌,교차로운행방법위반,건조,맑음,교차로 - 교차로안,승용,남,21세,상해없음,이륜,남,39세,경상
2022080300100301,2022년 8월 3일 15시,수요일,부산광역시 동래구 안락동,중상사고,0,1,0,0,차대사람 - 횡단중,보행자보호의무위반,건조,맑음,교차로 - 교차로안,승용,남,65세,상해없음,보행자,여,58세,중상
2022080300100302,2022년 8월 3일 15시,수요일,부산광역시 해운대구 중동,경상사고,0,0,2,0,차대차 - 정면충돌,차로위반,건조,맑음,단일로 - 기타,승용,남,69세,상해없음,승용,남,30세,경상
2022080300100303,2022년 8월 3일 15시,수요일,부산광역시 부산진구 연지동,경상사고,0,0,2,0,차대차 - 측면충돌,안전거리미확보,건조,맑음,단일로 - 기타,승용,남,76세,상해없음,승용,여,23세,경상
2022080300100304,2022년 8월 3일 15시,수요일,부산광역시 기장군 기장읍,경상사고,0,0,3,0,차대차 - 기타,직진우회전진행방해,건조,맑음,교차로 - 교차로안,승용,남,67세,경상,화물,남,45세,경상
2022080300100398,2022년 8월 3일 18시,수요일,부산광역시 영도구 동삼동,경상사고,0,0,1,0,차대차 - 추돌,안전운전불이행,건조,맑음,단일로 - 지하차도(도로)내,승용,남,57세,상해없음,승용,남,48세,경상
2022080300100399,2022년 8월 3일 18시,수요일,부산광역시 기장군 기장읍,경상사고,0,0,2,0,차대차 - 기타,안전운전불이행,건조,맑음,단일로 - 기타,승용,여,48세,상해없음,승용,남,62세,경상
2022080300100441,2022년 8월 3일 19시,수요일,부산광역시 수영구 광안동,경상사고,0,0,1,0,차대차 - 기타,불법유턴,건조,맑음,교차로 - 교차로안,승용,남,40세,상해없음,특수,남,58세,경상
2022080300100477,2022년 8월 3일 20시,수요일,부산광역시 부산진구 양정동,경상사고,0,0,1,0,차대차 - 측면충돌,안전운전불이행,건조,맑음,교차로 - 교차로부근,승용,남,68세,상해없음,이륜,남,45세,경상
2022080300100501,2022년 8월 3일 21시,수요일,부산광역시 수영구 광안동,경상사고,0,0,1,0,차대차 - 측면충돌,교차로운행방법위반,건조,맑음,교차로 - 교차로부근,승용,남,28세,상해없음,승용,남,65세,경상
2022080300100502,2022년 8월 3일 21시,수요일,부산광역시 강서구 명지동,경상사고,0,0,1,0,차대차 - 기타,신호위반,건조,맑음,교차로 - 교차로안,승용,남,37세,상해없음,승용,남,48세,경상
2022080400100047,2022년 8월 4일 07시,목요일,부산광역시 금정구 금사동,경상사고,0,0,4,0,차대차 - 기타,신호위반,건조,맑음,교차로 - 교차로안,승용,남,72세,경상,승용,여,62세,경상
2022080400100048,2022년 8월 4일 07시,목요일,부산광역시 연제구 연산동,중상사고,0,1,0,0,차대사람 - 기타,안전운전불이행,건조,맑음,단일로 - 기타,승용,남,82세,상해없음,보행자,여,67세,중상
2022080400100068,2022년 8월 4일 08시,목요일,부산광역시 영도구 봉래동2가,경상사고,0,0,1,0,차대사람 - 기타,안전운전불이행,건조,맑음,단일로 - 기타,승합,남,47세,기타불명,보행자,여,53세,경상
2022080400100069,2022년 8월 4일 08시,목요일,부산광역시 연제구 거제동,경상사고,0,0,1,0,차대차 - 측면충돌,신호위반,건조,맑음,교차로 - 교차로횡단보도내,승용,남,19세,상해없음,이륜,남,46세,경상
2022080400100098,2022년 8월 4일 09시,목요일,부산광역시 금정구 부곡동,경상사고,0,0,1,0,차대사람 - 기타,안전운전불이행,건조,맑음,교차로 - 교차로안,화물,남,36세,상해없음,보행자,남,8세,경상
2022080400100127,2022년 8월 4일 10시,목요일,부산광역시 금정구 부곡동,중상사고,0,1,0,0,차대사람 - 기타,안전운전불이행,건조,맑음,교차로 - 교차로부근,승용,남,65세,상해없음,보행자,여,76세,중상
2022080400100128,2022년 8월 4일 10시,목요일,부산광역시 연제구 연산동,중상사고,0,1,2,0,차대차 - 기타,안전운전불이행,건조,맑음,교차로 - 교차로안,화물,남,61세,상해없음,승용,여,38세,중상
2022080400100193,2022년 8월 4일 12시,목요일,부산광역시 금정구 두구동,경상사고,0,0,1,0,차대사람 - 기타,안전운전불이행,건조,맑음,교차로 - 교차로안,승용,여,29세,상해없음,보행자,남,62세,경상
2022080400100194,2022년 8월 4일 12시,목요일,부산광역시 사상구 모라동,중상사고,0,1,0,0,차대차 - 정면충돌,안전운전불이행,건조,맑음,단일로 - 지하차도(도로)내,화물,남,71세,기타불명,이륜,남,48세,중상
2022080400100195,2022년 8월 4일 12시,목요일,부산광역시 사상구 괘법동,경상사고,0,0,1,0,차대차 - 기타,중앙선침범,건조,맑음,교차로 - 교차로부근,승용,남,72세,상해없음,이륜,남,24세,경상
2022080400100224,2022년 8월 4일 13시,목요일,부산광역시 사상구 모라동,중상사고,0,1,0,0,차대사람 - 차도통행중,안전운전불이행,건조,맑음,단일로 - 지하차도(도로)내,승용,남,63세,상해없음,보행자,여,54세,중상
2022080400100258,2022년 8월 4일 14시,목요일,부산광역시 부산진구 당감동,경상사고,0,0,1,1,차대차 - 기타,안전운전불이행,건조,맑음,단일로 - 기타,이륜,남,49세,부상신고,승용,여,52세,경상
2022080400100259,2022년 8월 4일 14시,목요일,부산광역시 연제구 연산동,중상사고,0,1,1,0,차대사람 - 횡단중,신호위반,젖음/습기,비,단일로 - 기타,화물,남,63세,상해없음,보행자,남,15세,중상
2022080400100346,2022년 8월 4일 16시,목요일,부산광역시 수영구 남천동,중상사고,0,1,0,0,차대사람 - 횡단중,보행자보호의무위반,건조,맑음,단일로 - 기타,승용,여,42세,상해없음,보행자,여,7세,중상
2022080400100347,2022년 8월 4일 16시,목요일,부산광역시 해운대구 우동,중상사고,0,2,2,0,차대차 - 기타,안전거리미확보,건조,맑음,단일로 - 기타,화물,남,64세,상해없음,승용,남,48세,중상
2022080400100371,2022년 8월 4일 17시,목요일,부산광역시 수영구 수영동,경상사고,0,0,1,0,차대사람 - 기타,안전운전불이행,건조,맑음,단일로 - 기타,승합,남,72세,상해없음,보행자,여,79세,경상
2022080400100413,2022년 8월 4일 18시,목요일,부산광역시 금정구 구서동,경상사고,0,0,1,0,차대사람 - 차도통행중,안전운전불이행,건조,맑음,단일로 - 기타,승용,여,47세,상해없음,보행자,남,37세,경상
2022080400100503,2022년 8월 4일 21시,목요일,부산광역시 부산진구 전포동,경상사고,0,0,1,0,차대사람 - 기타,안전운전불이행,건조,맑음,단일로 - 기타,승용,남,25세,상해없음,보행자,남,25세,경상
2022080400100504,2022년 8월 4일 21시,목요일,부산광역시 사하구 괴정동,중상사고,0,1,0,0,차량단독 - 기타,안전운전불이행,건조,맑음,단일로 - 기타,승합,남,60세,상해없음,,,,
2022080400100505,2022년 8월 4일 21시,목요일,부산광역시 기장군 장안읍,경상사고,0,0,1,0,차대차 - 추돌,안전운전불이행,건조,맑음,단일로 - 기타,승용,남,40세,상해없음,화물,남,56세,경상
2022080400100521,2022년 8월 4일 22시,목요일,부산광역시 서구 동대신동1가,중상사고,0,1,5,0,차대차 - 정면충돌,중앙선침범,건조,맑음,단일로 - 교량,승용,여,44세,경상,승용,남,64세,중상
2022080400100522,2022년 8월 4일 22시,목요일,부산광역시 사하구 괴정동,중상사고,0,1,0,0,차대차 - 측면충돌,안전운전불이행,건조,맑음,단일로 - 기타,화물,남,60세,상해없음,승용,여,28세,중상
2022080500100002,2022년 8월 5일 00시,금요일,부산광역시 사하구 신평동,중상사고,0,1,0,0,차대사람 - 횡단중,신호위반,건조,맑음,단일로 - 기타,이륜,남,20세,기타불명,보행자,남,33세,중상
2022080500100028,2022년 8월 5일 03시,금요일,부산광역시 연제구 연산동,경상사고,0,0,1,0,차대차 - 추돌,안전운전불이행,건조,맑음,단일로 - 기타,이륜,남,16세,상해없음,승용,여,70세,경상
2022080500100055,2022년 8월 5일 07시,금요일,부산광역시 남구 대연동,경상사고,0,0,2,0,차대차 - 추돌,안전거리미확보,건조,맑음,단일로 - 기타,승용,남,26세,상해없음,승용,남,38세,경상
2022080500100079,2022년 8월 5일 08시,금요일,부산광역시 강서구 명지동,중상사고,0,4,0,0,차대차 - 측면충돌,기타,건조,맑음,교차로 - 교차로부근,이륜,남,26세,중상,승용,여,35세,중상
2022080500100106,2022년 8월 5일 09시,금요일,부산광역시 남구 대연동,경상사고,0,0,1,0,차대차 - 추돌,안전운전불이행,건조,맑음,단일로 - 기타,화물,남,46세,상해없음,승용,남,51세,경상
2022080500100107,2022년 8월 5일 09시,금요일,부산광역시 금정구 장전동,경상사고,0,0,1,0,차대사람 - 기타,안전운전불이행,건조,맑음,기타 - 기타,승용,남,54세,상해없음,보행자,남,48세,경상
2.02208E+15,2022년 8월 5일 10시,금요일,부산광역시 동구 좌천동,경상사고,0,0,1,0,차대차 - 측면충돌,안전운전불이행,건조,맑음,단일로 - 기타,승용,남,69세,상해없음,승용,남,37세,상해없음
2022080500100141,2022년 8월 5일 10시,금요일,부산광역시 동래구 명륜동,중상사고,0,1,0,0,차량단독 - 기타,안전운전불이행,건조,맑음,단일로 - 기타,승합,남,66세,상해없음,,,,
2022080500100173,2022년 8월 5일 11시,금요일,부산광역시 부산진구 부전동,부상신고사고,0,0,0,1,차대차 - 기타,안전운전불이행,건조,맑음,교차로 - 교차로안,이륜,남,56세,부상신고,승용,남,25세,상해없음
2022080500100174,2022년 8월 5일 11시,금요일,부산광역시 금정구 구서동,경상사고,0,0,1,1,차대차 - 측면충돌,기타,건조,맑음,교차로 - 교차로안,승용,남,54세,부상신고,원동기,남,26세,경상
2022080500100175,2022년 8월 5일 11시,금요일,부산광역시 연제구 연산동,경상사고,0,0,1,0,차대차 - 기타,신호위반,건조,맑음,교차로 - 교차로안,승용,남,43세,상해없음,원동기,남,18세,경상
2022080500100176,2022년 8월 5일 11시,금요일,부산광역시 사상구 감전동,중상사고,0,1,1,0,차대차 - 정면충돌,중앙선침범,건조,맑음,단일로 - 지하차도(도로)내,승용,남,79세,상해없음,승용,남,30세,중상
2022080500100203,2022년 8월 5일 12시,금요일,부산광역시 중구 보수동1가,경상사고,0,0,1,0,차대차 - 측면충돌,안전운전불이행,건조,맑음,단일로 - 기타,화물,남,64세,상해없음,이륜,남,33세,경상
2022080500100204,2022년 8월 5일 12시,금요일,부산광역시 부산진구 부전동,경상사고,0,0,1,0,차대차 - 기타,안전거리미확보,건조,맑음,기타 - 기타,승용,남,61세,상해없음,승합,남,31세,경상
2022080500100205,2022년 8월 5일 12시,금요일,부산광역시 금정구 구서동,경상사고,0,0,1,0,차대차 - 기타,안전운전불이행,건조,맑음,기타 - 기타,화물,남,70세,상해없음,화물,남,28세,경상
2022080500100206,2022년 8월 5일 12시,금요일,부산광역시 사상구 감전동,경상사고,0,0,1,0,차대차 - 기타,안전운전불이행,건조,맑음,단일로 - 기타,화물,남,58세,상해없음,승용,여,64세,경상
2022080500100207,2022년 8월 5일 12시,금요일,부산광역시 강서구 봉림동,중상사고,0,1,0,0,차대차 - 기타,안전운전불이행,건조,맑음,단일로 - 기타,화물,남,54세,상해없음,승용,남,58세,중상
2022080500100244,2022년 8월 5일 13시,금요일,부산광역시 동구 수정동,경상사고,0,0,3,0,차대차 - 추돌,안전운전불이행,건조,맑음,단일로 - 기타,승용,남,67세,상해없음,승용,남,51세,경상
2022080500100245,2022년 8월 5일 13시,금요일,부산광역시 동구 초량동,경상사고,0,0,2,0,차대차 - 추돌,안전운전불이행,건조,맑음,단일로 - 기타,이륜,남,26세,상해없음,승용,남,50세,경상
2022080500100246,2022년 8월 5일 13시,금요일,부산광역시 금정구 부곡동,경상사고,0,0,1,0,차대차 - 기타,기타,건조,맑음,단일로 - 기타,승용,여,43세,상해없음,이륜,남,31세,경상
2022080500100315,2022년 8월 5일 15시,금요일,부산광역시 중구 동광동5가,경상사고,0,0,3,0,차대차 - 측면충돌,교차로운행방법위반,건조,맑음,교차로 - 교차로부근,승용,남,80세,상해없음,승용,남,60세,경상
2022080500100316,2022년 8월 5일 15시,금요일,부산광역시 사상구 감전동,중상사고,0,1,0,0,차대차 - 기타,안전운전불이행,건조,맑음,단일로 - 기타,승용,남,29세,기타불명,이륜,남,46세,중상
2022080500100358,2022년 8월 5일 16시,금요일,부산광역시 북구 구포동,경상사고,0,0,1,0,차대차 - 기타,안전운전불이행,건조,맑음,단일로 - 기타,화물,남,62세,상해없음,승합,남,61세,경상
2022080500100359,2022년 8월 5일 16시,금요일,부산광역시 기장군 기장읍,경상사고,0,0,2,0,차대차 - 기타,중앙선침범,건조,맑음,단일로 - 기타,승용,여,45세,상해없음,승용,여,24세,경상
2022080500100395,2022년 8월 5일 17시,금요일,부산광역시 수영구 광안동,부상신고사고,0,0,0,1,차대차 - 기타,안전운전불이행,건조,맑음,단일로 - 기타,승용,여,31세,상해없음,승합,남,40세,부상신고
2022080500100396,2022년 8월 5일 17시,금요일,부산광역시 북구 구포동,중상사고,0,1,0,0,차대차 - 기타,안전운전불이행,젖음/습기,흐림,교차로 - 교차로안,이륜,남,51세,중상,승용,여,40세,상해없음
2022080500100397,2022년 8월 5일 17시,금요일,부산광역시 해운대구 중동,중상사고,0,1,0,0,차대사람 - 보도통행중,안전운전불이행,건조,맑음,단일로 - 기타,승용,남,33세,상해없음,보행자,남,65세,중상
2022080500100398,2022년 8월 5일 17시,금요일,부산광역시 부산진구 개금동,경상사고,0,0,1,0,차대차 - 기타,신호위반,건조,맑음,교차로 - 교차로부근,승용,여,26세,상해없음,승용,남,65세,경상
2022080500100399,2022년 8월 5일 17시,금요일,부산광역시 사하구 하단동,경상사고,0,0,3,0,차대차 - 추돌,안전거리미확보,건조,맑음,교차로 - 교차로부근,승용,남,32세,상해없음,승용,여,23세,경상
2022080500100451,2022년 8월 5일 18시,금요일,부산광역시 동래구 온천동,경상사고,0,0,1,0,차대차 - 측면충돌,신호위반,건조,맑음,단일로 - 기타,승용,여,27세,상해없음,승용,남,26세,경상