사고번호,사고일시,요일,시군구,사고내용,사망자수,중상자수,경상자수,부상신고자수,사고유형,법규위반,노면상태,기상상태,도로형태,가해운전자 차종,가해운전자 성별,가해운전자 연령,가해운전자 상해정도,피해운전자 차종,피해운전자 성별,피해운전자 연령,피해운전자 상해정도
2.02208E+15,2022년 8월 10일 10시,수요일,부산광역시 영도구 봉래동3가,경상사고,0,0,1,0,차대차 - 기타,안전운전불이행,건조,맑음,교차로 - 교차로부근,승용,남,66세,상해없음,자전거,남,64세,경상
2022081000100152,2022년 8월 10일 11시,수요일,부산광역시 연제구 거제동,경상사고,0,0,1,0,차대차 - 측면충돌,안전거리미확보,건조,맑음,단일로 - 기타,승용,남,71세,상해없음,원동기,남,24세,경상
2022081000100184,2022년 8월 10일 12시,수요일,부산광역시 영도구 봉래동2가,중상사고,0,1,0,0,차량단독 - 기타,안전운전불이행,건조,맑음,기타 - 기타,이륜,남,75세,중상,,,,
2022081000100209,2022년 8월 10일 13시,수요일,부산광역시 서구 암남동,경상사고,0,0,1,0,차대차 - 측면충돌,안전운전불이행,건조,맑음,단일로 - 기타,화물,남,47세,상해없음,화물,남,35세,경상
2.02208E+15,2022년 8월 10일 13시,수요일,부산광역시 동래구 온천동,중상사고,0,1,0,0,차대사람 - 횡단중,안전운전불이행,건조,맑음,단일로 - 기타,승용,여,66세,상해없음,보행자,남,68세,중상
2022081000100261,2022년 8월 10일 15시,수요일,부산광역시 북구 덕천동,중상사고,0,1,0,0,차대사람 - 횡단중,보행자보호의무위반,건조,맑음,교차로 - 교차로횡단보도내,화물,남,60세,상해없음,보행자,여,71세,중상
2022081000100262,2022년 8월 10일 15시,수요일,부산광역시 부산진구 연지동,경상사고,0,0,1,0,차대차 - 측면충돌,안전운전불이행,건조,맑음,단일로 - 기타,승합,남,60세,상해없음,승용,여,54세,경상
2022081000100304,2022년 8월 10일 16시,수요일,부산광역시 동래구 온천동,중상사고,0,1,4,0,차대차 - 추돌,안전운전불이행,건조,맑음,단일로 - 기타,승합,남,60세,상해없음,승합,남,63세,경상
2022081000100305,2022년 8월 10일 16시,수요일,부산광역시 금정구 장전동,경상사고,0,0,1,0,차대차 - 기타,안전운전불이행,건조,맑음,기타 - 기타,승용,여,46세,상해없음,이륜,남,58세,경상
2022081000100335,2022년 8월 10일 17시,수요일,부산광역시 서구 암남동,경상사고,0,0,2,0,차대차 - 기타,중앙선침범,건조,맑음,단일로 - 기타,화물,남,43세,상해없음,승합,남,68세,경상
2022081000100336,2022년 8월 10일 17시,수요일,부산광역시 서구 초장동,경상사고,0,0,1,0,차대차 - 측면충돌,신호위반,건조,맑음,교차로 - 교차로안,승용,남,31세,상해없음,승용,남,30세,경상
2022081000100337,2022년 8월 10일 17시,수요일,부산광역시 영도구 청학동,경상사고,0,0,1,0,차대차 - 기타,안전운전불이행,건조,맑음,기타 - 기타,이륜,남,48세,상해없음,승용,여,34세,경상
2022081000100338,2022년 8월 10일 17시,수요일,부산광역시 부산진구 연지동,경상사고,0,0,1,0,차대차 - 추돌,안전운전불이행,건조,맑음,단일로 - 기타,승용,남,63세,상해없음,승용,남,44세,상해없음
2022081000100375,2022년 8월 10일 18시,수요일,부산광역시 사상구 모라동,경상사고,0,0,1,0,차대사람 - 보도통행중,신호위반,건조,맑음,교차로 - 교차로부근,이륜,남,18세,상해없음,보행자,여,27세,경상
2022081000100417,2022년 8월 10일 19시,수요일,부산광역시 수영구 민락동,중상사고,0,1,0,0,차대차 - 측면충돌,안전운전불이행,건조,맑음,교차로 - 교차로안,승용,남,61세,상해없음,승용,여,57세,중상
2022081000100418,2022년 8월 10일 19시,수요일,부산광역시 금정구 부곡동,경상사고,0,0,1,0,차대사람 - 기타,안전운전불이행,건조,맑음,단일로 - 기타,승용,남,60세,상해없음,보행자,남,69세,경상
2022081000100451,2022년 8월 10일 20시,수요일,부산광역시 해운대구 우동,중상사고,0,1,0,0,차대차 - 추돌,안전거리미확보,건조,맑음,단일로 - 기타,승용,여,53세,상해없음,이륜,남,68세,중상
2022081000100452,2022년 8월 10일 20시,수요일,부산광역시 연제구 연산동,중상사고,0,1,0,0,차대차 - 측면충돌,차로위반,건조,맑음,단일로 - 기타,승용,남,70세,상해없음,이륜,남,30세,중상
2022081000100481,2022년 8월 10일 21시,수요일,부산광역시 동래구 안락동,중상사고,0,1,0,0,차대차 - 측면충돌,교차로운행방법위반,건조,맑음,교차로 - 교차로안,승용,남,27세,상해없음,이륜,남,67세,중상
2022081000100513,2022년 8월 10일 22시,수요일,부산광역시 부산진구 전포동,경상사고,0,0,1,0,차대차 - 측면충돌,안전운전불이행,건조,맑음,교차로 - 교차로안,원동기,남,22세,상해없음,승용,여,26세,경상
2022081100100051,2022년 8월 11일 06시,목요일,부산광역시 부산진구 당감동,중상사고,0,1,2,0,차량단독 - 공작물충돌,안전운전불이행,건조,맑음,단일로 - 기타,승용,남,73세,상해없음,,,,
2022081100100062,2022년 8월 11일 07시,목요일,부산광역시 남구 문현동,경상사고,0,0,1,0,차대차 - 측면충돌,안전운전불이행,건조,맑음,기타 - 기타,승용,남,64세,상해없음,승용,남,38세,경상
2022081100100123,2022년 8월 11일 10시,목요일,부산광역시 서구 아미동2가,경상사고,0,0,1,0,차대차 - 후진중충돌,안전운전불이행,건조,맑음,단일로 - 기타,승용,남,39세,상해없음,이륜,남,28세,경상
2022081100100124,2022년 8월 11일 10시,목요일,부산광역시 수영구 광안동,경상사고,0,0,1,0,차대차 - 기타,안전거리미확보,건조,맑음,교차로 - 교차로부근,승용,남,67세,상해없음,승용,여,50세,경상
2022081100100137,2022년 8월 11일 11시,목요일,부산광역시 해운대구 중동,경상사고,0,0,2,0,차대차 - 측면충돌,안전운전불이행,건조,맑음,단일로 - 기타,승용,여,19세,기타불명,승용,남,33세,경상
2022081100100138,2022년 8월 11일 11시,목요일,부산광역시 강서구 녹산동,경상사고,0,0,1,0,차대차 - 측면충돌,안전거리미확보,건조,맑음,단일로 - 기타,화물,남,66세,상해없음,승용,남,41세,경상
2022081100100139,2022년 8월 11일 11시,목요일,부산광역시 사상구 덕포동,경상사고,0,0,1,0,차대차 - 측면충돌,불법유턴,건조,맑음,단일로 - 기타,건설기계,남,54세,상해없음,승용,남,73세,경상
2022081100100199,2022년 8월 11일 13시,목요일,부산광역시 동래구 명장동,경상사고,0,0,1,0,차대차 - 측면충돌,안전운전불이행,건조,맑음,단일로 - 기타,승용,여,61세,상해없음,화물,남,41세,경상
2.02208E+15,2022년 8월 11일 13시,목요일,부산광역시 부산진구 전포동,경상사고,0,0,1,0,차대사람 - 길가장자리구역통행중,안전운전불이행,건조,맑음,단일로 - 기타,승용,여,25세,상해없음,보행자,여,22세,경상
2022081100100201,2022년 8월 11일 13시,목요일,부산광역시 부산진구 전포동,중상사고,0,1,1,0,차대차 - 기타,안전운전불이행,건조,맑음,교차로 - 교차로안,승용,남,25세,경상,이륜,남,42세,중상
2022081100100225,2022년 8월 11일 14시,목요일,부산광역시 북구 만덕동,중상사고,0,1,0,0,차대사람 - 보도통행중,기타,건조,맑음,단일로 - 기타,승용,여,47세,상해없음,보행자,여,89세,중상
2022081100100226,2022년 8월 11일 14시,목요일,부산광역시 연제구 연산동,경상사고,0,0,2,0,차대차 - 측면충돌,신호위반,건조,맑음,교차로 - 교차로안,승용,여,51세,상해없음,승용,여,47세,경상
2022081100100227,2022년 8월 11일 14시,목요일,부산광역시 수영구 망미동,중상사고,0,1,1,0,차대차 - 측면충돌,신호위반,건조,맑음,교차로 - 교차로안,승합,여,54세,상해없음,승용,남,54세,중상
2022081100100257,2022년 8월 11일 15시,목요일,부산광역시 남구 대연동,경상사고,0,0,1,0,차대차 - 기타,안전운전불이행,건조,맑음,교차로 - 교차로부근,승용,여,56세,기타불명,승합,남,64세,상해없음
2022081100100258,2022년 8월 11일 15시,목요일,부산광역시 사하구 하단동,중상사고,0,1,0,0,차대사람 - 기타,안전운전불이행,건조,맑음,단일로 - 기타,이륜,남,21세,상해없음,보행자,여,51세,중상
2022081100100296,2022년 8월 11일 16시,목요일,부산광역시 남구 대연동,중상사고,0,1,0,0,차대차 - 추돌,안전운전불이행,건조,맑음,단일로 - 기타,화물,남,56세,상해없음,승용,여,59세,중상
2022081100100297,2022년 8월 11일 16시,목요일,부산광역시 동래구 온천동,중상사고,0,1,0,0,차대사람 - 보도통행중,안전운전불이행,건조,맑음,기타 - 기타,승용,남,49세,상해없음,보행자,남,53세,중상
2022081100100298,2022년 8월 11일 16시,목요일,부산광역시 수영구 망미동,중상사고,0,1,0,0,차대사람 - 길가장자리구역통행중,안전운전불이행,건조,맑음,단일로 - 기타,승합,여,61세,상해없음,보행자,남,73세,중상
2022081100100331,2022년 8월 11일 17시,목요일,부산광역시 금정구 노포동,경상사고,0,0,1,0,차대차 - 기타,안전운전불이행,젖음/습기,비,단일로 - 기타,승용,남,20세,상해없음,승용,남,28세,경상
2.02208E+15,2022년 8월 11일 18시,목요일,부산광역시 동래구 온천동,경상사고,0,0,1,0,차대차 - 측면충돌,기타,젖음/습기,비,교차로 - 교차로안,이륜,남,30세,기타불명,승용,남,62세,경상
2022081100100371,2022년 8월 11일 18시,목요일,부산광역시 부산진구 개금동,경상사고,0,0,1,0,차대사람 - 기타,기타,건조,맑음,단일로 - 기타,이륜,남,21세,상해없음,보행자,남,24세,경상
2.02208E+15,2022년 8월 11일 19시,목요일,부산광역시 해운대구 우동,중상사고,0,1,0,0,차대차 - 측면충돌,안전운전불이행,젖음/습기,비,교차로 - 교차로안,승용,여,44세,상해없음,이륜,남,19세,상해없음
2022081100100401,2022년 8월 11일 19시,목요일,부산광역시 해운대구 중동,중상사고,0,1,0,0,차대사람 - 횡단중,보행자보호의무위반,젖음/습기,비,교차로 - 교차로횡단보도내,승용,남,60세,상해없음,보행자,여,64세,중상
2022081100100402,2022년 8월 11일 19시,목요일,부산광역시 강서구 명지동,중상사고,0,1,0,0,차대차 - 측면충돌,신호위반,건조,맑음,교차로 - 교차로안,승용,남,43세,상해없음,승용,남,70세,중상
2022081100100427,2022년 8월 11일 20시,목요일,부산광역시 부산진구 가야동,경상사고,0,0,1,0,차대차 - 기타,안전운전불이행,젖음/습기,비,단일로 - 기타,승용,남,47세,상해없음,이륜,남,29세,경상
2022081100100428,2022년 8월 11일 20시,목요일,부산광역시 강서구 대저1동,경상사고,0,0,1,0,차대차 - 기타,안전운전불이행,건조,맑음,단일로 - 교량,승용,여,58세,상해없음,승용,남,26세,경상
2022081100100453,2022년 8월 11일 21시,목요일,부산광역시 동래구 낙민동,경상사고,0,0,1,0,차대차 - 기타,교차로운행방법위반,젖음/습기,흐림,교차로 - 교차로안,승용,여,54세,상해없음,이륜,남,38세,경상
2022081100100454,2022년 8월 11일 21시,목요일,부산광역시 부산진구 양정동,중상사고,0,1,0,0,차대차 - 기타,안전거리미확보,젖음/습기,흐림,단일로 - 기타,승용,남,36세,상해없음,이륜,남,23세,중상
2022081100100455,2022년 8월 11일 21시,목요일,부산광역시 금정구 부곡동,경상사고,0,0,1,0,차대차 - 추돌,안전운전불이행,건조,맑음,교차로 - 교차로안,승용,남,21세,상해없음,이륜,남,24세,경상
2022081200100002,2022년 8월 12일 00시,금요일,부산광역시 동구 초량동,중상사고,0,1,0,0,차대사람 - 차도통행중,보행자보호의무위반,건조,맑음,교차로 - 교차로부근,승용,남,55세,상해없음,보행자,여,30세,중상
2022081200100038,2022년 8월 12일 05시,금요일,부산광역시 강서구 생곡동,경상사고,0,0,1,0,차대차 - 기타,안전운전불이행,건조,맑음,교차로 - 교차로횡단보도내,승용,남,20세,상해없음,화물,남,53세,경상
2022081200100046,2022년 8월 12일 06시,금요일,부산광역시 강서구 녹산동,중상사고,0,1,0,0,차대차 - 기타,안전운전불이행,건조,맑음,단일로 - 기타,건설기계,남,61세,상해없음,승용,남,56세,중상
2022081200100059,2022년 8월 12일 07시,금요일,부산광역시 기장군 기장읍,중상사고,0,1,0,0,차대차 - 기타,안전운전불이행,건조,맑음,교차로 - 교차로안,승용,여,74세,상해없음,자전거,남,77세,중상
2022081200100077,2022년 8월 12일 08시,금요일,부산광역시 동래구 명륜동,부상신고사고,0,0,0,1,차대차 - 기타,안전거리미확보,건조,맑음,교차로 - 교차로부근,자전거,남,75세,부상신고,승합,남,52세,상해없음
2022081200100078,2022년 8월 12일 08시,금요일,부산광역시 동래구 안락동,경상사고,0,0,2,0,차대차 - 측면충돌,안전거리미확보,건조,맑음,단일로 - 기타,승용,여,62세,상해없음,승용,남,28세,경상
2022081200100079,2022년 8월 12일 08시,금요일,부산광역시 강서구 죽림동,경상사고,0,0,1,0,차대차 - 기타,안전운전불이행,건조,맑음,단일로 - 기타,화물,남,56세,상해없음,승용,남,30세,경상
2022081200100116,2022년 8월 12일 09시,금요일,부산광역시 남구 대연동,경상사고,0,0,1,0,차대사람 - 횡단중,보행자보호의무위반,건조,맑음,교차로 - 교차로부근,승합,남,73세,상해없음,보행자,여,58세,경상
2022081200100149,2022년 8월 12일 10시,금요일,부산광역시 동구 초량동,경상사고,0,0,1,0,차대사람 - 횡단중,안전운전불이행,건조,맑음,단일로 - 기타,승용,남,74세,상해없음,보행자,남,53세,경상
2.02208E+15,2022년 8월 12일 10시,금요일,부산광역시 남구 용호동,중상사고,0,1,0,0,차대사람 - 횡단중,보행자보호의무위반,건조,맑음,교차로 - 교차로안,화물,남,40세,상해없음,보행자,여,37세,중상
2022081200100151,2022년 8월 12일 10시,금요일,부산광역시 해운대구 우동,경상사고,0,0,1,0,차대차 - 기타,기타,건조,맑음,교차로 - 교차로안,승용,여,37세,상해없음,승용,남,60세,경상
2022081200100152,2022년 8월 12일 10시,금요일,부산광역시 금정구 부곡동,경상사고,0,0,3,0,차대차 - 측면충돌,안전거리미확보,건조,맑음,단일로 - 기타,승용,여,61세,상해없음,승용,여,36세,경상
2022081200100153,2022년 8월 12일 10시,금요일,부산광역시 강서구 명지동,경상사고,0,0,1,0,차대차 - 측면충돌,안전운전불이행,건조,맑음,단일로 - 기타,승용,여,34세,상해없음,승용,남,40세,경상
2022081200100154,2022년 8월 12일 10시,금요일,부산광역시 기장군 일광읍,사망사고,1,0,0,0,차량단독 - 공작물충돌,안전운전불이행,건조,맑음,단일로 - 기타,화물,남,61세,사망,,,,
2022081200100155,2022년 8월 12일 10시,금요일,부산광역시 강서구 대저1동,경상사고,0,0,2,0,차대차 - 추돌,안전거리미확보,건조,맑음,단일로 - 기타,승합,남,72세,상해없음,승용,남,63세,경상
2022081200100182,2022년 8월 12일 11시,금요일,부산광역시 영도구 봉래동3가,중상사고,0,1,0,0,차대사람 - 기타,안전운전불이행,건조,맑음,단일로 - 기타,승용,여,43세,상해없음,보행자,남,73세,중상
2022081200100216,2022년 8월 12일 12시,금요일,부산광역시 서구 동대신동1가,경상사고,0,0,1,0,차대차 - 측면충돌,안전거리미확보,건조,맑음,단일로 - 지하차도(도로)내,승용,남,34세,상해없음,이륜,남,21세,경상
2022081200100217,2022년 8월 12일 12시,금요일,부산광역시 동래구 온천동,경상사고,0,0,1,0,차대차 - 측면충돌,안전운전불이행,건조,맑음,단일로 - 지하차도(도로)내,화물,남,37세,상해없음,원동기,남,28세,경상
2022081200100258,2022년 8월 12일 13시,금요일,부산광역시 해운대구 중동,경상사고,0,0,1,0,차대사람 - 기타,안전운전불이행,건조,맑음,기타 - 기타,승용,여,48세,상해없음,보행자,여,58세,경상
2022081200100259,2022년 8월 12일 13시,금요일,부산광역시 사하구 다대동,경상사고,0,0,1,0,차대차 - 기타,교차로운행방법위반,건조,맑음,교차로 - 교차로안,승용,남,57세,상해없음,승용,남,42세,경상
2.02208E+15,2022년 8월 12일 13시,금요일,부산광역시 기장군 일광읍,경상사고,0,0,2,0,차대차 - 추돌,안전운전불이행,건조,맑음,단일로 - 기타,화물,남,25세,상해없음,승용,여,51세,경상
2022081200100261,2022년 8월 12일 13시,금요일,부산광역시 기장군 일광읍,경상사고,0,0,1,0,차대차 - 추돌,안전운전불이행,건조,맑음,교차로 - 교차로부근,승용,남,73세,상해없음,승용,여,33세,경상
2022081200100262,2022년 8월 12일 13시,금요일,부산광역시 기장군 기장읍,경상사고,0,0,2,0,차대차 - 측면충돌,안전운전불이행,건조,맑음,교차로 - 교차로안,이륜,남,59세,경상,승용,여,30세,경상
2022081200100293,2022년 8월 12일 14시,금요일,부산광역시 남구 대연동,경상사고,0,0,1,0,차대사람 - 기타,안전운전불이행,건조,맑음,단일로 - 기타,자전거,남,61세,기타불명,보행자,여,28세,경상
2022081200100294,2022년 8월 12일 14시,금요일,부산광역시 강서구 명지동,중상사고,0,1,0,0,차대차 - 추돌,안전운전불이행,건조,맑음,단일로 - 기타,화물,남,61세,상해없음,화물,기타불명,미분류,기타불명
2022081200100327,2022년 8월 12일 15시,금요일,부산광역시 부산진구 전포동,중상사고,0,1,0,0,차대사람 - 길가장자리구역통행중,신호위반,건조,흐림,단일로 - 기타,이륜,남,26세,상해없음,보행자,여,6세,중상
2022081200100362,2022년 8월 12일 16시,금요일,부산광역시 사하구 하단동,경상사고,0,0,1,0,차대사람 - 차도통행중,안전운전불이행,건조,맑음,교차로 - 교차로안,승용,남,70세,상해없음,보행자,남,64세,경상
2022081200100401,2022년 8월 12일 17시,금요일,부산광역시 중구 남포동4가,경상사고,0,0,1,0,차대사람 - 차도통행중,안전운전불이행,건조,맑음,단일로 - 기타,자전거,남,60세,상해없음,보행자,남,68세,경상
2022081200100402,2022년 8월 12일 17시,금요일,부산광역시 금정구 회동동,경상사고,0,0,1,0,차대차 - 추돌,기타,건조,맑음,단일로 - 기타,화물,남,54세,상해없음,승용,남,74세,경상
2022081200100452,2022년 8월 12일 18시,금요일,부산광역시 동구 범일동,경상사고,0,0,1,0,차대사람 - 차도통행중,안전운전불이행,건조,맑음,단일로 - 기타,승용,남,37세,상해없음,보행자,여,75세,경상
2022081200100499,2022년 8월 12일 19시,금요일,부산광역시 동래구 안락동,경상사고,0,0,1,0,차대차 - 정면충돌,안전운전불이행,건조,맑음,단일로 - 기타,자전거,남,12세,상해없음,자전거,남,18세,경상
2.02208E+15,2022년 8월 12일 19시,금요일,부산광역시 사상구 괘법동,경상사고,0,0,1,0,차대사람 - 차도통행중,안전운전불이행,건조,맑음,교차로 - 교차로안,화물,남,34세,기타불명,보행자,여,69세,경상
2022081200100501,2022년 8월 12일 19시,금요일,부산광역시 사상구 덕포동,경상사고,0,0,1,0,차대차 - 측면충돌,차로위반,건조,맑음,단일로 - 기타,승용,남,67세,상해없음,승용,남,50세,경상
2022081200100502,2022년 8월 12일 19시,금요일,부산광역시 기장군 기장읍,중상사고,0,1,0,0,차대차 - 기타,안전운전불이행,건조,맑음,단일로 - 기타,승합,남,66세,상해없음,승용,여,32세,중상
2022081200100543,2022년 8월 12일 20시,금요일,부산광역시 중구 남포동6가,경상사고,0,0,1,0,차대사람 - 보도통행중,기타,건조,맑음,교차로 - 교차로부근,승용,여,64세,상해없음,보행자,남,42세,경상
2022081200100544,2022년 8월 12일 20시,금요일,부산광역시 해운대구 반여동,경상사고,0,0,4,0,차대차 - 기타,안전운전불이행,건조,맑음,단일로 - 고가도로위,승용,남,59세,상해없음,승용,남,52세,경상
2022081200100578,2022년 8월 12일 21시,금요일,부산광역시 동래구 명륜동,사망사고,1,1,0,0,차량단독 - 공작물충돌,기타,건조,맑음,단일로 - 기타,원동기,남,17세,사망,,,,
2022081200100605,2022년 8월 12일 22시,금요일,부산광역시 남구 문현동,중상사고,0,1,0,0,차대사람 - 기타,안전운전불이행,건조,맑음,교차로 - 교차로부근,승용,여,26세,상해없음,보행자,남,61세,중상
2022081200100627,2022년 8월 12일 23시,금요일,부산광역시 사하구 괴정동,중상사고,0,1,0,0,차대사람 - 기타,안전운전불이행,건조,맑음,단일로 - 기타,승용,여,57세,상해없음,보행자,남,42세,중상
2022081300100001,2022년 8월 13일 00시,토요일,부산광역시 부산진구 전포동,경상사고,0,0,1,0,차대차 - 기타,안전운전불이행,건조,맑음,교차로 - 교차로안,승용,여,52세,상해없음,이륜,남,34세,경상
2022081300100002,2022년 8월 13일 00시,토요일,부산광역시 부산진구 전포동,경상사고,0,0,1,0,차대차 - 측면충돌,안전운전불이행,건조,맑음,기타 - 기타,승용,남,67세,상해없음,승용,여,34세,경상
2022081300100025,2022년 8월 13일 02시,토요일,부산광역시 동구 범일동,경상사고,0,0,1,0,차대차 - 측면충돌,교차로운행방법위반,건조,맑음,교차로 - 교차로안,승용,남,49세,상해없음,승용,남,52세,경상
2022081300100026,2022년 8월 13일 02시,토요일,부산광역시 부산진구 전포동,중상사고,0,1,0,0,차량단독 - 기타,안전운전불이행,건조,맑음,기타 - 기타,이륜,남,22세,중상,,,,
2022081300100048,2022년 8월 13일 05시,토요일,부산광역시 북구 화명동,부상신고사고,0,0,0,1,차대차 - 기타,안전거리미확보,건조,맑음,교차로 - 교차로안,승용,남,49세,상해없음,원동기,남,18세,부상신고
2022081300100057,2022년 8월 13일 06시,토요일,부산광역시 부산진구 부전동,경상사고,0,0,1,0,차대사람 - 횡단중,안전운전불이행,건조,맑음,단일로 - 기타,화물,남,70세,상해없음,보행자,여,63세,경상
2022081300100064,2022년 8월 13일 07시,토요일,부산광역시 강서구 화전동,경상사고,0,0,1,0,차대차 - 측면충돌,안전거리미확보,건조,맑음,교차로 - 교차로안,승용,남,46세,상해없음,승용,남,43세,경상
2022081300100114,2022년 8월 13일 10시,토요일,부산광역시 부산진구 부암동,경상사고,0,0,2,0,차대차 - 기타,안전운전불이행,건조,맑음,단일로 - 기타,화물,남,67세,상해없음,승용,남,45세,경상
2022081300100138,2022년 8월 13일 11시,토요일,부산광역시 사하구 하단동,중상사고,0,1,0,0,차대차 - 기타,안전운전불이행,건조,맑음,단일로 - 기타,승용,남,48세,상해없음,이륜,남,41세,중상
2022081300100139,2022년 8월 13일 11시,토요일,부산광역시 사상구 엄궁동,경상사고,0,0,1,0,차대차 - 측면충돌,안전거리미확보,건조,맑음,교차로 - 교차로횡단보도내,승용,여,27세,상해없음,승용,남,37세,경상
2022081300100215,2022년 8월 13일 13시,토요일,부산광역시 남구 대연동,경상사고,0,0,1,0,차대차 - 기타,안전운전불이행,건조,맑음,교차로 - 교차로안,승용,남,61세,상해없음,승용,여,27세,경상
2022081300100216,2022년 8월 13일 13시,토요일,부산광역시 해운대구 송정동,중상사고,0,1,2,0,차대차 - 기타,안전운전불이행,기타,맑음,단일로 - 기타,화물,남,44세,상해없음,승용,남,27세,경상
2022081300100217,2022년 8월 13일 13시,토요일,부산광역시 부산진구 가야동,경상사고,0,0,1,0,차대차 - 측면충돌,교차로운행방법위반,건조,맑음,교차로 - 교차로안,승용,여,53세,상해없음,승용,남,70세,경상
2022081300100255,2022년 8월 13일 14시,토요일,부산광역시 금정구 노포동,경상사고,0,0,1,4,차대차 - 추돌,안전거리미확보,건조,맑음,단일로 - 기타,승용,여,27세,상해없음,승용,남,41세,경상
2022081300100286,2022년 8월 13일 15시,토요일,부산광역시 영도구 영선동1가,중상사고,0,1,3,0,차대차 - 기타,안전운전불이행,건조,맑음,단일로 - 기타,승용,남,71세,기타불명,승용,남,29세,경상
2022081300100318,2022년 8월 13일 16시,토요일,부산광역시 서구 동대신동3가,경상사고,0,0,1,0,차대차 - 측면충돌,직진우회전진행방해,건조,맑음,교차로 - 교차로안,승용,남,22세,기타불명,승용,여,41세,경상
2022081300100319,2022년 8월 13일 16시,토요일,부산광역시 수영구 광안동,경상사고,0,0,1,0,차대사람 - 차도통행중,안전운전불이행,건조,맑음,단일로 - 기타,승용,여,45세,상해없음,보행자,여,52세,경상
2022081300100375,2022년 8월 13일 18시,토요일,부산광역시 동구 좌천동,경상사고,0,0,1,0,차대차 - 추돌,안전운전불이행,건조,맑음,단일로 - 기타,화물,남,44세,상해없음,승용,남,68세,경상
2022081300100376,2022년 8월 13일 18시,토요일,부산광역시 해운대구 반여동,중상사고,0,1,0,0,차대사람 - 기타,안전운전불이행,건조,맑음,교차로 - 교차로안,승용,남,62세,상해없음,보행자,남,37세,중상
2022081300100404,2022년 8월 13일 19시,토요일,부산광역시 사하구 구평동,경상사고,0,0,2,0,차대차 - 측면충돌,안전운전불이행,건조,맑음,교차로 - 교차로안,승용,여,21세,상해없음,승용,남,31세,경상
2022081300100405,2022년 8월 13일 19시,토요일,부산광역시 기장군 일광읍,경상사고,0,0,2,0,차대사람 - 횡단중,보행자보호의무위반,건조,맑음,단일로 - 기타,승용,남,39세,상해없음,보행자,남,11세,경상
2022081300100473,2022년 8월 13일 21시,토요일,부산광역시 북구 덕천동,경상사고,0,0,1,0,차대사람 - 기타,안전운전불이행,젖음/습기,비,단일로 - 기타,화물,남,76세,상해없음,보행자,남,60세,경상
2022081300100474,2022년 8월 13일 21시,토요일,부산광역시 동래구 온천동,경상사고,0,0,2,0,차대차 - 기타,교차로운행방법위반,건조,맑음,교차로 - 교차로안,승합,남,65세,상해없음,승용,남,22세,경상
2022081300100518,2022년 8월 13일 23시,토요일,부산광역시 해운대구 좌동,중상사고,0,1,2,0,차대차 - 기타,기타,기타,맑음,단일로 - 교량,승용,남,21세,상해없음,승용,남,44세,경상
2022081400100002,2022년 8월 14일 00시,일요일,부산광역시 기장군 철마면,경상사고,0,0,2,0,차대차 - 추돌,안전운전불이행,건조,맑음,교차로 - 교차로부근,화물,남,30세,상해없음,승용,남,52세,경상
2022081400100045,2022년 8월 14일 05시,일요일,부산광역시 동래구 안락동,중상사고,0,1,0,0,차대차 - 측면충돌,안전운전불이행,건조,맑음,교차로 - 교차로안,승용,남,20세,상해없음,승합,남,61세,중상
2022081400100052,2022년 8월 14일 06시,일요일,부산광역시 연제구 거제동,경상사고,0,0,1,0,차대차 - 측면충돌,안전운전불이행,건조,맑음,단일로 - 기타,승용,여,58세,상해없음,승용,남,70세,경상
2022081400100073,2022년 8월 14일 09시,일요일,부산광역시 부산진구 부전동,경상사고,0,0,1,1,차대차 - 측면충돌,불법유턴,건조,기타,단일로 - 기타,이륜,남,69세,부상신고,화물,여,48세,경상
2022081400100083,2022년 8월 14일 10시,일요일,부산광역시 남구 대연동,경상사고,0,0,1,0,차대차 - 후진중충돌,안전운전불이행,건조,맑음,단일로 - 기타,승용,남,40세,상해없음,승용,남,37세,경상
2022081400100104,2022년 8월 14일 11시,일요일,부산광역시 기장군 일광읍,중상사고,0,1,0,0,차대사람 - 기타,안전운전불이행,건조,맑음,기타 - 기타,승용,남,44세,상해없음,보행자,여,42세,중상
2022081400100154,2022년 8월 14일 13시,일요일,부산광역시 수영구 남천동,중상사고,0,2,0,0,차대차 - 기타,안전운전불이행,건조,맑음,교차로 - 교차로안,승용,여,50세,상해없음,승용,여,27세,중상
2022081400100155,2022년 8월 14일 13시,일요일,부산광역시 수영구 광안동,경상사고,0,0,1,0,차대차 - 후진중충돌,안전운전불이행,건조,맑음,교차로 - 교차로부근,승용,남,54세,상해없음,승용,남,32세,경상
2022081400100172,2022년 8월 14일 14시,일요일,부산광역시 기장군 기장읍,경상사고,0,0,1,1,차대차 - 기타,안전운전불이행,건조,맑음,교차로 - 교차로부근,승용,남,35세,상해없음,승용,남,24세,경상
2022081400100186,2022년 8월 14일 15시,일요일,부산광역시 수영구 민락동,중상사고,0,1,0,0,차대차 - 기타,기타,건조,맑음,단일로 - 기타,승용,여,52세,상해없음,자전거,남,45세,중상
2022081400100187,2022년 8월 14일 15시,일요일,부산광역시 수영구 수영동,경상사고,0,0,2,1,차대차 - 측면충돌,안전거리미확보,건조,맑음,단일로 - 기타,승용,남,27세,부상신고,승용,남,50세,경상