사고번호,사고일시,요일,시군구,사고내용,사망자수,중상자수,경상자수,부상신고자수,사고유형,법규위반,노면상태,기상상태,도로형태,가해운전자 차종,가해운전자 성별,가해운전자 연령,가해운전자 상해정도,피해운전자 차종,피해운전자 성별,피해운전자 연령,피해운전자 상해정도
2022081400100188,2022년 8월 14일 15시,일요일,부산광역시 해운대구 송정동,경상사고,0,0,1,0,차대차 - 추돌,안전운전불이행,건조,맑음,교차로 - 교차로부근,승용,여,68세,상해없음,승용,남,27세,경상
2022081400100206,2022년 8월 14일 16시,일요일,부산광역시 부산진구 범천동,중상사고,0,2,0,0,차대차 - 측면충돌,교차로운행방법위반,건조,맑음,교차로 - 교차로안,이륜,남,70세,중상,승용,남,64세,상해없음
2022081400100207,2022년 8월 14일 16시,일요일,부산광역시 수영구 수영동,경상사고,0,0,1,0,차대차 - 측면충돌,안전운전불이행,건조,맑음,기타 - 기타,자전거,남,59세,상해없음,자전거,남,58세,경상
2022081400100208,2022년 8월 14일 16시,일요일,부산광역시 기장군 기장읍,경상사고,0,0,1,0,차대차 - 기타,안전운전불이행,건조,맑음,교차로 - 교차로안,승용,남,46세,상해없음,승용,여,43세,경상
2022081400100262,2022년 8월 14일 18시,일요일,부산광역시 수영구 민락동,중상사고,0,1,0,0,차대사람 - 기타,기타,건조,맑음,교차로 - 교차로횡단보도내,승용,남,43세,상해없음,보행자,남,24세,중상
2022081400100289,2022년 8월 14일 19시,일요일,부산광역시 서구 동대신동3가,중상사고,0,1,3,0,차대차 - 추돌,안전운전불이행,건조,맑음,교차로 - 교차로부근,화물,남,70세,상해없음,승용,남,32세,중상
2.02208E+15,2022년 8월 14일 19시,일요일,부산광역시 영도구 청학동,경상사고,0,0,2,0,차대차 - 정면충돌,중앙선침범,건조,흐림,단일로 - 지하차도(도로)내,화물,남,71세,경상,승용,남,62세,경상
2022081400100312,2022년 8월 14일 20시,일요일,부산광역시 수영구 광안동,중상사고,0,1,0,0,차대차 - 기타,신호위반,건조,맑음,단일로 - 기타,승용,남,61세,상해없음,이륜,남,32세,중상
2022081400100373,2022년 8월 14일 23시,일요일,부산광역시 수영구 민락동,경상사고,0,0,3,0,차대차 - 기타,교차로운행방법위반,건조,맑음,교차로 - 교차로안,화물,남,43세,상해없음,승용,남,35세,경상
2022081500100008,2022년 8월 15일 01시,월요일,부산광역시 중구 남포동2가,경상사고,0,0,1,0,차대사람 - 기타,안전운전불이행,건조,맑음,단일로 - 기타,승용,남,61세,상해없음,보행자,남,26세,경상
2022081500100019,2022년 8월 15일 02시,월요일,부산광역시 수영구 망미동,경상사고,0,0,4,0,차대차 - 기타,신호위반,건조,맑음,교차로 - 교차로안,승용,남,26세,상해없음,승용,남,68세,경상
2.02208E+15,2022년 8월 15일 02시,월요일,부산광역시 연제구 연산동,중상사고,0,1,1,0,차대차 - 기타,중앙선침범,건조,맑음,단일로 - 기타,승용,남,66세,상해없음,이륜,남,43세,중상
2022081500100052,2022년 8월 15일 06시,월요일,부산광역시 서구 토성동1가,경상사고,0,0,2,0,차대차 - 추돌,안전운전불이행,건조,맑음,교차로 - 교차로부근,승용,남,22세,상해없음,승용,남,41세,경상
2022081500100071,2022년 8월 15일 08시,월요일,부산광역시 강서구 명지동,경상사고,0,0,2,0,차대차 - 측면충돌,안전운전불이행,건조,맑음,교차로 - 교차로안,승용,남,51세,기타불명,승용,남,35세,경상
2022081500100082,2022년 8월 15일 09시,월요일,부산광역시 기장군 정관읍,경상사고,0,0,1,0,차대차 - 추돌,안전운전불이행,건조,맑음,단일로 - 기타,승용,남,35세,상해없음,승용,남,44세,경상
2022081500100113,2022년 8월 15일 11시,월요일,부산광역시 서구 서대신동2가,중상사고,0,1,0,0,차대사람 - 횡단중,안전운전불이행,건조,맑음,단일로 - 기타,승용,남,61세,상해없음,보행자,여,89세,중상
2022081500100114,2022년 8월 15일 11시,월요일,부산광역시 연제구 거제동,경상사고,0,0,2,0,차대차 - 측면충돌,안전운전불이행,건조,맑음,단일로 - 기타,승용,여,46세,상해없음,승용,남,30세,경상
2022081500100149,2022년 8월 15일 12시,월요일,부산광역시 연제구 거제동,경상사고,0,0,1,0,차대사람 - 기타,안전운전불이행,건조,맑음,단일로 - 기타,승용,남,62세,상해없음,보행자,여,58세,경상
2022081500100183,2022년 8월 15일 13시,월요일,부산광역시 중구 중앙동4가,경상사고,0,0,1,0,차대차 - 기타,교차로운행방법위반,건조,맑음,단일로 - 기타,승용,남,76세,상해없음,승용,남,35세,경상
2022081500100185,2022년 8월 15일 13시,월요일,부산광역시 부산진구 당감동,중상사고,0,1,0,0,차대사람 - 횡단중,안전운전불이행,건조,맑음,기타 - 기타,이륜,남,65세,상해없음,보행자,여,63세,중상
2022081500100186,2022년 8월 15일 13시,월요일,부산광역시 강서구 명지동,경상사고,0,0,3,0,차대차 - 기타,중앙선침범,건조,맑음,교차로 - 교차로부근,승용,남,49세,상해없음,승용,남,34세,경상
2022081500100218,2022년 8월 15일 14시,월요일,부산광역시 부산진구 부암동,경상사고,0,0,1,0,차대차 - 추돌,안전운전불이행,건조,맑음,교차로 - 교차로부근,이륜,남,61세,상해없음,승용,여,37세,상해없음
2022081500100219,2022년 8월 15일 14시,월요일,부산광역시 연제구 연산동,중상사고,0,1,0,0,차대사람 - 차도통행중,신호위반,건조,맑음,교차로 - 교차로부근,이륜,남,24세,상해없음,보행자,여,68세,중상
2.02208E+15,2022년 8월 15일 14시,월요일,부산광역시 기장군 정관읍,경상사고,0,0,1,0,차대차 - 추돌,안전운전불이행,건조,맑음,교차로 - 교차로부근,승용,여,32세,상해없음,화물,남,37세,경상
2022081500100244,2022년 8월 15일 15시,월요일,부산광역시 중구 부평동4가,경상사고,0,0,1,0,차대차 - 측면충돌,신호위반,건조,맑음,단일로 - 기타,화물,남,37세,상해없음,이륜,남,59세,경상
2022081500100245,2022년 8월 15일 15시,월요일,부산광역시 동구 범일동,경상사고,0,0,1,0,차대차 - 측면충돌,안전운전불이행,건조,맑음,단일로 - 기타,승용,남,38세,상해없음,승용,남,29세,경상
2022081500100246,2022년 8월 15일 15시,월요일,부산광역시 서구 암남동,경상사고,0,0,2,0,차대차 - 측면충돌,안전운전불이행,건조,맑음,단일로 - 기타,승용,남,30세,경상,승용,남,33세,경상
2022081500100271,2022년 8월 15일 16시,월요일,부산광역시 중구 영주동,중상사고,0,2,1,0,차대차 - 측면충돌,안전운전불이행,건조,맑음,단일로 - 기타,승용,남,61세,상해없음,승용,남,50세,경상
2022081500100272,2022년 8월 15일 16시,월요일,부산광역시 동구 좌천동,부상신고사고,0,0,0,1,차대차 - 기타,차로위반,건조,맑음,기타 - 기타,이륜,남,30세,부상신고,승합,남,44세,상해없음
2022081500100273,2022년 8월 15일 16시,월요일,부산광역시 부산진구 개금동,경상사고,0,0,4,0,차대차 - 추돌,안전운전불이행,건조,맑음,단일로 - 기타,이륜,남,26세,상해없음,승용,남,41세,경상
2022081500100274,2022년 8월 15일 16시,월요일,부산광역시 부산진구 개금동,경상사고,0,0,2,0,차대차 - 추돌,안전운전불이행,건조,맑음,단일로 - 기타,승용,남,32세,상해없음,승용,여,45세,경상
2022081500100302,2022년 8월 15일 17시,월요일,부산광역시 동래구 온천동,경상사고,0,0,1,0,차대사람 - 보도통행중,안전운전불이행,건조,맑음,기타 - 기타,자전거,남,19세,상해없음,보행자,남,39세,경상
2022081500100303,2022년 8월 15일 17시,월요일,부산광역시 금정구 장전동,경상사고,0,0,1,0,차대사람 - 기타,안전운전불이행,건조,맑음,기타 - 기타,승용,여,26세,상해없음,보행자,남,50세,경상
2022081500100326,2022년 8월 15일 18시,월요일,부산광역시 기장군 철마면,경상사고,0,0,1,0,차대차 - 측면충돌,안전운전불이행,건조,맑음,단일로 - 기타,승용,남,65세,상해없음,승용,여,59세,경상
2022081500100376,2022년 8월 15일 20시,월요일,부산광역시 강서구 명지동,경상사고,0,0,1,0,차대차 - 측면충돌,교차로운행방법위반,건조,맑음,교차로 - 교차로안,승용,남,25세,상해없음,승용,남,33세,경상
2.02208E+15,2022년 8월 15일 21시,월요일,부산광역시 북구 구포동,경상사고,0,0,1,0,차대차 - 측면충돌,안전운전불이행,건조,맑음,교차로 - 교차로안,승용,남,24세,기타불명,이륜,남,48세,경상
2022081500100401,2022년 8월 15일 21시,월요일,부산광역시 영도구 청학동,경상사고,0,0,1,0,차대사람 - 보도통행중,기타,건조,맑음,기타 - 기타,이륜,남,43세,상해없음,보행자,남,42세,경상
2022081500100402,2022년 8월 15일 21시,월요일,부산광역시 부산진구 부암동,경상사고,0,0,1,0,차대차 - 기타,안전운전불이행,건조,맑음,단일로 - 기타,승용,남,72세,상해없음,이륜,남,44세,경상
2022081500100421,2022년 8월 15일 22시,월요일,부산광역시 중구 창선동2가,경상사고,0,0,1,0,차대차 - 추돌,안전운전불이행,건조,맑음,단일로 - 기타,승용,남,40세,상해없음,이륜,남,22세,경상
2022081500100438,2022년 8월 15일 23시,월요일,부산광역시 남구 대연동,부상신고사고,0,0,0,1,차대사람 - 기타,안전운전불이행,건조,맑음,단일로 - 기타,승용,남,60세,상해없음,보행자,남,23세,부상신고
2.02208E+15,2022년 8월 16일 01시,화요일,부산광역시 부산진구 부전동,중상사고,0,1,0,0,차대사람 - 기타,안전운전불이행,건조,맑음,교차로 - 교차로안,승용,남,72세,상해없음,보행자,여,60세,중상
2022081600100035,2022년 8월 16일 06시,화요일,부산광역시 동구 범일동,중상사고,0,1,0,0,차대사람 - 기타,안전운전불이행,건조,맑음,단일로 - 기타,자전거,남,53세,상해없음,보행자,여,83세,중상
2022081600100072,2022년 8월 16일 08시,화요일,부산광역시 남구 대연동,중상사고,0,1,0,0,차대사람 - 차도통행중,안전운전불이행,건조,맑음,교차로 - 교차로안,승용,남,62세,상해없음,보행자,여,51세,중상
2022081600100073,2022년 8월 16일 08시,화요일,부산광역시 사하구 괴정동,경상사고,0,0,1,0,차대차 - 추돌,안전거리미확보,건조,맑음,단일로 - 기타,승용,남,21세,기타불명,승용,남,37세,경상
2022081600100074,2022년 8월 16일 08시,화요일,부산광역시 기장군 정관읍,경상사고,0,0,1,0,차대차 - 추돌,안전운전불이행,건조,맑음,교차로 - 교차로부근,승용,남,24세,기타불명,승용,여,48세,경상
2022081600100105,2022년 8월 16일 09시,화요일,부산광역시 동구 범일동,경상사고,0,0,2,0,차대차 - 측면충돌,교차로운행방법위반,건조,맑음,교차로 - 교차로안,승용,남,30세,상해없음,승합,남,67세,경상
2.02208E+15,2022년 8월 16일 10시,화요일,부산광역시 남구 문현동,부상신고사고,0,0,0,1,차량단독 - 전도전복 - 전도,안전운전불이행,젖음/습기,비,단일로 - 고가도로위,이륜,남,14세,상해없음,,,,
2022081600100165,2022년 8월 16일 11시,화요일,부산광역시 남구 문현동,중상사고,0,1,0,0,차대차 - 정면충돌,중앙선침범,젖음/습기,비,단일로 - 기타,승용,남,66세,상해없음,승용,남,59세,중상
2022081600100166,2022년 8월 16일 11시,화요일,부산광역시 동래구 사직동,경상사고,0,0,1,0,차대사람 - 횡단중,보행자보호의무위반,젖음/습기,비,교차로 - 교차로횡단보도내,승용,여,44세,상해없음,보행자,여,9세,경상
2022081600100167,2022년 8월 16일 11시,화요일,부산광역시 부산진구 범천동,중상사고,0,1,0,0,차대차 - 기타,기타,젖음/습기,비,단일로 - 기타,이륜,남,29세,중상,승용,여,49세,상해없음
2022081600100168,2022년 8월 16일 11시,화요일,부산광역시 금정구 회동동,경상사고,0,0,2,0,차대차 - 추돌,안전거리미확보,건조,흐림,단일로 - 기타,화물,남,37세,상해없음,화물,남,70세,경상
2022081600100237,2022년 8월 16일 13시,화요일,부산광역시 남구 대연동,경상사고,0,0,2,0,차대차 - 기타,안전운전불이행,건조,맑음,단일로 - 기타,승합,남,65세,경상,승용,여,43세,경상
2022081600100238,2022년 8월 16일 13시,화요일,부산광역시 연제구 연산동,부상신고사고,0,0,0,1,차대차 - 기타,기타,건조,맑음,단일로 - 기타,승용,남,53세,상해없음,이륜,남,31세,부상신고
2022081600100278,2022년 8월 16일 14시,화요일,부산광역시 중구 부평동2가,경상사고,0,0,1,0,차대차 - 측면충돌,차로위반,건조,맑음,단일로 - 기타,승용,남,65세,상해없음,승용,남,63세,경상
2022081600100279,2022년 8월 16일 14시,화요일,부산광역시 동구 좌천동,경상사고,0,0,1,0,차대차 - 기타,차로위반,건조,맑음,단일로 - 기타,특수,남,54세,상해없음,화물,남,54세,경상
2.02208E+15,2022년 8월 16일 14시,화요일,부산광역시 서구 부민동2가,경상사고,0,0,2,0,차대차 - 기타,안전운전불이행,건조,맑음,단일로 - 기타,승용,여,50세,상해없음,승용,남,61세,경상
2022081600100281,2022년 8월 16일 14시,화요일,부산광역시 북구 만덕동,경상사고,0,0,1,0,차대차 - 측면충돌,신호위반,젖음/습기,비,교차로 - 교차로안,승용,여,48세,상해없음,이륜,남,46세,경상
2022081600100282,2022년 8월 16일 14시,화요일,부산광역시 연제구 거제동,사망사고,1,0,0,0,차대사람 - 횡단중,보행자보호의무위반,젖음/습기,비,단일로 - 기타,승용,남,51세,상해없음,보행자,여,75세,사망
2022081600100312,2022년 8월 16일 15시,화요일,부산광역시 중구 영주동,중상사고,0,1,0,0,차대사람 - 차도통행중,안전운전불이행,젖음/습기,비,교차로 - 교차로부근,이륜,남,64세,기타불명,보행자,여,81세,중상
2022081600100344,2022년 8월 16일 16시,화요일,부산광역시 부산진구 부전동,경상사고,0,0,1,0,차대차 - 기타,안전운전불이행,젖음/습기,맑음,교차로 - 교차로안,승용,여,34세,상해없음,원동기,남,30세,경상
2022081600100345,2022년 8월 16일 16시,화요일,부산광역시 부산진구 양정동,경상사고,0,0,1,0,차량단독 - 전도전복 - 전도,안전운전불이행,건조,맑음,단일로 - 기타,이륜,남,47세,경상,,,,
2.02208E+15,2022년 8월 16일 17시,화요일,부산광역시 해운대구 우동,경상사고,0,0,1,1,차대차 - 기타,신호위반,건조,맑음,교차로 - 교차로부근,이륜,남,54세,부상신고,승용,남,27세,경상
2022081600100381,2022년 8월 16일 17시,화요일,부산광역시 사하구 다대동,경상사고,0,0,1,0,차대사람 - 보도통행중,기타,젖음/습기,비,기타 - 기타,승용,남,77세,상해없음,보행자,여,53세,경상
2022081600100382,2022년 8월 16일 17시,화요일,부산광역시 강서구 명지동,경상사고,0,0,1,0,차대차 - 측면충돌,교차로운행방법위반,젖음/습기,비,교차로 - 교차로안,승용,여,36세,상해없음,승용,남,41세,경상
2022081600100429,2022년 8월 16일 18시,화요일,부산광역시 남구 용호동,경상사고,0,0,1,0,차대차 - 기타,안전거리미확보,젖음/습기,비,단일로 - 기타,승용,남,54세,기타불명,이륜,남,19세,경상
2022081600100461,2022년 8월 16일 19시,화요일,부산광역시 남구 대연동,경상사고,0,0,1,0,차대차 - 측면충돌,안전운전불이행,건조,맑음,단일로 - 기타,승용,여,50세,상해없음,승용,여,48세,경상
2022081600100462,2022년 8월 16일 19시,화요일,부산광역시 북구 덕천동,부상신고사고,0,0,0,1,차대사람 - 기타,기타,젖음/습기,비,단일로 - 기타,승용,남,19세,상해없음,보행자,남,64세,부상신고
2022081600100463,2022년 8월 16일 19시,화요일,부산광역시 금정구 부곡동,경상사고,0,0,1,0,차대사람 - 횡단중,보행자보호의무위반,젖음/습기,비,교차로 - 교차로안,승합,여,59세,상해없음,보행자,여,61세,경상
2022081600100464,2022년 8월 16일 19시,화요일,부산광역시 금정구 장전동,경상사고,0,0,2,0,차대차 - 추돌,안전운전불이행,젖음/습기,비,단일로 - 기타,승용,남,36세,상해없음,승용,여,71세,경상
2022081600100465,2022년 8월 16일 19시,화요일,부산광역시 강서구 녹산동,경상사고,0,0,1,0,차대차 - 측면충돌,안전거리미확보,젖음/습기,비,단일로 - 지하차도(도로)내,승용,남,43세,상해없음,승용,남,39세,경상
2022081600100466,2022년 8월 16일 19시,화요일,부산광역시 기장군 정관읍,경상사고,0,0,1,0,차대차 - 기타,안전운전불이행,젖음/습기,비,교차로 - 교차로부근,이륜,남,31세,상해없음,승용,여,40세,경상
2022081600100498,2022년 8월 16일 20시,화요일,부산광역시 동구 수정동,경상사고,0,0,1,0,차대차 - 측면충돌,신호위반,젖음/습기,비,교차로 - 교차로부근,화물,여,53세,상해없음,승용,남,27세,경상
2022081600100499,2022년 8월 16일 20시,화요일,부산광역시 해운대구 우동,경상사고,0,0,2,0,차대차 - 측면충돌,기타,젖음/습기,비,단일로 - 기타,승용,여,45세,상해없음,승용,남,32세,경상
2022081600100539,2022년 8월 16일 22시,화요일,부산광역시 서구 토성동4가,경상사고,0,0,1,0,차량단독 - 공작물충돌,안전운전불이행,젖음/습기,비,교차로 - 교차로부근,승용,남,46세,상해없음,,,,
2.02208E+15,2022년 8월 16일 22시,화요일,부산광역시 남구 대연동,경상사고,0,0,2,0,차대차 - 측면충돌,신호위반,젖음/습기,비,교차로 - 교차로안,기타불명,기타불명,미분류,기타불명,승용,여,35세,경상
2022081600100541,2022년 8월 16일 22시,화요일,부산광역시 부산진구 부암동,경상사고,0,0,1,0,차대사람 - 횡단중,신호위반,젖음/습기,비,교차로 - 교차로횡단보도내,이륜,남,35세,기타불명,보행자,여,31세,경상
2022081600100561,2022년 8월 16일 23시,화요일,부산광역시 동래구 사직동,경상사고,0,0,1,0,차량단독 - 공작물충돌,안전운전불이행,젖음/습기,비,단일로 - 기타,승용,남,63세,상해없음,,,,
2022081600100562,2022년 8월 16일 23시,화요일,부산광역시 연제구 거제동,경상사고,0,0,1,0,차대차 - 측면충돌,교차로운행방법위반,젖음/습기,비,교차로 - 교차로안,승용,남,57세,상해없음,승용,여,30세,경상
2022081600100563,2022년 8월 16일 23시,화요일,부산광역시 강서구 강동동,경상사고,0,0,1,0,차량단독 - 기타,안전운전불이행,젖음/습기,비,단일로 - 기타,승용,남,49세,상해없음,,,,
2022081700100043,2022년 8월 17일 05시,수요일,부산광역시 수영구 광안동,경상사고,0,0,1,0,차대차 - 추돌,안전운전불이행,젖음/습기,비,교차로 - 교차로부근,승용,남,26세,상해없음,승용,여,31세,경상
2022081700100044,2022년 8월 17일 05시,수요일,부산광역시 수영구 남천동,경상사고,0,0,1,0,차량단독 - 공작물충돌,안전운전불이행,젖음/습기,맑음,단일로 - 기타,승용,남,42세,경상,,,,
2022081700100058,2022년 8월 17일 07시,수요일,부산광역시 수영구 남천동,경상사고,0,0,2,0,차대차 - 정면충돌,안전운전불이행,젖음/습기,비,단일로 - 기타,승합,남,50세,상해없음,승용,남,69세,경상
2.02208E+15,2022년 8월 17일 07시,수요일,부산광역시 부산진구 부전동,중상사고,0,1,0,0,차량단독 - 기타,안전운전불이행,건조,맑음,단일로 - 기타,원동기,남,67세,중상,,,,
2022081700100128,2022년 8월 17일 09시,수요일,부산광역시 연제구 연산동,중상사고,0,1,1,0,차대차 - 기타,안전운전불이행,건조,맑음,교차로 - 교차로부근,이륜,남,77세,중상,화물,남,48세,경상
2022081700100129,2022년 8월 17일 09시,수요일,부산광역시 사상구 삼락동,경상사고,0,0,1,0,차대차 - 기타,신호위반,건조,맑음,교차로 - 교차로안,화물,남,58세,기타불명,승용,남,59세,경상
2022081700100159,2022년 8월 17일 10시,수요일,부산광역시 강서구 신호동,경상사고,0,0,1,0,차대차 - 기타,안전운전불이행,건조,맑음,교차로 - 교차로부근,화물,남,66세,상해없음,자전거,여,10세,경상
2022081700100188,2022년 8월 17일 11시,수요일,부산광역시 남구 대연동,경상사고,0,0,1,0,차량단독 - 전도전복 - 전도,안전운전불이행,건조,맑음,교차로 - 교차로부근,이륜,남,32세,경상,,,,
2022081700100257,2022년 8월 17일 13시,수요일,부산광역시 동구 초량동,중상사고,0,1,0,0,차대사람 - 차도통행중,안전운전불이행,젖음/습기,비,단일로 - 지하차도(도로)내,승용,남,67세,상해없음,보행자,여,75세,중상
2022081700100258,2022년 8월 17일 13시,수요일,부산광역시 동래구 사직동,경상사고,0,0,1,0,차대차 - 기타,신호위반,젖음/습기,맑음,교차로 - 교차로안,이륜,남,36세,경상,승용,남,51세,상해없음
2022081700100259,2022년 8월 17일 13시,수요일,부산광역시 사상구 학장동,경상사고,0,0,1,0,차대차 - 추돌,안전운전불이행,젖음/습기,비,교차로 - 교차로부근,화물,남,58세,상해없음,승용,여,67세,경상
2.02208E+15,2022년 8월 17일 13시,수요일,부산광역시 기장군 기장읍,경상사고,0,0,1,0,차대차 - 기타,안전거리미확보,젖음/습기,비,교차로 - 교차로부근,승용,여,23세,상해없음,승용,여,35세,경상
2022081700100292,2022년 8월 17일 14시,수요일,부산광역시 북구 만덕동,경상사고,0,0,1,0,차대차 - 후진중충돌,안전운전불이행,건조,흐림,교차로 - 교차로부근,화물,남,72세,상해없음,승용,여,36세,경상
2022081700100293,2022년 8월 17일 14시,수요일,부산광역시 해운대구 반여동,경상사고,0,0,1,0,차대차 - 측면충돌,안전운전불이행,젖음/습기,비,교차로 - 교차로안,승용,여,46세,상해없음,이륜,남,49세,경상
2022081700100294,2022년 8월 17일 14시,수요일,부산광역시 해운대구 재송동,부상신고사고,0,0,0,1,차대차 - 추돌,안전거리미확보,젖음/습기,비,단일로 - 기타,이륜,남,63세,부상신고,승용,여,82세,상해없음
2022081700100295,2022년 8월 17일 14시,수요일,부산광역시 부산진구 가야동,중상사고,0,1,0,0,차대차 - 측면충돌,안전운전불이행,젖음/습기,비,단일로 - 기타,승합,남,52세,상해없음,이륜,남,23세,중상
2022081700100296,2022년 8월 17일 14시,수요일,부산광역시 강서구 대저1동,경상사고,0,0,1,0,차대차 - 추돌,안전거리미확보,건조,맑음,단일로 - 기타,특수,남,50세,상해없음,승용,여,48세,경상
2022081700100326,2022년 8월 17일 15시,수요일,부산광역시 해운대구 우동,경상사고,0,0,1,1,차대차 - 추돌,안전운전불이행,젖음/습기,비,교차로 - 교차로안,승용,남,65세,기타불명,승용,여,45세,부상신고
2022081700100365,2022년 8월 17일 16시,수요일,부산광역시 북구 만덕동,경상사고,0,0,1,0,차대차 - 기타,안전거리미확보,건조,맑음,단일로 - 기타,승용,남,73세,상해없음,화물,남,55세,경상
2022081700100366,2022년 8월 17일 16시,수요일,부산광역시 동래구 안락동,경상사고,0,0,1,0,차대차 - 기타,직진우회전진행방해,건조,맑음,교차로 - 교차로부근,화물,남,65세,상해없음,승용,남,57세,상해없음
2022081700100367,2022년 8월 17일 16시,수요일,부산광역시 부산진구 당감동,경상사고,0,0,2,0,차대차 - 기타,안전거리미확보,건조,맑음,기타 - 기타,승용,남,49세,상해없음,승용,남,60세,경상
2022081700100404,2022년 8월 17일 17시,수요일,부산광역시 기장군 일광읍,중상사고,0,1,0,0,차대사람 - 보도통행중,신호위반,건조,맑음,교차로 - 교차로횡단보도내,승합,남,63세,상해없음,보행자,남,6세,중상
2022081700100456,2022년 8월 17일 18시,수요일,부산광역시 부산진구 부전동,중상사고,0,1,0,0,차대사람 - 차도통행중,안전운전불이행,건조,맑음,단일로 - 기타,승합,남,60세,상해없음,보행자,남,75세,중상
2022081700100513,2022년 8월 17일 19시,수요일,부산광역시 금정구 구서동,경상사고,0,0,1,0,차대차 - 후진중충돌,안전운전불이행,건조,맑음,단일로 - 기타,승합,남,80세,상해없음,승합,남,62세,상해없음
2022081700100514,2022년 8월 17일 19시,수요일,부산광역시 수영구 수영동,부상신고사고,0,0,0,1,차대차 - 기타,안전운전불이행,건조,흐림,교차로 - 교차로안,자전거,남,72세,부상신고,승용,여,43세,상해없음
2022081700100547,2022년 8월 17일 20시,수요일,부산광역시 수영구 남천동,경상사고,0,0,1,0,차대차 - 기타,교차로운행방법위반,건조,맑음,단일로 - 기타,승용,여,35세,상해없음,원동기,남,24세,경상
2022081700100578,2022년 8월 17일 21시,수요일,부산광역시 금정구 장전동,경상사고,0,0,1,0,차대차 - 측면충돌,신호위반,건조,맑음,교차로 - 교차로안,승용,남,26세,상해없음,이륜,남,57세,경상
2022081700100608,2022년 8월 17일 22시,수요일,부산광역시 동래구 온천동,경상사고,0,0,1,0,차대차 - 기타,안전운전불이행,건조,맑음,단일로 - 기타,승용,남,66세,상해없음,기타불명,기타불명,미분류,기타불명
2022081800100017,2022년 8월 18일 02시,목요일,부산광역시 부산진구 개금동,경상사고,0,0,4,0,차대차 - 기타,안전거리미확보,건조,맑음,단일로 - 기타,승용,남,40세,상해없음,화물,남,19세,경상
2022081800100041,2022년 8월 18일 06시,목요일,부산광역시 북구 덕천동,경상사고,0,0,1,0,차대차 - 기타,안전운전불이행,건조,맑음,교차로 - 교차로안,승용,남,62세,상해없음,승용,여,46세,경상
2022081800100056,2022년 8월 18일 07시,목요일,부산광역시 강서구 대저2동,경상사고,0,0,1,1,차대차 - 측면충돌,신호위반,건조,맑음,교차로 - 교차로안,승용,여,29세,상해없음,승용,여,60세,경상
2022081800100152,2022년 8월 18일 10시,목요일,부산광역시 중구 보수동2가,경상사고,0,0,1,0,차대차 - 측면충돌,안전운전불이행,건조,맑음,교차로 - 교차로안,승용,남,50세,상해없음,화물,남,56세,경상
2022081800100153,2022년 8월 18일 10시,목요일,부산광역시 연제구 연산동,경상사고,0,0,1,0,차량단독 - 기타,안전운전불이행,건조,맑음,단일로 - 기타,승합,남,31세,상해없음,,,,
2022081800100154,2022년 8월 18일 10시,목요일,부산광역시 강서구 봉림동,경상사고,0,0,2,0,차대차 - 측면충돌,안전거리미확보,건조,맑음,단일로 - 기타,화물,남,65세,상해없음,승용,남,53세,경상
2022081800100178,2022년 8월 18일 11시,목요일,부산광역시 남구 대연동,중상사고,0,1,0,0,차대차 - 추돌,안전운전불이행,건조,맑음,단일로 - 기타,승용,남,60세,상해없음,이륜,남,41세,중상
2022081800100179,2022년 8월 18일 11시,목요일,부산광역시 남구 용호동,경상사고,0,0,1,0,차대사람 - 기타,안전운전불이행,건조,맑음,교차로 - 교차로부근,승용,남,42세,상해없음,보행자,남,9세,경상
2.02208E+15,2022년 8월 18일 11시,목요일,부산광역시 해운대구 좌동,경상사고,0,0,1,0,차대차 - 기타,중앙선침범,건조,맑음,단일로 - 기타,승용,여,27세,상해없음,승용,남,22세,경상
2022081800100181,2022년 8월 18일 11시,목요일,부산광역시 수영구 수영동,중상사고,0,1,1,0,차대차 - 측면충돌,교차로운행방법위반,건조,맑음,교차로 - 교차로안,승용,남,39세,경상,이륜,남,22세,중상
2022081800100182,2022년 8월 18일 11시,목요일,부산광역시 강서구 대저1동,중상사고,0,1,0,0,차대차 - 기타,불법유턴,건조,흐림,교차로 - 교차로횡단보도내,이륜,남,74세,중상,화물,남,41세,상해없음
2022081800100225,2022년 8월 18일 12시,목요일,부산광역시 남구 대연동,중상사고,0,1,0,0,차대사람 - 기타,안전운전불이행,건조,맑음,단일로 - 기타,승용,남,41세,상해없음,보행자,여,86세,중상
2022081800100226,2022년 8월 18일 12시,목요일,부산광역시 금정구 금사동,경상사고,0,0,1,0,차량단독 - 기타,기타,건조,맑음,단일로 - 기타,승합,남,51세,상해없음,,,,
2022081800100227,2022년 8월 18일 12시,목요일,부산광역시 강서구 신호동,경상사고,0,0,1,0,차대사람 - 횡단중,보행자보호의무위반,건조,맑음,교차로 - 교차로부근,승용,여,43세,상해없음,보행자,여,41세,경상
2022081800100257,2022년 8월 18일 13시,목요일,부산광역시 사상구 엄궁동,경상사고,0,0,1,0,차대차 - 측면충돌,안전거리미확보,건조,맑음,교차로 - 교차로부근,승용,여,48세,상해없음,화물,남,49세,경상