사고번호,사고일시,요일,시군구,사고내용,사망자수,중상자수,경상자수,부상신고자수,사고유형,법규위반,노면상태,기상상태,도로형태,가해운전자 차종,가해운전자 성별,가해운전자 연령,가해운전자 상해정도,피해운전자 차종,피해운전자 성별,피해운전자 연령,피해운전자 상해정도
2022081800100293,2022년 8월 18일 14시,목요일,부산광역시 서구 충무동1가,경상사고,0,0,1,0,차대차 - 기타,안전운전불이행,건조,맑음,교차로 - 교차로안,자전거,남,32세,경상,승용,남,61세,상해없음
2022081800100294,2022년 8월 18일 14시,목요일,부산광역시 남구 문현동,경상사고,0,0,1,0,차대차 - 기타,안전거리미확보,건조,맑음,교차로 - 교차로부근,승용,여,29세,상해없음,승용,여,27세,경상
2022081800100295,2022년 8월 18일 14시,목요일,부산광역시 영도구 봉래동3가,경상사고,0,0,1,0,차대차 - 기타,안전운전불이행,건조,맑음,단일로 - 기타,승용,남,24세,상해없음,자전거,남,11세,경상
2022081800100319,2022년 8월 18일 15시,목요일,부산광역시 금정구 구서동,경상사고,0,0,2,0,차대차 - 추돌,안전운전불이행,건조,맑음,단일로 - 기타,화물,남,50세,상해없음,승용,여,48세,경상
2022081800100386,2022년 8월 18일 17시,목요일,부산광역시 서구 서대신동2가,경상사고,0,0,1,0,차대차 - 추돌,안전운전불이행,건조,맑음,단일로 - 기타,승용,여,28세,상해없음,승용,여,41세,경상
2022081800100387,2022년 8월 18일 17시,목요일,부산광역시 부산진구 범천동,경상사고,0,0,1,0,차대차 - 기타,안전거리미확보,건조,기타,단일로 - 기타,승용,여,46세,기타불명,승용,남,50세,경상
2022081800100388,2022년 8월 18일 17시,목요일,부산광역시 금정구 회동동,경상사고,0,0,1,0,차대차 - 측면충돌,교차로운행방법위반,건조,맑음,교차로 - 교차로안,승용,여,65세,상해없음,승용,남,47세,경상
2022081800100389,2022년 8월 18일 17시,목요일,부산광역시 연제구 거제동,중상사고,0,1,0,0,차대차 - 기타,안전거리미확보,건조,맑음,단일로 - 기타,이륜,남,60세,상해없음,이륜,남,31세,중상
2.02208E+15,2022년 8월 18일 18시,목요일,부산광역시 부산진구 전포동,중상사고,0,1,0,0,차대사람 - 기타,안전운전불이행,건조,맑음,교차로 - 교차로부근,승용,남,47세,상해없음,보행자,남,10세,중상
2022081800100476,2022년 8월 18일 19시,목요일,부산광역시 중구 남포동6가,경상사고,0,0,1,0,차대차 - 측면충돌,신호위반,건조,맑음,교차로 - 교차로안,승용,남,57세,상해없음,승용,남,62세,상해없음
2022081800100478,2022년 8월 18일 19시,목요일,부산광역시 동래구 사직동,경상사고,0,0,1,0,차대사람 - 횡단중,안전운전불이행,건조,맑음,단일로 - 기타,승용,여,47세,상해없음,보행자,남,13세,경상
2022081800100508,2022년 8월 18일 20시,목요일,부산광역시 사하구 당리동,경상사고,0,0,1,0,차대차 - 측면충돌,신호위반,건조,맑음,교차로 - 교차로안,승용,여,54세,상해없음,승용,여,56세,경상
2022081800100509,2022년 8월 18일 20시,목요일,부산광역시 강서구 강동동,중상사고,0,1,0,0,차대사람 - 기타,안전운전불이행,건조,맑음,단일로 - 기타,승용,여,50세,상해없음,보행자,여,44세,중상
2022081800100531,2022년 8월 18일 21시,목요일,부산광역시 해운대구 중동,경상사고,0,0,2,0,차대사람 - 기타,안전운전불이행,건조,맑음,단일로 - 기타,승용,남,63세,상해없음,보행자,여,35세,경상
2022081800100566,2022년 8월 18일 23시,목요일,부산광역시 사하구 다대동,중상사고,0,2,0,0,차량단독 - 전도전복 - 전도,안전운전불이행,건조,맑음,단일로 - 기타,이륜,남,56세,중상,,,,
2022081900100008,2022년 8월 19일 00시,금요일,부산광역시 사하구 신평동,경상사고,0,0,1,0,차대사람 - 기타,안전운전불이행,건조,맑음,단일로 - 기타,승용,남,48세,상해없음,보행자,남,36세,경상
2022081900100028,2022년 8월 19일 03시,금요일,부산광역시 동래구 온천동,경상사고,0,0,2,0,차대차 - 정면충돌,중앙선침범,건조,맑음,단일로 - 터널,승용,남,78세,상해없음,승용,여,48세,경상
2022081900100036,2022년 8월 19일 05시,금요일,부산광역시 남구 용호동,중상사고,0,1,0,0,차대차 - 추돌,안전운전불이행,건조,맑음,교차로 - 교차로부근,승용,남,69세,상해없음,승용,남,77세,상해없음
2022081900100084,2022년 8월 19일 08시,금요일,부산광역시 해운대구 좌동,경상사고,0,0,1,0,차대차 - 추돌,안전운전불이행,건조,맑음,기타 - 기타,승용,남,33세,상해없음,승용,남,31세,상해없음
2022081900100085,2022년 8월 19일 08시,금요일,부산광역시 동구 수정동,중상사고,0,1,2,0,차대차 - 추돌,안전거리미확보,건조,맑음,단일로 - 터널,승용,남,61세,경상,승용,남,65세,중상
2022081900100086,2022년 8월 19일 08시,금요일,부산광역시 강서구 송정동,중상사고,0,1,0,0,차대차 - 기타,중앙선침범,건조,맑음,단일로 - 기타,화물,남,55세,상해없음,승용,남,30세,중상
2022081900100122,2022년 8월 19일 09시,금요일,부산광역시 사하구 하단동,경상사고,0,0,2,0,차대차 - 추돌,안전운전불이행,건조,맑음,교차로 - 교차로안,승용,남,68세,상해없음,화물,남,55세,경상
2022081900100123,2022년 8월 19일 09시,금요일,부산광역시 사상구 삼락동,중상사고,0,1,1,0,차대차 - 추돌,안전운전불이행,건조,맑음,단일로 - 기타,화물,남,61세,기타불명,승용,남,49세,중상
2022081900100152,2022년 8월 19일 10시,금요일,부산광역시 남구 대연동,중상사고,0,1,0,0,차대차 - 측면충돌,안전운전불이행,건조,맑음,교차로 - 교차로부근,승용,남,44세,상해없음,개인형이동수단(PM),남,33세,중상
2022081900100153,2022년 8월 19일 10시,금요일,부산광역시 동래구 사직동,경상사고,0,0,3,0,차대차 - 측면충돌,신호위반,건조,맑음,교차로 - 교차로안,승용,남,66세,상해없음,승용,남,53세,경상
2022081900100154,2022년 8월 19일 10시,금요일,부산광역시 수영구 망미동,사망사고,1,0,0,0,차대사람 - 차도통행중,안전운전불이행,건조,맑음,단일로 - 기타,화물,남,69세,상해없음,보행자,남,88세,사망
2022081900100193,2022년 8월 19일 11시,금요일,부산광역시 사하구 장림동,부상신고사고,0,0,0,1,차대차 - 추돌,신호위반,건조,맑음,단일로 - 기타,원동기,남,63세,부상신고,화물,남,61세,상해없음
2022081900100194,2022년 8월 19일 11시,금요일,부산광역시 연제구 연산동,경상사고,0,0,1,0,차대사람 - 횡단중,보행자보호의무위반,건조,맑음,단일로 - 기타,화물,남,29세,상해없음,보행자,여,79세,경상
2022081900100195,2022년 8월 19일 11시,금요일,부산광역시 연제구 거제동,경상사고,0,0,1,0,차대사람 - 기타,중앙선침범,건조,맑음,단일로 - 기타,승용,남,73세,상해없음,보행자,여,63세,경상
2022081900100225,2022년 8월 19일 12시,금요일,부산광역시 남구 감만동,경상사고,0,0,1,0,차대차 - 기타,안전운전불이행,건조,맑음,단일로 - 기타,승용,남,32세,상해없음,승용,남,33세,경상
2022081900100226,2022년 8월 19일 12시,금요일,부산광역시 북구 구포동,경상사고,0,0,1,0,차대차 - 기타,안전운전불이행,건조,맑음,교차로 - 교차로부근,원동기,남,24세,경상,화물,남,53세,상해없음
2022081900100227,2022년 8월 19일 12시,금요일,부산광역시 부산진구 가야동,경상사고,0,0,1,0,차대사람 - 길가장자리구역통행중,기타,건조,맑음,단일로 - 기타,승용,남,65세,기타불명,보행자,남,51세,경상
2022081900100228,2022년 8월 19일 12시,금요일,부산광역시 강서구 송정동,경상사고,0,0,1,0,차대차 - 기타,안전운전불이행,건조,맑음,단일로 - 기타,승용,여,42세,상해없음,화물,남,52세,경상
2022081900100269,2022년 8월 19일 13시,금요일,부산광역시 부산진구 개금동,중상사고,0,1,0,0,차대사람 - 횡단중,보행자보호의무위반,건조,기타,교차로 - 교차로횡단보도내,화물,남,50세,상해없음,보행자,남,88세,중상
2.02208E+15,2022년 8월 19일 14시,금요일,부산광역시 중구 남포동5가,경상사고,0,0,1,0,차대차 - 추돌,안전운전불이행,건조,맑음,교차로 - 교차로부근,승용,여,55세,상해없음,승용,남,63세,경상
2022081900100291,2022년 8월 19일 14시,금요일,부산광역시 사하구 신평동,경상사고,0,0,1,0,차대차 - 측면충돌,안전거리미확보,건조,맑음,단일로 - 기타,승용,남,71세,상해없음,승용,여,31세,경상
2022081900100331,2022년 8월 19일 15시,금요일,부산광역시 금정구 부곡동,경상사고,0,0,1,0,차대차 - 측면충돌,교차로운행방법위반,건조,맑음,교차로 - 교차로안,승용,여,65세,상해없음,화물,남,64세,경상
2022081900100398,2022년 8월 19일 17시,금요일,부산광역시 동래구 낙민동,경상사고,0,0,1,0,차대사람 - 횡단중,보행자보호의무위반,건조,맑음,교차로 - 교차로횡단보도내,승용,남,67세,상해없음,보행자,남,10세,경상
2022081900100443,2022년 8월 19일 18시,금요일,부산광역시 금정구 장전동,경상사고,0,0,4,0,차대차 - 기타,교차로운행방법위반,건조,맑음,교차로 - 교차로안,승용,남,19세,경상,승용,여,52세,경상
2022081900100501,2022년 8월 19일 19시,금요일,부산광역시 영도구 영선동3가,중상사고,0,1,0,0,차대사람 - 기타,안전운전불이행,건조,맑음,단일로 - 기타,승합,남,31세,상해없음,보행자,여,71세,중상
2022081900100502,2022년 8월 19일 19시,금요일,부산광역시 연제구 연산동,경상사고,0,0,1,0,차대사람 - 보도통행중,기타,건조,맑음,기타 - 기타,이륜,남,80세,상해없음,보행자,남,23세,경상
2022081900100503,2022년 8월 19일 19시,금요일,부산광역시 강서구 대저1동,중상사고,0,1,1,0,차대차 - 추돌,기타,건조,맑음,단일로 - 기타,승용,남,52세,상해없음,승용,남,44세,경상
2022082000100028,2022년 8월 20일 02시,토요일,부산광역시 동래구 사직동,경상사고,0,0,1,0,차대차 - 추돌,안전거리미확보,건조,맑음,단일로 - 기타,승용,남,39세,상해없음,승용,남,74세,경상
2022082000100082,2022년 8월 20일 07시,토요일,부산광역시 사상구 엄궁동,경상사고,0,0,1,0,차대차 - 측면충돌,안전운전불이행,건조,맑음,단일로 - 기타,건설기계,남,38세,상해없음,승용,남,66세,경상
2022082000100096,2022년 8월 20일 08시,토요일,부산광역시 동구 초량동,경상사고,0,0,2,0,차대차 - 측면충돌,안전거리미확보,건조,맑음,단일로 - 기타,화물,남,63세,상해없음,승용,남,32세,경상
2022082000100111,2022년 8월 20일 09시,토요일,부산광역시 영도구 봉래동4가,경상사고,0,0,1,0,차대차 - 기타,교차로운행방법위반,건조,맑음,교차로 - 교차로안,승용,남,67세,상해없음,승용,남,30세,경상
2022082000100168,2022년 8월 20일 11시,토요일,부산광역시 동구 범일동,중상사고,0,1,0,0,차대사람 - 횡단중,안전운전불이행,건조,맑음,단일로 - 기타,승용,남,26세,상해없음,보행자,여,77세,중상
2022082000100214,2022년 8월 20일 12시,토요일,부산광역시 남구 우암동,중상사고,0,2,0,0,차대차 - 측면충돌,안전운전불이행,건조,맑음,교차로 - 교차로안,승용,남,45세,상해없음,승용,남,32세,중상
2022082000100215,2022년 8월 20일 12시,토요일,부산광역시 금정구 부곡동,경상사고,0,0,2,0,차대차 - 추돌,안전운전불이행,젖음/습기,비,단일로 - 기타,승용,여,40세,상해없음,승용,여,42세,경상
2022082000100216,2022년 8월 20일 12시,토요일,부산광역시 기장군 기장읍,경상사고,0,0,1,0,차대사람 - 기타,안전운전불이행,젖음/습기,비,교차로 - 교차로안,이륜,남,25세,상해없음,보행자,여,52세,경상
2022082000100259,2022년 8월 20일 13시,토요일,부산광역시 북구 구포동,경상사고,0,0,5,0,차대차 - 추돌,안전운전불이행,젖음/습기,비,교차로 - 교차로부근,승용,여,61세,상해없음,승용,여,41세,경상
2.02208E+15,2022년 8월 20일 13시,토요일,부산광역시 금정구 선동,중상사고,0,1,0,0,차대차 - 측면충돌,안전운전불이행,젖음/습기,비,교차로 - 교차로안,화물,남,68세,상해없음,원동기,남,61세,중상
2022082000100311,2022년 8월 20일 14시,토요일,부산광역시 북구 덕천동,경상사고,0,0,1,0,차대차 - 측면충돌,신호위반,젖음/습기,비,교차로 - 교차로안,승용,남,60세,상해없음,이륜,남,43세,경상
2022082000100312,2022년 8월 20일 14시,토요일,부산광역시 사하구 감천동,중상사고,0,1,0,0,차대사람 - 차도통행중,안전운전불이행,젖음/습기,비,교차로 - 교차로부근,승용,여,59세,상해없음,보행자,여,27세,중상
2022082000100355,2022년 8월 20일 15시,토요일,부산광역시 연제구 연산동,경상사고,0,0,1,0,차대차 - 기타,신호위반,건조,맑음,교차로 - 교차로안,화물,남,70세,상해없음,화물,남,77세,경상
2022082000100356,2022년 8월 20일 15시,토요일,부산광역시 강서구 명지동,경상사고,0,0,1,0,차대차 - 기타,안전운전불이행,건조,맑음,단일로 - 기타,승용,여,39세,상해없음,이륜,남,43세,경상
2022082000100387,2022년 8월 20일 16시,토요일,부산광역시 수영구 민락동,경상사고,0,0,5,0,차대차 - 측면충돌,교차로운행방법위반,건조,맑음,교차로 - 교차로안,승용,남,73세,경상,승용,여,27세,경상
2022082000100429,2022년 8월 20일 17시,토요일,부산광역시 서구 동대신동2가,경상사고,0,0,2,0,차대차 - 측면충돌,신호위반,젖음/습기,흐림,단일로 - 기타,이륜,남,37세,경상,이륜,남,23세,경상
2.02208E+15,2022년 8월 20일 17시,토요일,부산광역시 영도구 청학동,경상사고,0,0,1,0,차대차 - 기타,안전운전불이행,건조,맑음,기타 - 기타,승용,남,70세,상해없음,이륜,남,21세,경상
2022082000100499,2022년 8월 20일 19시,토요일,부산광역시 사상구 모라동,중상사고,0,1,3,0,차대차 - 기타,기타,젖음/습기,비,단일로 - 기타,승용,남,28세,상해없음,승용,남,28세,경상
2.02208E+15,2022년 8월 20일 19시,토요일,부산광역시 강서구 신호동,중상사고,0,1,0,0,차대차 - 기타,신호위반,건조,맑음,교차로 - 교차로안,승용,남,57세,상해없음,이륜,남,25세,중상
2022082000100528,2022년 8월 20일 20시,토요일,부산광역시 동래구 명장동,경상사고,0,0,1,0,차대사람 - 횡단중,안전운전불이행,젖음/습기,비,교차로 - 교차로안,승용,여,48세,상해없음,보행자,여,72세,경상
2022082000100567,2022년 8월 20일 21시,토요일,부산광역시 부산진구 당감동,경상사고,0,0,3,0,차대차 - 추돌,안전운전불이행,젖음/습기,비,단일로 - 기타,승용,남,54세,상해없음,승용,남,55세,경상
2022082000100568,2022년 8월 20일 21시,토요일,부산광역시 부산진구 양정동,경상사고,0,0,1,0,차대차 - 측면충돌,안전운전불이행,젖음/습기,비,교차로 - 교차로안,승용,여,36세,상해없음,승용,남,62세,경상
2022082000100591,2022년 8월 20일 22시,토요일,부산광역시 남구 문현동,경상사고,0,0,2,0,차대차 - 추돌,안전거리미확보,젖음/습기,비,교차로 - 교차로부근,승용,남,30세,기타불명,승용,남,63세,상해없음
2022082000100592,2022년 8월 20일 22시,토요일,부산광역시 부산진구 부전동,중상사고,0,1,0,0,차대사람 - 기타,중앙선침범,젖음/습기,비,교차로 - 교차로안,승용,남,47세,상해없음,보행자,남,24세,중상
2022082000100593,2022년 8월 20일 22시,토요일,부산광역시 부산진구 전포동,경상사고,0,0,1,0,차대차 - 기타,중앙선침범,젖음/습기,비,교차로 - 교차로안,승용,여,45세,상해없음,이륜,남,30세,경상
2.02208E+15,2022년 8월 21일 01시,일요일,부산광역시 중구 중앙동4가,중상사고,0,1,0,0,차대차 - 측면충돌,중앙선침범,젖음/습기,비,단일로 - 고가도로위,승용,남,27세,상해없음,승용,남,54세,중상
2022082100100021,2022년 8월 21일 01시,일요일,부산광역시 사하구 하단동,부상신고사고,0,0,0,1,차대차 - 추돌,안전운전불이행,건조,맑음,단일로 - 기타,원동기,남,23세,부상신고,화물,남,46세,기타불명
2022082100100117,2022년 8월 21일 11시,일요일,부산광역시 중구 중앙동3가,경상사고,0,0,1,0,차량단독 - 기타,기타,건조,맑음,교차로 - 교차로부근,승합,남,47세,상해없음,,,,
2022082100100118,2022년 8월 21일 11시,일요일,부산광역시 중구 중앙동5가,경상사고,0,0,1,0,차대차 - 측면충돌,안전운전불이행,건조,맑음,단일로 - 기타,승용,남,41세,상해없음,승용,남,60세,경상
2022082100100119,2022년 8월 21일 11시,일요일,부산광역시 동구 초량동,경상사고,0,0,3,0,차대차 - 측면충돌,안전거리미확보,건조,맑음,단일로 - 기타,승용,남,26세,상해없음,승용,남,68세,경상
2.02208E+15,2022년 8월 21일 11시,일요일,부산광역시 금정구 청룡동,경상사고,0,0,1,0,차대차 - 기타,중앙선침범,건조,맑음,교차로 - 교차로안,승용,남,66세,상해없음,승용,여,31세,경상
2022082100100141,2022년 8월 21일 12시,일요일,부산광역시 강서구 명지동,경상사고,0,0,2,0,차대차 - 추돌,안전운전불이행,건조,맑음,단일로 - 지하차도(도로)내,승용,남,53세,상해없음,승용,여,35세,경상
2022082100100142,2022년 8월 21일 12시,일요일,부산광역시 기장군 일광읍,경상사고,0,0,1,0,차대차 - 기타,기타,건조,맑음,단일로 - 기타,승용,여,39세,상해없음,자전거,남,46세,경상
2022082100100178,2022년 8월 21일 13시,일요일,부산광역시 서구 초장동,경상사고,0,0,1,0,차대사람 - 기타,안전운전불이행,건조,맑음,단일로 - 기타,화물,남,79세,상해없음,보행자,남,50세,경상
2022082100100179,2022년 8월 21일 13시,일요일,부산광역시 영도구 동삼동,중상사고,0,5,1,0,차대차 - 기타,안전운전불이행,건조,맑음,기타 - 기타,승용,남,78세,상해없음,승용,여,45세,중상
2022082100100211,2022년 8월 21일 14시,일요일,부산광역시 해운대구 재송동,경상사고,0,0,3,0,차대차 - 측면충돌,안전운전불이행,건조,맑음,교차로 - 교차로안,승용,남,30세,상해없음,승용,여,43세,경상
2022082100100212,2022년 8월 21일 14시,일요일,부산광역시 해운대구 반송동,경상사고,0,0,2,0,차대사람 - 기타,기타,건조,맑음,단일로 - 기타,승용,남,63세,상해없음,보행자,남,62세,경상
2022082100100213,2022년 8월 21일 14시,일요일,부산광역시 강서구 신호동,사망사고,1,0,0,0,차대차 - 측면충돌,안전운전불이행,건조,맑음,단일로 - 교량,자전거,남,71세,사망,승용,남,58세,상해없음
2022082100100269,2022년 8월 21일 16시,일요일,부산광역시 부산진구 가야동,경상사고,0,0,1,0,차량단독 - 공작물충돌,기타,건조,맑음,단일로 - 기타,승용,남,67세,상해없음,,,,
2.02208E+15,2022년 8월 21일 16시,일요일,부산광역시 기장군 일광읍,중상사고,0,1,0,0,차대차 - 측면충돌,안전거리미확보,건조,맑음,단일로 - 기타,승용,여,53세,상해없음,이륜,남,29세,중상
2022082100100326,2022년 8월 21일 18시,일요일,부산광역시 중구 중앙동6가,경상사고,0,0,1,0,차대차 - 측면충돌,안전거리미확보,건조,맑음,교차로 - 교차로부근,승용,남,37세,상해없음,승용,여,39세,경상
2022082100100351,2022년 8월 21일 19시,일요일,부산광역시 수영구 망미동,부상신고사고,0,0,0,1,차대차 - 기타,안전운전불이행,건조,맑음,교차로 - 교차로부근,승용,남,48세,상해없음,이륜,남,42세,부상신고
2022082100100352,2022년 8월 21일 19시,일요일,부산광역시 강서구 명지동,경상사고,0,0,3,0,차대차 - 기타,안전거리미확보,건조,맑음,단일로 - 기타,화물,남,61세,상해없음,승용,남,35세,경상
2022082100100397,2022년 8월 21일 21시,일요일,부산광역시 중구 신창동4가,경상사고,0,0,1,0,차대사람 - 기타,안전운전불이행,건조,맑음,교차로 - 교차로안,승용,남,21세,상해없음,보행자,여,41세,경상
2022082100100398,2022년 8월 21일 21시,일요일,부산광역시 중구 중앙동2가,경상사고,0,0,1,0,차대차 - 기타,안전거리미확보,건조,맑음,교차로 - 교차로부근,승용,남,45세,상해없음,승용,남,64세,경상
2022082100100399,2022년 8월 21일 21시,일요일,부산광역시 사하구 괴정동,중상사고,0,1,0,0,차대차 - 측면충돌,신호위반,건조,맑음,단일로 - 기타,이륜,남,50세,기타불명,이륜,남,43세,중상
2.02208E+15,2022년 8월 21일 21시,일요일,부산광역시 연제구 연산동,경상사고,0,0,1,0,차대차 - 추돌,안전운전불이행,건조,맑음,교차로 - 교차로부근,승용,남,72세,상해없음,승용,여,56세,경상
2022082200100021,2022년 8월 22일 05시,월요일,부산광역시 금정구 장전동,중상사고,0,1,0,0,차대차 - 측면충돌,교차로운행방법위반,건조,맑음,교차로 - 교차로안,개인형이동수단(PM),남,22세,기타불명,자전거,남,55세,중상
2022082200100031,2022년 8월 22일 06시,월요일,부산광역시 사상구 주례동,경상사고,0,0,1,0,차대차 - 측면충돌,차로위반,건조,맑음,단일로 - 기타,승용,남,71세,상해없음,승용,남,34세,경상
2.02208E+15,2022년 8월 22일 07시,월요일,부산광역시 부산진구 연지동,경상사고,0,0,1,0,차대차 - 측면충돌,안전거리미확보,건조,맑음,교차로 - 교차로안,승용,여,51세,상해없음,이륜,남,40세,경상
2022082200100051,2022년 8월 22일 07시,월요일,부산광역시 금정구 장전동,중상사고,0,1,0,0,차대사람 - 기타,안전운전불이행,건조,맑음,교차로 - 교차로부근,이륜,남,55세,상해없음,보행자,남,34세,중상
2022082200100086,2022년 8월 22일 08시,월요일,부산광역시 사하구 구평동,경상사고,0,0,1,0,차량단독 - 기타,기타,건조,맑음,단일로 - 기타,승합,남,68세,상해없음,,,,
2022082200100087,2022년 8월 22일 08시,월요일,부산광역시 강서구 신호동,경상사고,0,0,1,0,차대차 - 추돌,안전거리미확보,건조,흐림,교차로 - 교차로부근,승용,여,39세,상해없음,승용,여,43세,경상
2022082200100088,2022년 8월 22일 08시,월요일,부산광역시 사상구 주례동,경상사고,0,0,1,0,차대차 - 측면충돌,교차로운행방법위반,건조,맑음,교차로 - 교차로안,승용,남,34세,상해없음,이륜,남,39세,경상
2022082200100172,2022년 8월 22일 10시,월요일,부산광역시 북구 덕천동,경상사고,0,0,1,0,차대사람 - 기타,안전운전불이행,건조,맑음,단일로 - 기타,승용,여,32세,상해없음,보행자,남,42세,경상
2022082200100173,2022년 8월 22일 10시,월요일,부산광역시 사하구 괴정동,경상사고,0,0,1,0,차대차 - 기타,직진우회전진행방해,건조,맑음,교차로 - 교차로안,승용,남,54세,기타불명,승용,남,60세,경상
2022082200100203,2022년 8월 22일 11시,월요일,부산광역시 부산진구 개금동,경상사고,0,0,1,1,차대차 - 기타,안전운전불이행,건조,맑음,단일로 - 기타,원동기,남,22세,부상신고,승용,여,62세,경상
2022082200100204,2022년 8월 22일 11시,월요일,부산광역시 강서구 명지동,경상사고,0,0,2,0,차대차 - 추돌,안전운전불이행,건조,맑음,단일로 - 기타,승용,남,41세,상해없음,승용,남,63세,경상
2022082200100231,2022년 8월 22일 12시,월요일,부산광역시 부산진구 가야동,중상사고,0,1,0,0,차대차 - 기타,안전운전불이행,건조,맑음,교차로 - 교차로부근,화물,남,64세,상해없음,이륜,남,27세,중상
2022082200100232,2022년 8월 22일 12시,월요일,부산광역시 강서구 신호동,중상사고,0,1,0,0,차대차 - 측면충돌,중앙선침범,건조,맑음,교차로 - 교차로안,승용,여,57세,상해없음,이륜,여,41세,중상
2022082200100259,2022년 8월 22일 13시,월요일,부산광역시 동래구 사직동,경상사고,0,0,1,0,차대사람 - 기타,안전운전불이행,건조,맑음,단일로 - 기타,승용,여,68세,상해없음,보행자,여,37세,경상
2.02208E+15,2022년 8월 22일 13시,월요일,부산광역시 연제구 연산동,경상사고,0,0,1,0,차대차 - 추돌,안전운전불이행,건조,맑음,단일로 - 기타,승용,남,64세,상해없음,승용,남,48세,경상
2022082200100289,2022년 8월 22일 14시,월요일,부산광역시 수영구 남천동,경상사고,0,0,5,0,차대차 - 추돌,안전운전불이행,건조,맑음,단일로 - 기타,화물,남,70세,상해없음,승용,여,57세,경상
2022082200100311,2022년 8월 22일 15시,월요일,부산광역시 금정구 부곡동,경상사고,0,0,1,0,차대차 - 추돌,안전거리미확보,건조,맑음,단일로 - 터널,승용,여,48세,상해없음,화물,남,65세,경상
2022082200100312,2022년 8월 22일 15시,월요일,부산광역시 사상구 모라동,경상사고,0,0,2,0,차대차 - 측면충돌,안전운전불이행,건조,맑음,교차로 - 교차로안,승용,여,41세,경상,승용,남,54세,경상
2022082200100361,2022년 8월 22일 17시,월요일,부산광역시 북구 덕천동,경상사고,0,0,1,0,차대차 - 추돌,안전운전불이행,건조,맑음,교차로 - 교차로부근,승용,남,71세,상해없음,승용,남,30세,경상
2022082200100363,2022년 8월 22일 17시,월요일,부산광역시 해운대구 중동,부상신고사고,0,0,0,1,차대사람 - 기타,안전운전불이행,건조,맑음,단일로 - 기타,화물,남,48세,상해없음,보행자,여,25세,부상신고
2022082200100364,2022년 8월 22일 17시,월요일,부산광역시 금정구 회동동,경상사고,0,0,1,0,차대사람 - 기타,안전운전불이행,건조,맑음,기타 - 기타,승용,남,41세,상해없음,보행자,여,65세,경상
2022082200100365,2022년 8월 22일 17시,월요일,부산광역시 금정구 서동,경상사고,0,0,1,0,차대차 - 기타,안전운전불이행,건조,맑음,교차로 - 교차로안,승용,남,57세,상해없음,승용,남,78세,경상
2022082200100366,2022년 8월 22일 17시,월요일,부산광역시 사하구 하단동,중상사고,0,1,0,0,차대차 - 측면충돌,중앙선침범,건조,맑음,교차로 - 교차로부근,화물,남,73세,상해없음,이륜,남,66세,중상
2022082200100367,2022년 8월 22일 17시,월요일,부산광역시 연제구 거제동,경상사고,0,0,1,0,차대차 - 추돌,안전거리미확보,건조,맑음,단일로 - 기타,승용,남,45세,상해없음,승용,남,48세,경상
2022082200100368,2022년 8월 22일 17시,월요일,부산광역시 기장군 철마면,중상사고,0,1,1,0,차대차 - 정면충돌,중앙선침범,건조,맑음,단일로 - 기타,승용,남,67세,상해없음,승용,남,48세,중상
2.02208E+15,2022년 8월 22일 18시,월요일,부산광역시 사상구 학장동,경상사고,0,0,1,0,차대사람 - 보도통행중,기타,건조,맑음,단일로 - 지하차도(도로)내,자전거,기타불명,미분류,기타불명,보행자,여,25세,경상
2022082200100401,2022년 8월 22일 18시,월요일,부산광역시 사상구 괘법동,경상사고,0,0,2,0,차대차 - 측면충돌,중앙선침범,건조,맑음,단일로 - 기타,승용,남,55세,상해없음,승용,남,54세,경상
2.02208E+15,2022년 8월 22일 19시,월요일,부산광역시 북구 덕천동,경상사고,0,0,1,0,차대사람 - 횡단중,교차로운행방법위반,건조,맑음,교차로 - 교차로안,화물,남,74세,상해없음,보행자,여,62세,경상
2022082200100497,2022년 8월 22일 21시,월요일,부산광역시 사하구 하단동,중상사고,0,1,0,1,차대차 - 측면충돌,안전운전불이행,건조,맑음,단일로 - 기타,이륜,남,24세,중상,이륜,남,17세,부상신고
2022082200100519,2022년 8월 22일 22시,월요일,부산광역시 북구 덕천동,경상사고,0,0,1,0,차량단독 - 기타,안전운전불이행,건조,맑음,단일로 - 기타,원동기,남,43세,경상,,,,
2022082200100536,2022년 8월 22일 23시,월요일,부산광역시 해운대구 재송동,중상사고,0,1,0,0,차대차 - 기타,안전운전불이행,건조,맑음,단일로 - 기타,기타불명,기타불명,미분류,기타불명,이륜,여,22세,중상
2022082200100537,2022년 8월 22일 23시,월요일,부산광역시 부산진구 개금동,경상사고,0,0,1,0,차대차 - 기타,안전거리미확보,건조,맑음,기타 - 기타,승용,남,60세,상해없음,이륜,남,17세,경상
2.02208E+15,2022년 8월 23일 01시,화요일,부산광역시 중구 중앙동6가,부상신고사고,0,0,0,1,차량단독 - 기타,안전운전불이행,건조,맑음,교차로 - 교차로부근,이륜,남,23세,부상신고,,,,
2022082300100049,2022년 8월 23일 06시,화요일,부산광역시 수영구 수영동,중상사고,0,1,0,0,차대사람 - 기타,안전운전불이행,건조,맑음,단일로 - 기타,자전거,남,56세,상해없음,보행자,남,84세,중상