사고번호,사고일시,요일,시군구,사고내용,사망자수,중상자수,경상자수,부상신고자수,사고유형,법규위반,노면상태,기상상태,도로형태,가해운전자 차종,가해운전자 성별,가해운전자 연령,가해운전자 상해정도,피해운전자 차종,피해운전자 성별,피해운전자 연령,피해운전자 상해정도
2022082300100061,2022년 8월 23일 07시,화요일,부산광역시 중구 남포동5가,중상사고,0,1,0,0,차대차 - 측면충돌,차로위반,건조,맑음,단일로 - 기타,화물,남,50세,상해없음,승용,남,63세,중상
2022082300100062,2022년 8월 23일 07시,화요일,부산광역시 금정구 남산동,경상사고,0,0,1,0,차대차 - 기타,안전운전불이행,건조,맑음,교차로 - 교차로부근,승용,여,66세,상해없음,승용,여,18세,경상
2022082300100118,2022년 8월 23일 09시,화요일,부산광역시 중구 보수동2가,경상사고,0,0,1,0,차대차 - 측면충돌,안전운전불이행,건조,맑음,단일로 - 기타,승합,남,47세,기타불명,승용,남,43세,경상
2022082300100119,2022년 8월 23일 09시,화요일,부산광역시 서구 동대신동3가,경상사고,0,0,1,0,차대차 - 추돌,안전운전불이행,건조,맑음,단일로 - 기타,승용,남,65세,상해없음,승용,남,44세,경상
2.02208E+15,2022년 8월 23일 09시,화요일,부산광역시 강서구 생곡동,경상사고,0,0,2,0,차대차 - 기타,안전운전불이행,건조,맑음,단일로 - 기타,건설기계,남,60세,상해없음,승용,남,68세,경상
2022082300100178,2022년 8월 23일 11시,화요일,부산광역시 부산진구 양정동,경상사고,0,0,1,0,차대사람 - 기타,안전운전불이행,건조,맑음,교차로 - 교차로안,화물,남,49세,상해없음,보행자,여,40세,경상
2022082300100179,2022년 8월 23일 11시,화요일,부산광역시 사하구 신평동,경상사고,0,0,1,0,차대차 - 추돌,안전운전불이행,건조,맑음,교차로 - 교차로부근,화물,여,37세,상해없음,승용,여,47세,경상
2022082300100205,2022년 8월 23일 12시,화요일,부산광역시 기장군 기장읍,부상신고사고,0,0,0,1,차대차 - 측면충돌,안전운전불이행,건조,맑음,주차장 - 주차장,승용,여,60세,상해없음,승용,여,37세,부상신고
2022082300100244,2022년 8월 23일 13시,화요일,부산광역시 금정구 서동,부상신고사고,0,0,0,1,차대사람 - 보도통행중,안전운전불이행,건조,맑음,단일로 - 기타,승용,남,59세,상해없음,보행자,여,79세,부상신고
2022082300100245,2022년 8월 23일 13시,화요일,부산광역시 연제구 거제동,중상사고,0,1,0,0,차대차 - 측면충돌,교차로운행방법위반,건조,맑음,교차로 - 교차로안,승합,남,64세,상해없음,승용,여,44세,중상
2022082300100246,2022년 8월 23일 13시,화요일,부산광역시 연제구 거제동,경상사고,0,0,1,0,차대사람 - 차도통행중,안전운전불이행,건조,맑음,교차로 - 교차로안,승용,여,58세,상해없음,보행자,남,28세,경상
2022082300100247,2022년 8월 23일 13시,화요일,부산광역시 강서구 명지동,중상사고,0,1,0,0,차대차 - 기타,중앙선침범,건조,맑음,단일로 - 기타,승용,남,61세,상해없음,이륜,남,29세,중상
2022082300100282,2022년 8월 23일 14시,화요일,부산광역시 북구 만덕동,경상사고,0,0,1,0,차대사람 - 기타,기타,건조,맑음,단일로 - 기타,승용,여,62세,상해없음,보행자,여,68세,경상
2022082300100283,2022년 8월 23일 14시,화요일,부산광역시 부산진구 당감동,중상사고,0,1,0,0,차대차 - 측면충돌,안전거리미확보,건조,맑음,교차로 - 교차로안,화물,남,59세,상해없음,승용,여,68세,중상
2022082300100323,2022년 8월 23일 15시,화요일,부산광역시 동구 초량동,경상사고,0,0,1,0,차대차 - 정면충돌,교차로운행방법위반,건조,맑음,교차로 - 교차로안,화물,남,56세,상해없음,이륜,남,74세,경상
2022082300100324,2022년 8월 23일 15시,화요일,부산광역시 수영구 민락동,경상사고,0,0,1,0,차대사람 - 차도통행중,안전운전불이행,건조,맑음,단일로 - 기타,자전거,남,46세,상해없음,보행자,남,46세,경상
2022082300100325,2022년 8월 23일 15시,화요일,부산광역시 강서구 명지동,경상사고,0,0,6,0,차대차 - 기타,안전운전불이행,건조,맑음,단일로 - 기타,승용,여,36세,경상,승용,여,31세,경상
2022082300100406,2022년 8월 23일 17시,화요일,부산광역시 동래구 수안동,경상사고,0,0,2,0,차대차 - 추돌,안전운전불이행,건조,맑음,단일로 - 기타,승용,여,49세,상해없음,승용,여,39세,경상
2022082300100407,2022년 8월 23일 17시,화요일,부산광역시 기장군 기장읍,중상사고,0,1,0,0,차대사람 - 횡단중,안전운전불이행,건조,맑음,단일로 - 기타,이륜,남,42세,상해없음,보행자,남,17세,중상
2.02208E+15,2022년 8월 23일 18시,화요일,부산광역시 수영구 민락동,경상사고,0,0,2,0,차대차 - 추돌,안전운전불이행,젖음/습기,비,단일로 - 기타,승용,여,31세,상해없음,승용,남,26세,경상
2022082300100471,2022년 8월 23일 18시,화요일,부산광역시 금정구 남산동,중상사고,0,1,0,0,차대차 - 측면충돌,안전운전불이행,건조,맑음,단일로 - 기타,승용,남,60세,상해없음,이륜,남,24세,중상
2022082300100508,2022년 8월 23일 19시,화요일,부산광역시 동래구 온천동,경상사고,0,0,1,0,차대차 - 후진중충돌,안전운전불이행,건조,맑음,기타 - 기타,승용,남,76세,상해없음,승용,남,50세,경상
2022082300100509,2022년 8월 23일 19시,화요일,부산광역시 사하구 신평동,경상사고,0,0,2,0,차대차 - 추돌,안전운전불이행,젖음/습기,비,단일로 - 기타,화물,남,52세,상해없음,화물,남,53세,상해없음
2.02208E+15,2022년 8월 23일 20시,화요일,부산광역시 사하구 하단동,중상사고,0,1,0,0,차량단독 - 기타,안전운전불이행,젖음/습기,비,단일로 - 기타,이륜,남,35세,중상,,,,
2022082300100541,2022년 8월 23일 20시,화요일,부산광역시 사하구 당리동,경상사고,0,0,2,1,차대차 - 기타,안전운전불이행,건조,맑음,교차로 - 교차로안,승용,남,65세,부상신고,승용,여,59세,경상
2022082300100542,2022년 8월 23일 20시,화요일,부산광역시 사하구 당리동,경상사고,0,0,2,0,차대차 - 기타,안전운전불이행,건조,맑음,단일로 - 기타,승용,여,64세,상해없음,승용,남,61세,경상
2022082400100017,2022년 8월 24일 01시,수요일,부산광역시 남구 대연동,중상사고,0,1,1,0,차대차 - 기타,안전운전불이행,젖음/습기,비,기타 - 기타,화물,남,55세,상해없음,이륜,남,28세,경상
2022082400100038,2022년 8월 24일 05시,수요일,부산광역시 북구 금곡동,경상사고,0,0,1,0,차대차 - 기타,안전거리미확보,젖음/습기,비,단일로 - 기타,승용,남,30세,상해없음,승용,남,62세,경상
2022082400100039,2022년 8월 24일 05시,수요일,부산광역시 사하구 하단동,중상사고,0,2,0,0,차대차 - 기타,안전운전불이행,젖음/습기,비,교차로 - 교차로안,승용,남,26세,상해없음,승용,남,62세,중상
2022082400100046,2022년 8월 24일 06시,수요일,부산광역시 동래구 온천동,경상사고,0,0,1,0,차대차 - 측면충돌,안전운전불이행,건조,맑음,단일로 - 기타,화물,남,63세,상해없음,승용,남,50세,경상
2022082400100047,2022년 8월 24일 06시,수요일,부산광역시 기장군 일광읍,경상사고,0,0,2,0,차대차 - 추돌,안전운전불이행,젖음/습기,비,교차로 - 교차로부근,승용,남,26세,상해없음,승용,남,63세,경상
2022082400100063,2022년 8월 24일 07시,수요일,부산광역시 기장군 철마면,중상사고,0,1,0,0,차대차 - 추돌,안전운전불이행,젖음/습기,비,단일로 - 터널,승합,남,38세,상해없음,승용,여,30세,중상
2022082400100091,2022년 8월 24일 08시,수요일,부산광역시 남구 문현동,경상사고,0,0,1,0,차대차 - 기타,안전거리미확보,젖음/습기,비,단일로 - 기타,화물,남,38세,상해없음,승용,남,61세,경상
2022082400100092,2022년 8월 24일 08시,수요일,부산광역시 부산진구 전포동,경상사고,0,0,1,0,차대차 - 측면충돌,안전거리미확보,젖음/습기,흐림,단일로 - 고가도로위,승용,남,46세,경상,화물,남,64세,상해없음
2.02208E+15,2022년 8월 24일 09시,수요일,부산광역시 동래구 온천동,경상사고,0,0,1,0,차대차 - 정면충돌,중앙선침범,젖음/습기,비,단일로 - 기타,화물,남,74세,상해없음,승용,남,31세,경상
2022082400100172,2022년 8월 24일 10시,수요일,부산광역시 영도구 봉래동4가,경상사고,0,0,1,0,차대차 - 후진중충돌,안전운전불이행,건조,맑음,단일로 - 기타,승용,여,56세,상해없음,승용,남,69세,경상
2022082400100173,2022년 8월 24일 10시,수요일,부산광역시 부산진구 전포동,경상사고,0,0,1,0,차대차 - 측면충돌,교차로운행방법위반,건조,맑음,교차로 - 교차로부근,특수,남,67세,상해없음,승용,여,43세,경상
2022082400100203,2022년 8월 24일 11시,수요일,부산광역시 부산진구 개금동,중상사고,0,1,1,0,차대차 - 측면충돌,교차로운행방법위반,젖음/습기,비,교차로 - 교차로안,승용,남,26세,상해없음,승용,남,63세,경상
2022082400100241,2022년 8월 24일 12시,수요일,부산광역시 동구 범일동,중상사고,0,1,0,0,차대차 - 기타,안전거리미확보,건조,맑음,단일로 - 기타,원동기,남,77세,중상,승용,남,28세,상해없음
2022082400100242,2022년 8월 24일 12시,수요일,부산광역시 서구 충무동1가,경상사고,0,0,1,0,차대차 - 측면충돌,안전운전불이행,건조,맑음,교차로 - 교차로안,승용,여,49세,경상,승합,남,48세,상해없음
2022082400100243,2022년 8월 24일 12시,수요일,부산광역시 서구 부민동2가,중상사고,0,1,0,0,차대차 - 기타,안전운전불이행,젖음/습기,비,단일로 - 기타,원동기,남,59세,중상,승용,남,49세,상해없음
2022082400100244,2022년 8월 24일 12시,수요일,부산광역시 사하구 하단동,경상사고,0,0,1,0,차대차 - 추돌,안전거리미확보,건조,맑음,교차로 - 교차로안,이륜,남,43세,상해없음,승용,여,61세,경상
2022082400100278,2022년 8월 24일 13시,수요일,부산광역시 남구 대연동,중상사고,0,1,0,0,차대차 - 정면충돌,안전운전불이행,건조,맑음,교차로 - 교차로안,승용,여,31세,상해없음,이륜,남,26세,중상
2022082400100308,2022년 8월 24일 14시,수요일,부산광역시 동구 범일동,경상사고,0,0,2,0,차대차 - 측면충돌,안전거리미확보,건조,맑음,단일로 - 기타,승용,남,57세,상해없음,승용,남,49세,상해없음
2022082400100309,2022년 8월 24일 14시,수요일,부산광역시 북구 만덕동,중상사고,0,1,0,0,차대차 - 추돌,안전거리미확보,건조,맑음,단일로 - 기타,승용,여,44세,상해없음,승용,남,60세,중상
2022082400100366,2022년 8월 24일 16시,수요일,부산광역시 동구 초량동,경상사고,0,0,1,0,차대사람 - 횡단중,보행자보호의무위반,건조,맑음,교차로 - 교차로횡단보도내,승용,여,62세,상해없음,보행자,여,56세,경상
2022082400100367,2022년 8월 24일 16시,수요일,부산광역시 금정구 부곡동,경상사고,0,0,1,0,차대차 - 기타,신호위반,건조,맑음,교차로 - 교차로안,승용,여,27세,상해없음,승용,남,47세,경상
2022082400100458,2022년 8월 24일 18시,수요일,부산광역시 부산진구 가야동,중상사고,0,1,1,0,차대사람 - 횡단중,보행자보호의무위반,건조,맑음,단일로 - 기타,이륜,남,20세,경상,보행자,남,26세,중상
2022082400100459,2022년 8월 24일 18시,수요일,부산광역시 금정구 부곡동,경상사고,0,0,1,0,차대차 - 기타,안전운전불이행,건조,맑음,교차로 - 교차로안,승합,남,64세,상해없음,자전거,남,10세,경상
2022082400100531,2022년 8월 24일 20시,수요일,부산광역시 서구 아미동2가,중상사고,0,1,0,0,차대사람 - 기타,안전운전불이행,건조,맑음,단일로 - 기타,승용,남,67세,상해없음,보행자,여,60세,중상
2022082400100585,2022년 8월 24일 22시,수요일,부산광역시 수영구 남천동,경상사고,0,0,1,0,차대차 - 측면충돌,안전운전불이행,건조,맑음,교차로 - 교차로안,승용,남,58세,상해없음,승용,여,57세,경상
2022082500100004,2022년 8월 25일 00시,목요일,부산광역시 사상구 주례동,중상사고,0,1,0,0,차대사람 - 차도통행중,안전운전불이행,건조,맑음,단일로 - 기타,화물,남,74세,상해없음,보행자,남,55세,중상
2022082500100011,2022년 8월 25일 01시,목요일,부산광역시 남구 감만동,경상사고,0,0,1,0,차대차 - 측면충돌,신호위반,건조,맑음,교차로 - 교차로안,화물,남,18세,기타불명,특수,남,40세,경상
2022082500100031,2022년 8월 25일 05시,목요일,부산광역시 연제구 연산동,중상사고,0,1,0,0,차대사람 - 기타,안전운전불이행,건조,맑음,단일로 - 기타,승용,남,23세,상해없음,보행자,여,73세,중상
2022082500100044,2022년 8월 25일 06시,목요일,부산광역시 기장군 장안읍,중상사고,0,1,0,0,차대차 - 측면충돌,교차로운행방법위반,건조,맑음,교차로 - 교차로안,화물,남,62세,상해없음,이륜,남,45세,중상
2022082500100056,2022년 8월 25일 07시,목요일,부산광역시 남구 대연동,중상사고,0,1,0,0,차대사람 - 기타,기타,건조,맑음,기타 - 기타,화물,남,56세,상해없음,보행자,여,62세,중상
2022082500100113,2022년 8월 25일 09시,목요일,부산광역시 부산진구 부전동,경상사고,0,0,1,0,차대차 - 기타,안전운전불이행,건조,맑음,기타 - 기타,승용,남,70세,상해없음,승용,여,53세,경상
2022082500100136,2022년 8월 25일 10시,목요일,부산광역시 동래구 수안동,중상사고,0,1,0,0,차대사람 - 차도통행중,안전운전불이행,건조,맑음,단일로 - 기타,승용,남,35세,상해없음,보행자,남,68세,중상
2022082500100137,2022년 8월 25일 10시,목요일,부산광역시 해운대구 반여동,경상사고,0,0,1,0,차대차 - 측면충돌,안전운전불이행,건조,맑음,기타 - 기타,화물,남,63세,상해없음,승용,남,54세,경상
2022082500100138,2022년 8월 25일 10시,목요일,부산광역시 강서구 죽동동,경상사고,0,0,1,0,차대차 - 기타,안전운전불이행,건조,맑음,단일로 - 기타,승용,남,31세,상해없음,특수,남,60세,경상
2022082500100206,2022년 8월 25일 12시,목요일,부산광역시 동구 수정동,중상사고,0,1,0,0,차대사람 - 횡단중,안전운전불이행,건조,맑음,교차로 - 교차로안,화물,남,45세,상해없음,보행자,남,74세,중상
2022082500100241,2022년 8월 25일 13시,목요일,부산광역시 부산진구 부암동,중상사고,0,1,0,0,차대사람 - 기타,안전운전불이행,건조,맑음,기타 - 기타,승용,여,52세,상해없음,보행자,여,67세,중상
2022082500100279,2022년 8월 25일 14시,목요일,부산광역시 부산진구 부암동,경상사고,0,0,1,0,차대차 - 기타,안전거리미확보,건조,맑음,단일로 - 기타,승용,남,68세,상해없음,이륜,남,49세,경상
2.02208E+15,2022년 8월 25일 15시,목요일,부산광역시 사하구 하단동,경상사고,0,0,1,0,차대차 - 측면충돌,안전거리미확보,건조,맑음,단일로 - 기타,승용,남,74세,상해없음,승용,남,49세,경상
2022082500100311,2022년 8월 25일 15시,목요일,부산광역시 사상구 감전동,중상사고,0,1,0,0,차대차 - 기타,안전운전불이행,건조,맑음,단일로 - 기타,승용,남,28세,상해없음,이륜,남,21세,중상
2022082500100348,2022년 8월 25일 16시,목요일,부산광역시 동래구 온천동,부상신고사고,0,0,0,1,차대차 - 측면충돌,안전운전불이행,건조,맑음,교차로 - 교차로부근,승용,여,49세,상해없음,승용,남,23세,부상신고
2022082500100382,2022년 8월 25일 17시,목요일,부산광역시 부산진구 초읍동,경상사고,0,0,1,0,차대차 - 측면충돌,안전거리미확보,건조,맑음,교차로 - 교차로안,승용,남,86세,상해없음,승용,여,48세,경상
2022082500100383,2022년 8월 25일 17시,목요일,부산광역시 사하구 다대동,경상사고,0,0,1,0,차대사람 - 길가장자리구역통행중,안전운전불이행,건조,맑음,단일로 - 지하차도(도로)내,승합,남,65세,상해없음,보행자,남,12세,경상
2022082500100453,2022년 8월 25일 19시,목요일,부산광역시 영도구 동삼동,중상사고,0,1,0,0,차대사람 - 보도통행중,보행자보호의무위반,건조,흐림,교차로 - 교차로횡단보도내,승용,여,35세,상해없음,보행자,여,85세,중상
2022082500100454,2022년 8월 25일 19시,목요일,부산광역시 부산진구 범천동,경상사고,0,0,1,0,차대차 - 측면충돌,안전거리미확보,건조,맑음,단일로 - 기타,승용,여,27세,기타불명,원동기,남,39세,경상
2022082500100515,2022년 8월 25일 21시,목요일,부산광역시 사하구 다대동,경상사고,0,0,1,0,차대사람 - 기타,신호위반,건조,맑음,교차로 - 교차로안,이륜,남,21세,상해없음,보행자,여,15세,경상
2022082500100548,2022년 8월 25일 22시,목요일,부산광역시 수영구 광안동,경상사고,0,0,2,0,차대차 - 기타,안전운전불이행,건조,맑음,교차로 - 교차로안,승용,남,21세,경상,승용,남,36세,경상
2022082600100064,2022년 8월 26일 07시,금요일,부산광역시 연제구 연산동,경상사고,0,0,1,0,차대차 - 측면충돌,신호위반,건조,맑음,교차로 - 교차로안,승용,여,25세,상해없음,승용,여,67세,경상
2022082600100065,2022년 8월 26일 07시,금요일,부산광역시 사상구 엄궁동,경상사고,0,0,1,0,차대차 - 추돌,안전운전불이행,건조,맑음,교차로 - 교차로부근,승용,남,53세,기타불명,승용,남,28세,경상
2022082600100096,2022년 8월 26일 08시,금요일,부산광역시 부산진구 개금동,경상사고,0,0,2,0,차대차 - 측면충돌,안전운전불이행,건조,맑음,단일로 - 기타,승용,남,36세,상해없음,승용,남,66세,경상
2022082600100164,2022년 8월 26일 10시,금요일,부산광역시 서구 남부민동,중상사고,0,1,0,0,차대사람 - 차도통행중,안전운전불이행,건조,맑음,단일로 - 기타,승용,남,69세,상해없음,보행자,여,72세,중상
2022082600100165,2022년 8월 26일 10시,금요일,부산광역시 사하구 하단동,경상사고,0,0,3,0,차대차 - 기타,안전거리미확보,건조,맑음,단일로 - 기타,승용,남,68세,경상,승용,남,42세,경상
2022082600100196,2022년 8월 26일 11시,금요일,부산광역시 남구 문현동,경상사고,0,0,1,0,차대차 - 측면충돌,교차로운행방법위반,건조,맑음,교차로 - 교차로안,특수,남,62세,상해없음,승용,여,37세,경상
2022082600100197,2022년 8월 26일 11시,금요일,부산광역시 동래구 온천동,경상사고,0,0,1,0,차대사람 - 기타,안전운전불이행,건조,맑음,단일로 - 기타,승용,남,26세,상해없음,보행자,남,47세,경상
2022082600100253,2022년 8월 26일 13시,금요일,부산광역시 금정구 부곡동,경상사고,0,0,1,0,차대사람 - 차도통행중,기타,건조,맑음,교차로 - 교차로안,승용,남,62세,상해없음,보행자,남,57세,경상
2022082600100287,2022년 8월 26일 14시,금요일,부산광역시 수영구 남천동,중상사고,0,1,2,0,차대사람 - 횡단중,보행자보호의무위반,건조,맑음,교차로 - 교차로안,화물,남,62세,상해없음,보행자,여,33세,경상
2022082600100288,2022년 8월 26일 14시,금요일,부산광역시 부산진구 부전동,경상사고,0,0,1,0,차대차 - 기타,안전운전불이행,건조,맑음,교차로 - 교차로안,승용,여,56세,상해없음,화물,남,40세,경상
2022082600100289,2022년 8월 26일 14시,금요일,부산광역시 사상구 괘법동,중상사고,0,1,0,0,차대사람 - 길가장자리구역통행중,안전운전불이행,건조,맑음,단일로 - 기타,승용,남,48세,상해없음,보행자,남,10세,중상
2022082600100319,2022년 8월 26일 15시,금요일,부산광역시 남구 대연동,경상사고,0,0,2,0,차대차 - 추돌,안전운전불이행,건조,맑음,단일로 - 터널,승용,여,60세,상해없음,승용,남,23세,경상
2.02208E+15,2022년 8월 26일 15시,금요일,부산광역시 남구 우암동,경상사고,0,0,2,0,차대차 - 추돌,불법유턴,건조,맑음,교차로 - 교차로부근,특수,남,43세,상해없음,승용,남,48세,경상
2022082600100321,2022년 8월 26일 15시,금요일,부산광역시 강서구 명지동,경상사고,0,0,1,0,차대사람 - 횡단중,안전운전불이행,건조,맑음,단일로 - 기타,승용,여,66세,상해없음,보행자,남,7세,경상
2022082600100322,2022년 8월 26일 15시,금요일,부산광역시 사상구 학장동,중상사고,0,1,0,0,차대차 - 측면충돌,중앙선침범,건조,맑음,단일로 - 기타,승용,남,55세,상해없음,이륜,남,56세,중상
2022082600100361,2022년 8월 26일 16시,금요일,부산광역시 해운대구 좌동,경상사고,0,0,1,0,차대차 - 추돌,안전운전불이행,건조,맑음,단일로 - 기타,승용,남,61세,상해없음,승용,여,55세,경상
2022082600100362,2022년 8월 26일 16시,금요일,부산광역시 금정구 구서동,경상사고,0,0,1,0,차대사람 - 기타,안전운전불이행,건조,맑음,기타 - 기타,이륜,남,57세,상해없음,보행자,남,8세,경상
2022082600100363,2022년 8월 26일 16시,금요일,부산광역시 금정구 회동동,경상사고,0,0,2,0,차대차 - 기타,교차로운행방법위반,건조,맑음,교차로 - 교차로안,승합,남,43세,경상,화물,남,36세,경상
2022082600100364,2022년 8월 26일 16시,금요일,부산광역시 금정구 장전동,경상사고,0,0,1,0,차대차 - 측면충돌,안전거리미확보,건조,맑음,교차로 - 교차로부근,승용,여,50세,상해없음,승용,남,72세,경상
2022082600100404,2022년 8월 26일 17시,금요일,부산광역시 해운대구 우동,경상사고,0,0,1,0,차대사람 - 횡단중,안전운전불이행,건조,맑음,단일로 - 기타,승용,남,59세,상해없음,보행자,남,74세,경상
2022082600100468,2022년 8월 26일 18시,금요일,부산광역시 동래구 명륜동,경상사고,0,0,1,0,차대사람 - 차도통행중,안전운전불이행,건조,맑음,단일로 - 지하차도(도로)내,승용,여,32세,상해없음,보행자,남,77세,경상
2022082600100469,2022년 8월 26일 18시,금요일,부산광역시 부산진구 부전동,경상사고,0,0,1,0,차대사람 - 기타,안전운전불이행,건조,맑음,단일로 - 기타,승용,남,22세,상해없음,보행자,남,58세,경상
2022082600100515,2022년 8월 26일 19시,금요일,부산광역시 수영구 광안동,중상사고,0,1,0,0,차대차 - 측면충돌,안전운전불이행,건조,맑음,교차로 - 교차로안,승용,남,26세,상해없음,이륜,남,35세,중상
2022082600100561,2022년 8월 26일 20시,금요일,부산광역시 북구 화명동,경상사고,0,0,1,0,차대차 - 기타,기타,건조,맑음,교차로 - 교차로부근,승용,여,49세,상해없음,원동기,남,30세,경상
2022082600100562,2022년 8월 26일 20시,금요일,부산광역시 사하구 괴정동,중상사고,0,1,0,0,차대사람 - 횡단중,안전운전불이행,건조,맑음,단일로 - 기타,이륜,남,35세,상해없음,보행자,여,77세,중상
2022082600100587,2022년 8월 26일 21시,금요일,부산광역시 해운대구 우동,경상사고,0,0,2,0,차대차 - 측면충돌,신호위반,건조,맑음,교차로 - 교차로안,승용,남,52세,상해없음,승용,남,40세,경상
2022082600100588,2022년 8월 26일 21시,금요일,부산광역시 부산진구 가야동,부상신고사고,0,0,0,1,차대차 - 후진중충돌,불법유턴,건조,맑음,단일로 - 기타,승용,남,62세,상해없음,이륜,남,21세,부상신고
2022082600100635,2022년 8월 26일 23시,금요일,부산광역시 북구 덕천동,경상사고,0,0,1,0,차대사람 - 기타,안전운전불이행,건조,맑음,단일로 - 기타,화물,남,53세,상해없음,보행자,남,18세,경상
2022082700100002,2022년 8월 27일 00시,토요일,부산광역시 영도구 남항동2가,경상사고,0,0,1,0,차대차 - 추돌,안전운전불이행,건조,맑음,교차로 - 교차로안,이륜,남,17세,기타불명,승용,남,63세,경상
2022082700100019,2022년 8월 27일 01시,토요일,부산광역시 동래구 온천동,경상사고,0,0,1,0,차대차 - 추돌,안전운전불이행,건조,맑음,교차로 - 교차로부근,화물,남,54세,상해없음,승용,남,70세,경상
2022082700100054,2022년 8월 27일 04시,토요일,부산광역시 부산진구 부전동,경상사고,0,0,1,0,차대사람 - 기타,안전운전불이행,건조,맑음,단일로 - 기타,승용,남,28세,상해없음,보행자,남,21세,경상
2022082700100089,2022년 8월 27일 07시,토요일,부산광역시 강서구 천성동,경상사고,0,0,2,0,차대차 - 추돌,안전운전불이행,건조,맑음,단일로 - 기타,승용,남,35세,상해없음,승용,남,74세,경상
2022082700100105,2022년 8월 27일 08시,토요일,부산광역시 금정구 부곡동,경상사고,0,0,1,0,차대차 - 측면충돌,안전운전불이행,건조,맑음,단일로 - 기타,원동기,남,40세,경상,화물,남,61세,상해없음
2022082700100154,2022년 8월 27일 10시,토요일,부산광역시 동구 범일동,중상사고,0,1,0,0,차대사람 - 기타,안전운전불이행,건조,맑음,단일로 - 기타,승용,여,57세,상해없음,보행자,남,72세,중상
2022082700100155,2022년 8월 27일 10시,토요일,부산광역시 북구 구포동,중상사고,0,1,0,0,차대사람 - 횡단중,보행자보호의무위반,건조,맑음,교차로 - 교차로안,화물,남,56세,상해없음,보행자,남,68세,중상
2022082700100156,2022년 8월 27일 10시,토요일,부산광역시 영도구 동삼동,중상사고,0,1,0,0,차대사람 - 기타,안전운전불이행,건조,맑음,단일로 - 기타,화물,남,52세,상해없음,보행자,남,64세,중상
2022082700100157,2022년 8월 27일 10시,토요일,부산광역시 부산진구 범천동,경상사고,0,0,1,0,차대사람 - 횡단중,안전운전불이행,건조,맑음,교차로 - 교차로횡단보도내,건설기계,남,62세,상해없음,보행자,여,60세,경상
2022082700100158,2022년 8월 27일 10시,토요일,부산광역시 금정구 부곡동,경상사고,0,0,1,0,차대차 - 추돌,안전거리미확보,건조,맑음,단일로 - 기타,화물,남,50세,상해없음,승용,여,26세,경상
2022082700100159,2022년 8월 27일 10시,토요일,부산광역시 사상구 괘법동,중상사고,0,1,1,0,차대차 - 측면충돌,안전운전불이행,건조,맑음,교차로 - 교차로안,화물,남,63세,기타불명,승용,남,31세,경상
2.02208E+15,2022년 8월 27일 12시,토요일,부산광역시 사하구 괴정동,경상사고,0,0,1,0,차대차 - 측면충돌,안전운전불이행,건조,맑음,단일로 - 지하차도(도로)내,승용,남,72세,상해없음,이륜,남,38세,경상
2022082700100232,2022년 8월 27일 12시,토요일,부산광역시 연제구 연산동,경상사고,0,0,2,0,차대차 - 측면충돌,안전거리미확보,건조,맑음,단일로 - 기타,승용,남,55세,상해없음,승용,남,25세,경상
2022082700100321,2022년 8월 27일 14시,토요일,부산광역시 수영구 남천동,부상신고사고,0,0,0,1,차대사람 - 기타,안전운전불이행,건조,맑음,교차로 - 교차로안,이륜,남,23세,상해없음,보행자,여,8세,부상신고
2022082700100322,2022년 8월 27일 14시,토요일,부산광역시 남구 문현동,경상사고,0,0,1,0,차대차 - 측면충돌,안전거리미확보,건조,맑음,교차로 - 교차로부근,화물,남,23세,기타불명,승용,남,25세,경상
2022082700100323,2022년 8월 27일 14시,토요일,부산광역시 수영구 수영동,경상사고,0,0,2,0,차대차 - 기타,안전운전불이행,건조,맑음,교차로 - 교차로부근,승용,남,63세,상해없음,승용,남,39세,경상
2022082700100325,2022년 8월 27일 14시,토요일,부산광역시 사하구 괴정동,경상사고,0,0,1,0,차대사람 - 기타,보행자보호의무위반,건조,맑음,단일로 - 기타,승용,남,47세,상해없음,보행자,여,75세,경상
2022082700100326,2022년 8월 27일 14시,토요일,부산광역시 사상구 감전동,경상사고,0,0,1,0,차대차 - 측면충돌,안전운전불이행,건조,맑음,교차로 - 교차로부근,화물,남,70세,기타불명,승용,남,51세,경상
2022082700100361,2022년 8월 27일 15시,토요일,부산광역시 중구 남포동2가,경상사고,0,0,1,0,차대차 - 추돌,안전운전불이행,건조,맑음,단일로 - 기타,승용,남,23세,상해없음,승용,남,68세,경상
2022082700100411,2022년 8월 27일 16시,토요일,부산광역시 서구 서대신동3가,경상사고,0,0,1,0,차대사람 - 길가장자리구역통행중,안전운전불이행,건조,맑음,단일로 - 기타,승용,여,46세,상해없음,보행자,남,62세,경상
2022082700100413,2022년 8월 27일 16시,토요일,부산광역시 부산진구 부전동,경상사고,0,0,1,0,차대차 - 측면충돌,안전거리미확보,건조,맑음,기타 - 기타,화물,남,24세,상해없음,원동기,남,44세,경상
2022082700100454,2022년 8월 27일 17시,토요일,부산광역시 동래구 안락동,경상사고,0,0,1,0,차대사람 - 보도통행중,기타,건조,맑음,단일로 - 기타,개인형이동수단(PM),남,16세,상해없음,보행자,남,30세,경상