사고번호,사고일시,요일,시군구,사고내용,사망자수,중상자수,경상자수,부상신고자수,사고유형,법규위반,노면상태,기상상태,도로형태,가해운전자 차종,가해운전자 성별,가해운전자 연령,가해운전자 상해정도,피해운전자 차종,피해운전자 성별,피해운전자 연령,피해운전자 상해정도
2022090100100059,2022년 9월 1일 07시,목요일,부산광역시 영도구 동삼동,경상사고,0,0,1,0,차대차 - 측면충돌,기타,건조,맑음,교차로 - 교차로안,승용,남,64세,상해없음,승용,남,34세,경상
2022090100100087,2022년 9월 1일 08시,목요일,부산광역시 수영구 남천동,중상사고,0,1,0,0,차대사람 - 횡단중,신호위반,건조,맑음,교차로 - 교차로부근,기타불명,기타불명,미분류,기타불명,보행자,여,23세,중상
2022090100100088,2022년 9월 1일 08시,목요일,부산광역시 남구 문현동,경상사고,0,0,1,0,차대사람 - 횡단중,보행자보호의무위반,건조,맑음,교차로 - 교차로횡단보도내,승용,남,44세,상해없음,보행자,남,49세,경상
2022090100100135,2022년 9월 1일 09시,목요일,부산광역시 영도구 봉래동3가,경상사고,0,0,1,0,차대차 - 기타,교차로운행방법위반,건조,맑음,교차로 - 교차로안,승용,남,50세,상해없음,승합,남,41세,경상
2022090100100136,2022년 9월 1일 09시,목요일,부산광역시 사하구 감천동,경상사고,0,0,1,0,차대차 - 추돌,안전운전불이행,젖음/습기,비,단일로 - 지하차도(도로)내,승용,남,68세,기타불명,승용,여,37세,경상
2022090100100161,2022년 9월 1일 10시,목요일,부산광역시 강서구 명지동,경상사고,0,0,1,0,차대차 - 기타,안전운전불이행,건조,맑음,교차로 - 교차로안,승용,남,61세,상해없음,승용,여,41세,경상
2022090100100229,2022년 9월 1일 12시,목요일,부산광역시 강서구 명지동,경상사고,0,0,1,0,차대차 - 기타,신호위반,젖음/습기,비,교차로 - 교차로부근,이륜,남,41세,기타불명,승용,여,63세,경상
2022090100100306,2022년 9월 1일 14시,목요일,부산광역시 동구 초량동,경상사고,0,0,1,0,차대차 - 측면충돌,안전거리미확보,건조,맑음,단일로 - 고가도로위,승용,남,67세,상해없음,화물,남,56세,상해없음
2022090100100307,2022년 9월 1일 14시,목요일,부산광역시 영도구 대교동1가,경상사고,0,0,1,0,차대차 - 측면충돌,안전운전불이행,건조,맑음,교차로 - 교차로안,화물,남,40세,상해없음,화물,남,36세,경상
2022090100100308,2022년 9월 1일 14시,목요일,부산광역시 금정구 금사동,중상사고,0,1,0,0,차대사람 - 기타,기타,건조,맑음,단일로 - 기타,승용,남,70세,상해없음,보행자,남,46세,중상
2022090100100344,2022년 9월 1일 15시,목요일,부산광역시 서구 부용동2가,경상사고,0,0,1,0,차대차 - 측면충돌,안전운전불이행,건조,맑음,교차로 - 교차로안,승합,남,52세,상해없음,이륜,남,83세,경상
2022090100100345,2022년 9월 1일 15시,목요일,부산광역시 사하구 하단동,경상사고,0,0,1,0,차대차 - 기타,안전운전불이행,건조,맑음,단일로 - 지하차도(도로)내,승합,남,37세,상해없음,승용,여,35세,경상
2.02209E+15,2022년 9월 1일 16시,목요일,부산광역시 중구 광복동2가,부상신고사고,0,0,0,1,차대사람 - 차도통행중,안전운전불이행,건조,맑음,교차로 - 교차로부근,승용,남,37세,상해없음,보행자,남,63세,부상신고
2022090100100381,2022년 9월 1일 16시,목요일,부산광역시 동구 범일동,중상사고,0,1,0,0,차대사람 - 횡단중,안전운전불이행,건조,맑음,단일로 - 기타,승용,여,50세,상해없음,보행자,남,48세,중상
2022090100100382,2022년 9월 1일 16시,목요일,부산광역시 북구 만덕동,경상사고,0,0,2,0,차대차 - 측면충돌,안전운전불이행,건조,맑음,교차로 - 교차로안,승용,여,60세,경상,승용,여,43세,경상
2022090100100383,2022년 9월 1일 16시,목요일,부산광역시 해운대구 반여동,중상사고,0,1,0,0,차대사람 - 차도통행중,안전운전불이행,건조,맑음,단일로 - 기타,이륜,남,18세,상해없음,보행자,남,8세,중상
2022090100100384,2022년 9월 1일 16시,목요일,부산광역시 부산진구 범천동,경상사고,0,0,1,0,차대차 - 측면충돌,안전거리미확보,건조,맑음,단일로 - 기타,승용,남,75세,상해없음,화물,여,42세,경상
2022090100100385,2022년 9월 1일 16시,목요일,부산광역시 금정구 금사동,경상사고,0,0,1,0,차대차 - 측면충돌,안전운전불이행,건조,맑음,단일로 - 지하차도(도로)내,승용,남,59세,상해없음,승용,남,59세,경상
2022090100100386,2022년 9월 1일 16시,목요일,부산광역시 연제구 연산동,경상사고,0,0,1,0,차대사람 - 차도통행중,안전운전불이행,건조,맑음,단일로 - 기타,화물,남,56세,상해없음,보행자,남,53세,경상
2022090100100436,2022년 9월 1일 17시,목요일,부산광역시 수영구 수영동,경상사고,0,0,1,0,차대차 - 측면충돌,신호위반,젖음/습기,흐림,교차로 - 교차로안,원동기,남,31세,상해없음,원동기,남,21세,경상
2022090100100437,2022년 9월 1일 17시,목요일,부산광역시 동래구 안락동,부상신고사고,0,0,0,1,차대차 - 측면충돌,교차로운행방법위반,건조,맑음,교차로 - 교차로안,승용,남,66세,상해없음,승용,남,22세,부상신고
2022090100100438,2022년 9월 1일 17시,목요일,부산광역시 사하구 괴정동,경상사고,0,0,1,0,차대차 - 기타,안전거리미확보,건조,맑음,단일로 - 기타,승용,남,62세,상해없음,승용,남,29세,경상
2022090100100439,2022년 9월 1일 17시,목요일,부산광역시 사상구 덕포동,중상사고,0,1,1,0,차대사람 - 횡단중,보행자보호의무위반,건조,맑음,교차로 - 교차로횡단보도내,화물,남,26세,상해없음,보행자,여,68세,경상
2.02209E+15,2022년 9월 1일 17시,목요일,부산광역시 사상구 주례동,경상사고,0,0,1,0,차대사람 - 횡단중,보행자보호의무위반,건조,맑음,교차로 - 교차로부근,승용,남,66세,상해없음,보행자,남,5세,경상
2022090100100526,2022년 9월 1일 19시,목요일,부산광역시 사하구 당리동,중상사고,0,1,0,0,차대사람 - 횡단중,안전운전불이행,건조,맑음,단일로 - 기타,이륜,남,39세,상해없음,보행자,여,65세,중상
2022090100100593,2022년 9월 1일 21시,목요일,부산광역시 동래구 안락동,경상사고,0,0,1,0,차대사람 - 차도통행중,중앙선침범,젖음/습기,흐림,단일로 - 기타,승용,여,63세,상해없음,보행자,남,66세,경상
2022090100100594,2022년 9월 1일 21시,목요일,부산광역시 사상구 모라동,경상사고,0,0,1,0,차대차 - 추돌,안전운전불이행,건조,맑음,교차로 - 교차로부근,승용,남,61세,상해없음,승용,남,54세,경상
2022090100100616,2022년 9월 1일 22시,목요일,부산광역시 해운대구 우동,경상사고,0,0,1,0,차대사람 - 기타,안전운전불이행,건조,맑음,단일로 - 기타,승용,남,72세,상해없음,보행자,여,29세,경상
2022090200100006,2022년 9월 2일 00시,금요일,부산광역시 영도구 영선동4가,부상신고사고,0,0,0,1,차대사람 - 기타,안전운전불이행,젖음/습기,비,단일로 - 지하차도(도로)내,승용,남,55세,상해없음,보행자,남,37세,부상신고
2022090200100036,2022년 9월 2일 04시,금요일,부산광역시 강서구 대저1동,중상사고,0,1,0,0,차대차 - 측면충돌,신호위반,건조,맑음,교차로 - 교차로안,승용,남,59세,기타불명,승용,여,62세,중상
2022090200100044,2022년 9월 2일 05시,금요일,부산광역시 부산진구 부전동,경상사고,0,0,1,0,차대차 - 기타,안전운전불이행,젖음/습기,비,교차로 - 교차로안,승용,남,47세,상해없음,승용,남,44세,기타불명
2022090200100057,2022년 9월 2일 06시,금요일,부산광역시 사하구 신평동,경상사고,0,0,1,0,차대차 - 추돌,신호위반,젖음/습기,비,교차로 - 교차로안,화물,남,44세,상해없음,승용,여,65세,경상
2022090200100102,2022년 9월 2일 08시,금요일,부산광역시 중구 중앙동7가,부상신고사고,0,0,0,1,차대사람 - 기타,안전운전불이행,젖음/습기,비,교차로 - 교차로부근,승합,남,56세,상해없음,보행자,여,72세,부상신고
2022090200100103,2022년 9월 2일 08시,금요일,부산광역시 북구 구포동,경상사고,0,0,1,0,차대차 - 추돌,안전운전불이행,젖음/습기,비,교차로 - 교차로횡단보도내,승합,남,51세,상해없음,승용,여,39세,경상
2022090200100104,2022년 9월 2일 08시,금요일,부산광역시 해운대구 좌동,경상사고,0,0,2,0,차대차 - 추돌,안전운전불이행,젖음/습기,비,단일로 - 기타,승용,남,69세,상해없음,승용,여,45세,경상
2022090200100155,2022년 9월 2일 09시,금요일,부산광역시 남구 용당동,경상사고,0,0,1,0,차대차 - 추돌,안전운전불이행,건조,맑음,단일로 - 기타,승용,남,28세,상해없음,승용,남,38세,상해없음
2022090200100196,2022년 9월 2일 10시,금요일,부산광역시 동구 초량동,중상사고,0,1,0,0,차대사람 - 횡단중,안전운전불이행,젖음/습기,비,교차로 - 교차로안,화물,남,65세,상해없음,보행자,여,79세,중상
2022090200100226,2022년 9월 2일 11시,금요일,부산광역시 강서구 대저1동,중상사고,0,1,0,0,차대사람 - 기타,안전운전불이행,젖음/습기,비,교차로 - 교차로안,승합,여,45세,상해없음,보행자,여,83세,중상
2022090200100296,2022년 9월 2일 13시,금요일,부산광역시 강서구 미음동,경상사고,0,0,2,0,차대차 - 기타,안전운전불이행,건조,맑음,교차로 - 교차로안,승용,남,58세,경상,화물,남,66세,경상
2022090200100334,2022년 9월 2일 14시,금요일,부산광역시 남구 문현동,중상사고,0,2,0,0,차대차 - 측면충돌,안전거리미확보,젖음/습기,맑음,교차로 - 교차로안,승용,여,59세,상해없음,승용,남,61세,중상
2022090200100335,2022년 9월 2일 14시,금요일,부산광역시 동래구 사직동,중상사고,0,3,3,0,차대차 - 기타,안전운전불이행,건조,맑음,교차로 - 교차로안,승용,여,71세,상해없음,승합,남,36세,기타불명
2022090200100336,2022년 9월 2일 14시,금요일,부산광역시 사하구 하단동,부상신고사고,0,0,0,1,차대차 - 기타,안전거리미확보,젖음/습기,비,교차로 - 교차로부근,승용,남,69세,상해없음,승용,남,30세,부상신고
2022090200100376,2022년 9월 2일 15시,금요일,부산광역시 남구 대연동,경상사고,0,0,1,0,차대차 - 측면충돌,안전운전불이행,건조,맑음,단일로 - 기타,승용,남,79세,상해없음,이륜,남,41세,경상
2022090200100377,2022년 9월 2일 15시,금요일,부산광역시 기장군 정관읍,중상사고,0,1,0,0,차대차 - 기타,교차로운행방법위반,젖음/습기,비,교차로 - 교차로부근,승용,여,34세,상해없음,이륜,남,48세,중상
2022090200100426,2022년 9월 2일 16시,금요일,부산광역시 동구 초량동,중상사고,0,1,0,0,차대사람 - 기타,안전운전불이행,젖음/습기,비,교차로 - 교차로안,화물,남,62세,상해없음,보행자,남,53세,중상
2022090200100427,2022년 9월 2일 16시,금요일,부산광역시 수영구 광안동,중상사고,0,1,0,0,차대사람 - 길가장자리구역통행중,안전운전불이행,젖음/습기,비,단일로 - 기타,승용,여,43세,상해없음,보행자,여,51세,중상
2022090200100476,2022년 9월 2일 17시,금요일,부산광역시 서구 암남동,경상사고,0,0,1,0,차대차 - 기타,기타,건조,맑음,단일로 - 기타,화물,남,23세,상해없음,원동기,남,48세,경상
2022090200100477,2022년 9월 2일 17시,금요일,부산광역시 동래구 온천동,경상사고,0,0,1,0,차대차 - 측면충돌,안전운전불이행,건조,맑음,단일로 - 기타,승용,남,77세,상해없음,자전거,남,51세,경상
2022090200100478,2022년 9월 2일 17시,금요일,부산광역시 부산진구 당감동,경상사고,0,0,1,0,차대사람 - 횡단중,신호위반,건조,맑음,교차로 - 교차로횡단보도내,승용,여,48세,상해없음,보행자,여,13세,경상
2022090200100479,2022년 9월 2일 17시,금요일,부산광역시 사하구 다대동,중상사고,0,1,0,0,차대차 - 측면충돌,신호위반,젖음/습기,비,교차로 - 교차로안,이륜,남,34세,중상,승용,남,62세,상해없음
2.02209E+15,2022년 9월 2일 18시,금요일,부산광역시 부산진구 양정동,중상사고,0,1,0,0,차대사람 - 횡단중,보행자보호의무위반,건조,맑음,교차로 - 교차로부근,승용,여,38세,상해없음,보행자,여,76세,중상
2022090200100531,2022년 9월 2일 18시,금요일,부산광역시 사하구 장림동,경상사고,0,0,2,0,차대차 - 기타,차로위반,건조,맑음,단일로 - 기타,승용,여,45세,경상,승용,남,60세,경상
2022090200100532,2022년 9월 2일 18시,금요일,부산광역시 사하구 다대동,부상신고사고,0,0,0,1,차대차 - 추돌,기타,젖음/습기,비,교차로 - 교차로안,이륜,남,36세,부상신고,승용,남,41세,상해없음
2022090200100533,2022년 9월 2일 18시,금요일,부산광역시 기장군 기장읍,경상사고,0,0,2,0,차대차 - 추돌,안전거리미확보,젖음/습기,비,단일로 - 기타,승용,남,28세,경상,승용,남,37세,경상
2022090200100588,2022년 9월 2일 19시,금요일,부산광역시 중구 남포동1가,경상사고,0,0,1,0,차대차 - 추돌,안전운전불이행,젖음/습기,비,교차로 - 교차로부근,승용,여,48세,상해없음,승용,남,60세,경상
2022090200100589,2022년 9월 2일 19시,금요일,부산광역시 수영구 광안동,경상사고,0,0,1,0,차대차 - 추돌,안전운전불이행,젖음/습기,비,교차로 - 교차로안,승용,남,30세,상해없음,이륜,남,32세,경상
2.02209E+15,2022년 9월 2일 19시,금요일,부산광역시 해운대구 우동,경상사고,0,0,1,0,차대사람 - 횡단중,보행자보호의무위반,젖음/습기,비,단일로 - 기타,화물,남,28세,상해없음,보행자,여,53세,경상
2022090200100591,2022년 9월 2일 19시,금요일,부산광역시 금정구 두구동,중상사고,0,2,0,0,차대차 - 측면충돌,안전거리미확보,젖음/습기,비,단일로 - 기타,승합,남,54세,상해없음,승용,남,41세,중상
2022090200100665,2022년 9월 2일 21시,금요일,부산광역시 중구 영주동,중상사고,0,1,0,0,차대사람 - 횡단중,안전운전불이행,젖음/습기,비,단일로 - 기타,이륜,남,36세,상해없음,보행자,여,53세,중상
2022090200100666,2022년 9월 2일 21시,금요일,부산광역시 남구 대연동,중상사고,0,1,0,0,차대차 - 정면충돌,안전운전불이행,젖음/습기,비,교차로 - 교차로안,승용,남,24세,상해없음,이륜,남,48세,중상
2022090200100693,2022년 9월 2일 22시,금요일,부산광역시 해운대구 우동,중상사고,0,1,0,0,차대사람 - 차도통행중,안전운전불이행,젖음/습기,비,교차로 - 교차로부근,승용,남,57세,상해없음,보행자,여,22세,중상
2022090200100718,2022년 9월 2일 23시,금요일,부산광역시 사상구 학장동,경상사고,0,0,1,0,차대차 - 추돌,안전운전불이행,건조,맑음,교차로 - 교차로부근,화물,남,57세,상해없음,승용,남,26세,경상
2022090300100003,2022년 9월 3일 00시,토요일,부산광역시 금정구 부곡동,경상사고,0,0,1,0,차대사람 - 기타,안전운전불이행,건조,맑음,단일로 - 기타,승용,남,58세,상해없음,보행자,남,57세,경상
2022090300100004,2022년 9월 3일 00시,토요일,부산광역시 기장군 기장읍,경상사고,0,0,1,0,차대사람 - 기타,안전운전불이행,젖음/습기,비,단일로 - 기타,승용,남,75세,상해없음,보행자,남,21세,경상
2022090300100019,2022년 9월 3일 01시,토요일,부산광역시 부산진구 개금동,경상사고,0,0,2,0,차대차 - 추돌,안전운전불이행,젖음/습기,비,교차로 - 교차로부근,승용,남,32세,상해없음,승용,남,44세,경상
2.02209E+15,2022년 9월 3일 01시,토요일,부산광역시 연제구 거제동,경상사고,0,0,1,0,차대차 - 추돌,안전운전불이행,건조,맑음,단일로 - 기타,승용,남,32세,상해없음,화물,남,51세,경상
2022090300100033,2022년 9월 3일 02시,토요일,부산광역시 남구 대연동,경상사고,0,0,3,0,차대사람 - 기타,안전운전불이행,건조,맑음,교차로 - 교차로안,승용,남,58세,상해없음,보행자,기타불명,미분류,기타불명
2022090300100034,2022년 9월 3일 02시,토요일,부산광역시 해운대구 중동,중상사고,0,1,0,0,차량단독 - 공작물충돌,안전운전불이행,젖음/습기,비,교차로 - 교차로안,승용,남,52세,중상,,,,
2022090300100055,2022년 9월 3일 04시,토요일,부산광역시 수영구 망미동,경상사고,0,0,1,0,차대차 - 추돌,안전운전불이행,건조,흐림,단일로 - 기타,승용,여,32세,상해없음,승용,남,27세,경상
2022090300100069,2022년 9월 3일 05시,토요일,부산광역시 해운대구 우동,사망사고,1,0,0,0,차대사람 - 차도통행중,기타,젖음/습기,비,교차로 - 교차로횡단보도내,승용,남,66세,상해없음,보행자,여,63세,사망
2.02209E+15,2022년 9월 3일 05시,토요일,부산광역시 사하구 당리동,중상사고,0,3,2,0,차대차 - 측면충돌,중앙선침범,건조,맑음,단일로 - 기타,승합,남,62세,경상,화물,남,68세,경상
2022090300100085,2022년 9월 3일 06시,토요일,부산광역시 수영구 수영동,경상사고,0,0,1,0,차대차 - 추돌,안전운전불이행,건조,맑음,교차로 - 교차로부근,이륜,남,25세,경상,승용,남,56세,상해없음
2022090300100107,2022년 9월 3일 08시,토요일,부산광역시 사하구 하단동,중상사고,0,1,0,1,차대차 - 기타,안전운전불이행,젖음/습기,비,단일로 - 기타,승용,남,77세,부상신고,승용,남,43세,중상
2022090300100132,2022년 9월 3일 09시,토요일,부산광역시 수영구 망미동,경상사고,0,0,1,0,차대차 - 측면충돌,안전거리미확보,건조,맑음,교차로 - 교차로안,승용,여,38세,상해없음,승용,남,44세,경상
2022090300100133,2022년 9월 3일 09시,토요일,부산광역시 기장군 정관읍,경상사고,0,0,2,0,차대차 - 추돌,안전운전불이행,젖음/습기,비,단일로 - 터널,화물,남,61세,상해없음,승용,남,32세,경상
2022090300100166,2022년 9월 3일 10시,토요일,부산광역시 부산진구 개금동,경상사고,0,0,1,0,차대차 - 측면충돌,안전거리미확보,건조,맑음,단일로 - 기타,승용,남,51세,상해없음,승용,여,36세,경상
2022090300100167,2022년 9월 3일 10시,토요일,부산광역시 금정구 서동,경상사고,0,0,1,0,차대차 - 측면충돌,안전거리미확보,젖음/습기,비,단일로 - 기타,승합,여,53세,상해없음,승용,여,45세,경상
2022090300100168,2022년 9월 3일 10시,토요일,부산광역시 금정구 부곡동,경상사고,0,0,2,0,차대차 - 측면충돌,안전거리미확보,건조,맑음,단일로 - 기타,승용,남,48세,상해없음,승용,남,43세,경상
2022090300100202,2022년 9월 3일 11시,토요일,부산광역시 서구 서대신동3가,중상사고,0,1,0,0,차대차 - 측면충돌,교차로운행방법위반,건조,맑음,교차로 - 교차로안,승용,여,61세,상해없음,승용,여,65세,중상
2022090300100203,2022년 9월 3일 11시,토요일,부산광역시 연제구 연산동,경상사고,0,0,1,0,차대차 - 측면충돌,기타,건조,맑음,단일로 - 기타,승용,남,64세,상해없음,이륜,남,30세,경상
2022090300100244,2022년 9월 3일 12시,토요일,부산광역시 수영구 광안동,중상사고,0,1,0,0,차대차 - 측면충돌,신호위반,건조,맑음,교차로 - 교차로부근,승용,남,38세,상해없음,이륜,남,43세,중상
2022090300100245,2022년 9월 3일 12시,토요일,부산광역시 동래구 온천동,경상사고,0,0,1,0,차대차 - 측면충돌,안전운전불이행,건조,맑음,단일로 - 기타,승용,남,49세,상해없음,이륜,남,53세,경상
2022090300100285,2022년 9월 3일 13시,토요일,부산광역시 남구 문현동,중상사고,0,1,0,0,차대사람 - 횡단중,안전운전불이행,건조,맑음,단일로 - 기타,이륜,남,21세,상해없음,보행자,남,8세,중상
2022090300100286,2022년 9월 3일 13시,토요일,부산광역시 부산진구 부암동,경상사고,0,0,1,1,차대차 - 추돌,안전거리미확보,건조,기타,단일로 - 터널,승용,남,61세,상해없음,화물,남,31세,부상신고
2022090300100287,2022년 9월 3일 13시,토요일,부산광역시 연제구 연산동,경상사고,0,0,2,0,차대차 - 기타,안전운전불이행,건조,흐림,단일로 - 기타,승용,남,32세,상해없음,승용,여,57세,경상
2022090300100335,2022년 9월 3일 14시,토요일,부산광역시 연제구 연산동,부상신고사고,0,0,0,1,차대차 - 기타,중앙선침범,건조,흐림,단일로 - 기타,이륜,남,58세,상해없음,승용,남,41세,상해없음
2.02209E+15,2022년 9월 3일 15시,토요일,부산광역시 부산진구 부전동,부상신고사고,0,0,0,1,차대차 - 측면충돌,안전운전불이행,젖음/습기,비,단일로 - 기타,자전거,남,89세,부상신고,승용,남,67세,상해없음
2022090300100371,2022년 9월 3일 15시,토요일,부산광역시 부산진구 초읍동,경상사고,0,0,1,0,차대차 - 기타,차로위반,건조,맑음,단일로 - 기타,화물,남,65세,상해없음,승용,여,49세,경상
2022090300100372,2022년 9월 3일 15시,토요일,부산광역시 사하구 당리동,경상사고,0,0,1,0,차대차 - 기타,안전운전불이행,젖음/습기,비,교차로 - 교차로부근,승용,남,72세,상해없음,승용,남,55세,경상
2022090300100373,2022년 9월 3일 15시,토요일,부산광역시 연제구 연산동,경상사고,0,0,1,0,차대차 - 기타,안전운전불이행,젖음/습기,흐림,단일로 - 기타,승용,여,67세,상해없음,원동기,남,38세,경상
2.02209E+15,2022년 9월 3일 16시,토요일,부산광역시 서구 암남동,경상사고,0,0,2,0,차대차 - 측면충돌,안전거리미확보,젖음/습기,비,교차로 - 교차로부근,승용,남,68세,상해없음,승용,남,48세,경상
2022090300100435,2022년 9월 3일 17시,토요일,부산광역시 해운대구 좌동,경상사고,0,0,1,0,차대차 - 측면충돌,안전거리미확보,젖음/습기,흐림,교차로 - 교차로부근,승용,남,48세,상해없음,승용,남,61세,경상
2022090300100436,2022년 9월 3일 17시,토요일,부산광역시 부산진구 부암동,경상사고,0,0,1,0,차대차 - 측면충돌,안전거리미확보,젖음/습기,비,교차로 - 교차로부근,승용,남,68세,상해없음,이륜,남,25세,경상
2022090300100477,2022년 9월 3일 18시,토요일,부산광역시 서구 서대신동2가,경상사고,0,0,4,0,차대차 - 추돌,안전운전불이행,젖음/습기,비,단일로 - 터널,원동기,남,19세,경상,승용,여,53세,경상
2022090300100478,2022년 9월 3일 18시,토요일,부산광역시 금정구 부곡동,경상사고,0,0,1,0,차대차 - 기타,신호위반,젖음/습기,맑음,단일로 - 터널,승용,남,72세,상해없음,승용,남,34세,경상
2022090300100511,2022년 9월 3일 19시,토요일,부산광역시 연제구 연산동,중상사고,0,1,0,0,차대차 - 기타,신호위반,젖음/습기,흐림,교차로 - 교차로안,이륜,남,30세,상해없음,이륜,남,48세,중상
2022090300100544,2022년 9월 3일 20시,토요일,부산광역시 강서구 대저1동,중상사고,0,1,1,0,차대차 - 기타,안전거리미확보,건조,맑음,단일로 - 기타,승용,여,47세,상해없음,승용,남,39세,중상
2022090300100562,2022년 9월 3일 21시,토요일,부산광역시 북구 화명동,중상사고,0,1,0,0,차대차 - 기타,안전운전불이행,건조,맑음,단일로 - 기타,승용,남,50세,상해없음,승용,남,28세,중상
2022090300100563,2022년 9월 3일 21시,토요일,부산광역시 부산진구 범전동,경상사고,0,0,1,0,차대차 - 기타,안전운전불이행,젖음/습기,비,교차로 - 교차로부근,승용,남,56세,상해없음,승용,여,47세,경상
2022090300100564,2022년 9월 3일 21시,토요일,부산광역시 사하구 괴정동,경상사고,0,0,1,0,차대사람 - 길가장자리구역통행중,안전운전불이행,젖음/습기,비,단일로 - 기타,승용,여,51세,상해없음,보행자,여,49세,경상
2022090300100565,2022년 9월 3일 21시,토요일,부산광역시 사상구 괘법동,경상사고,0,0,1,0,차대차 - 측면충돌,안전운전불이행,젖음/습기,비,교차로 - 교차로안,승용,남,36세,상해없음,원동기,남,60세,경상
2022090300100589,2022년 9월 3일 22시,토요일,부산광역시 기장군 기장읍,경상사고,0,0,3,0,차대차 - 추돌,안전운전불이행,젖음/습기,비,단일로 - 기타,승용,여,38세,상해없음,승용,남,24세,경상
2022090300100617,2022년 9월 3일 23시,토요일,부산광역시 남구 대연동,경상사고,0,0,2,0,차대차 - 추돌,안전운전불이행,젖음/습기,비,단일로 - 기타,승용,남,40세,상해없음,승용,남,60세,경상
2022090300100618,2022년 9월 3일 23시,토요일,부산광역시 영도구 대교동1가,경상사고,0,0,2,0,차대사람 - 기타,안전운전불이행,젖음/습기,비,교차로 - 교차로부근,이륜,남,64세,상해없음,보행자,남,47세,경상
2022090400100025,2022년 9월 4일 02시,일요일,부산광역시 부산진구 부암동,경상사고,0,0,1,0,차대차 - 측면충돌,신호위반,젖음/습기,비,단일로 - 기타,승용,남,69세,상해없음,승용,남,55세,경상
2022090400100036,2022년 9월 4일 03시,일요일,부산광역시 해운대구 재송동,중상사고,0,1,0,0,차량단독 - 공작물충돌,기타,건조,흐림,단일로 - 기타,승용,남,54세,상해없음,,,,
2022090400100058,2022년 9월 4일 06시,일요일,부산광역시 해운대구 좌동,경상사고,0,0,1,0,차대차 - 기타,기타,기타,맑음,단일로 - 기타,승용,남,25세,상해없음,화물,남,28세,상해없음
2.02209E+15,2022년 9월 4일 08시,일요일,부산광역시 동구 범일동,경상사고,0,0,2,0,차대차 - 기타,안전운전불이행,젖음/습기,비,단일로 - 기타,승용,남,64세,상해없음,승용,남,68세,경상
2022090400100086,2022년 9월 4일 09시,일요일,부산광역시 사상구 모라동,부상신고사고,0,0,0,1,차대차 - 정면충돌,신호위반,건조,맑음,교차로 - 교차로안,승용,남,63세,상해없음,승용,남,44세,부상신고
2022090400100097,2022년 9월 4일 10시,일요일,부산광역시 수영구 광안동,경상사고,0,0,1,0,차대차 - 추돌,안전거리미확보,건조,맑음,단일로 - 터널,승합,남,66세,상해없음,승용,남,67세,상해없음
2022090400100098,2022년 9월 4일 10시,일요일,부산광역시 동래구 사직동,중상사고,0,1,0,0,차대사람 - 횡단중,신호위반,젖음/습기,비,교차로 - 교차로안,승용,여,55세,상해없음,보행자,남,10세,중상
2022090400100099,2022년 9월 4일 10시,일요일,부산광역시 해운대구 좌동,경상사고,0,0,2,0,차대차 - 추돌,안전운전불이행,건조,맑음,단일로 - 기타,승용,여,38세,기타불명,승용,남,61세,경상
2.02209E+15,2022년 9월 4일 10시,일요일,부산광역시 금정구 서동,경상사고,0,0,1,0,차대차 - 측면충돌,직진우회전진행방해,건조,맑음,교차로 - 교차로안,승용,여,26세,상해없음,화물,남,66세,경상
2022090400100101,2022년 9월 4일 10시,일요일,부산광역시 사하구 신평동,경상사고,0,0,3,0,차대차 - 측면충돌,직진우회전진행방해,건조,맑음,교차로 - 교차로안,이륜,남,61세,경상,승용,남,38세,경상
2022090400100102,2022년 9월 4일 10시,일요일,부산광역시 기장군 일광읍,경상사고,0,0,1,0,차대사람 - 보도통행중,보행자보호의무위반,건조,맑음,단일로 - 기타,승용,남,66세,상해없음,보행자,남,82세,경상
2022090400100119,2022년 9월 4일 11시,일요일,부산광역시 사하구 하단동,경상사고,0,0,3,0,차대차 - 측면충돌,직진우회전진행방해,건조,맑음,교차로 - 교차로안,승용,여,38세,상해없음,승용,남,34세,상해없음
2022090400100154,2022년 9월 4일 12시,일요일,부산광역시 중구 부평동2가,중상사고,0,1,0,0,차대사람 - 기타,안전운전불이행,건조,맑음,단일로 - 기타,승용,여,57세,상해없음,보행자,여,67세,중상
2022090400100155,2022년 9월 4일 12시,일요일,부산광역시 금정구 구서동,경상사고,0,0,1,0,차대차 - 기타,신호위반,건조,맑음,교차로 - 교차로안,이륜,남,30세,경상,승용,여,52세,상해없음
2022090400100218,2022년 9월 4일 14시,일요일,부산광역시 사하구 하단동,경상사고,0,0,1,0,차대차 - 측면충돌,교차로운행방법위반,건조,맑음,교차로 - 교차로안,승용,남,64세,상해없음,승합,남,48세,경상
2022090400100248,2022년 9월 4일 15시,일요일,부산광역시 남구 대연동,경상사고,0,0,1,0,차대차 - 기타,안전운전불이행,건조,맑음,단일로 - 기타,승용,여,39세,상해없음,승용,여,31세,경상
2022090400100286,2022년 9월 4일 16시,일요일,부산광역시 남구 대연동,경상사고,0,0,1,0,차대차 - 측면충돌,교차로운행방법위반,건조,맑음,교차로 - 교차로부근,승용,남,75세,상해없음,승용,남,77세,경상
2022090400100287,2022년 9월 4일 16시,일요일,부산광역시 수영구 망미동,경상사고,0,0,2,0,차대차 - 기타,신호위반,건조,맑음,교차로 - 교차로안,승용,남,27세,상해없음,승용,여,49세,경상