사고번호,사고일시,요일,시군구,사고내용,사망자수,중상자수,경상자수,부상신고자수,사고유형,법규위반,노면상태,기상상태,도로형태,가해운전자 차종,가해운전자 성별,가해운전자 연령,가해운전자 상해정도,피해운전자 차종,피해운전자 성별,피해운전자 연령,피해운전자 상해정도
2022090800100404,2022년 9월 8일 15시,목요일,부산광역시 금정구 장전동,경상사고,0,0,1,0,차대사람 - 횡단중,보행자보호의무위반,건조,맑음,단일로 - 기타,승용,남,75세,상해없음,보행자,여,21세,경상
2022090800100405,2022년 9월 8일 15시,목요일,부산광역시 수영구 수영동,경상사고,0,0,1,0,차대차 - 기타,안전운전불이행,건조,맑음,교차로 - 교차로안,승용,남,69세,상해없음,승용,남,59세,상해없음
2022090800100465,2022년 9월 8일 16시,목요일,부산광역시 중구 남포동5가,부상신고사고,0,0,0,1,차대사람 - 기타,안전운전불이행,건조,맑음,교차로 - 교차로부근,승합,남,59세,상해없음,보행자,여,70세,부상신고
2022090800100466,2022년 9월 8일 16시,목요일,부산광역시 동구 초량동,중상사고,0,1,0,0,차대사람 - 기타,안전운전불이행,건조,맑음,단일로 - 기타,승용,남,54세,상해없음,보행자,남,9세,중상
2022090800100467,2022년 9월 8일 16시,목요일,부산광역시 북구 화명동,중상사고,0,1,0,0,차대차 - 기타,신호위반,건조,맑음,교차로 - 교차로안,승용,남,46세,상해없음,원동기,남,48세,중상
2022090800100468,2022년 9월 8일 16시,목요일,부산광역시 동래구 온천동,경상사고,0,0,1,0,차대차 - 측면충돌,차로위반,건조,맑음,단일로 - 기타,승용,여,54세,상해없음,승용,여,39세,경상
2022090800100469,2022년 9월 8일 16시,목요일,부산광역시 해운대구 좌동,경상사고,0,0,1,0,차대차 - 측면충돌,안전운전불이행,건조,맑음,단일로 - 기타,승용,남,51세,상해없음,승합,여,44세,경상
2022090800100542,2022년 9월 8일 17시,목요일,부산광역시 동구 수정동,경상사고,0,0,1,0,차대차 - 기타,안전거리미확보,건조,맑음,단일로 - 기타,승용,여,62세,상해없음,승용,남,69세,상해없음
2022090800100543,2022년 9월 8일 17시,목요일,부산광역시 금정구 장전동,경상사고,0,0,1,0,차대차 - 측면충돌,기타,건조,맑음,교차로 - 교차로안,승용,남,49세,상해없음,승용,남,53세,경상
2022090800100544,2022년 9월 8일 17시,목요일,부산광역시 연제구 연산동,경상사고,0,0,2,0,차대차 - 기타,안전운전불이행,건조,맑음,단일로 - 기타,승용,여,74세,상해없음,승용,남,48세,경상
2022090800100619,2022년 9월 8일 18시,목요일,부산광역시 동구 수정동,경상사고,0,0,1,0,차대사람 - 보도통행중,기타,건조,맑음,단일로 - 기타,이륜,남,49세,상해없음,보행자,여,19세,경상
2.02209E+15,2022년 9월 8일 18시,목요일,부산광역시 동래구 사직동,경상사고,0,0,1,0,차량단독 - 기타,안전운전불이행,건조,맑음,미분류 - 미분류,승합,남,73세,기타불명,,,,
2022090800100621,2022년 9월 8일 18시,목요일,부산광역시 동래구 안락동,경상사고,0,0,2,0,차대차 - 기타,안전거리미확보,건조,맑음,단일로 - 기타,승용,여,47세,경상,승용,남,63세,경상
2022090800100622,2022년 9월 8일 18시,목요일,부산광역시 강서구 봉림동,중상사고,0,1,0,0,차대차 - 측면충돌,안전거리미확보,건조,맑음,단일로 - 기타,특수,남,36세,상해없음,승용,여,56세,중상
2022090800100745,2022년 9월 8일 21시,목요일,부산광역시 부산진구 부암동,경상사고,0,0,2,0,차대차 - 추돌,안전거리미확보,건조,맑음,단일로 - 기타,승용,여,63세,상해없음,승용,남,43세,경상
2022090800100746,2022년 9월 8일 21시,목요일,부산광역시 강서구 대저2동,경상사고,0,0,1,1,차대차 - 측면충돌,안전거리미확보,건조,맑음,단일로 - 기타,승용,여,44세,상해없음,승용,남,52세,경상
2022090800100785,2022년 9월 8일 22시,목요일,부산광역시 중구 대청동1가,경상사고,0,0,1,0,차대사람 - 횡단중,신호위반,건조,맑음,단일로 - 기타,이륜,남,64세,상해없음,보행자,남,67세,경상
2022090800100786,2022년 9월 8일 22시,목요일,부산광역시 동래구 명륜동,경상사고,0,0,1,0,차대차 - 기타,안전운전불이행,건조,맑음,단일로 - 기타,승용,남,23세,상해없음,승용,남,49세,기타불명
2022090800100787,2022년 9월 8일 22시,목요일,부산광역시 금정구 노포동,경상사고,0,0,1,0,차대차 - 기타,신호위반,건조,맑음,단일로 - 기타,승용,여,52세,상해없음,승용,여,57세,경상
2022090900100018,2022년 9월 9일 01시,금요일,부산광역시 동구 범일동,중상사고,0,1,0,0,차대차 - 정면충돌,신호위반,건조,맑음,교차로 - 교차로안,승용,남,78세,상해없음,승용,남,58세,중상
2022090900100054,2022년 9월 9일 04시,금요일,부산광역시 동구 범일동,중상사고,0,1,0,0,차대차 - 기타,안전운전불이행,건조,맑음,단일로 - 지하차도(도로)내,개인형이동수단(PM),남,24세,기타불명,이륜,남,23세,중상
2022090900100065,2022년 9월 9일 05시,금요일,부산광역시 동구 좌천동,중상사고,0,2,0,0,차대차 - 추돌,안전운전불이행,건조,맑음,단일로 - 지하차도(도로)내,승용,여,69세,기타불명,승용,남,51세,중상
2022090900100075,2022년 9월 9일 06시,금요일,부산광역시 기장군 정관읍,중상사고,0,1,1,0,차대차 - 추돌,안전운전불이행,건조,맑음,단일로 - 기타,승용,남,20세,경상,승용,남,50세,중상
2022090900100111,2022년 9월 9일 09시,금요일,부산광역시 동구 초량동,중상사고,0,1,0,0,차대차 - 기타,안전운전불이행,건조,맑음,단일로 - 기타,승용,남,49세,상해없음,자전거,여,44세,중상
2022090900100133,2022년 9월 9일 10시,금요일,부산광역시 서구 남부민동,경상사고,0,0,1,0,차대차 - 후진중충돌,안전운전불이행,건조,맑음,단일로 - 기타,승용,남,74세,상해없음,승용,여,25세,경상
2022090900100159,2022년 9월 9일 11시,금요일,부산광역시 서구 동대신동2가,중상사고,0,1,0,0,차대차 - 기타,안전운전불이행,건조,맑음,교차로 - 교차로부근,승용,남,33세,상해없음,기타불명,여,79세,중상
2.02209E+15,2022년 9월 9일 11시,금요일,부산광역시 해운대구 좌동,경상사고,0,0,3,0,차대차 - 기타,신호위반,건조,맑음,교차로 - 교차로안,승합,남,57세,상해없음,승용,여,38세,경상
2022090900100161,2022년 9월 9일 11시,금요일,부산광역시 부산진구 범천동,경상사고,0,0,1,0,차대차 - 측면충돌,신호위반,건조,맑음,교차로 - 교차로안,승용,남,74세,상해없음,승용,여,51세,경상
2022090900100198,2022년 9월 9일 12시,금요일,부산광역시 금정구 노포동,경상사고,0,0,4,0,차대차 - 기타,안전거리미확보,건조,맑음,단일로 - 기타,승용,여,51세,상해없음,승용,남,41세,경상
2022090900100199,2022년 9월 9일 12시,금요일,부산광역시 강서구 송정동,경상사고,0,0,1,0,차대차 - 기타,안전운전불이행,건조,맑음,단일로 - 기타,승용,남,56세,상해없음,승용,남,53세,경상
2022090900100231,2022년 9월 9일 13시,금요일,부산광역시 강서구 천성동,경상사고,0,0,4,0,차대차 - 추돌,안전운전불이행,건조,맑음,단일로 - 지하차도(도로)내,승용,남,26세,상해없음,승용,남,19세,경상
2022090900100274,2022년 9월 9일 14시,금요일,부산광역시 해운대구 좌동,중상사고,0,1,0,0,차대차 - 측면충돌,안전운전불이행,건조,맑음,기타 - 기타,이륜,남,19세,상해없음,승용,남,68세,중상
2022090900100275,2022년 9월 9일 14시,금요일,부산광역시 금정구 노포동,경상사고,0,0,1,0,차대차 - 측면충돌,신호위반,건조,맑음,단일로 - 기타,승용,여,41세,상해없음,승용,여,55세,경상
2022090900100306,2022년 9월 9일 15시,금요일,부산광역시 해운대구 우동,경상사고,0,0,1,0,차대사람 - 보도통행중,기타,건조,맑음,기타 - 기타,자전거,기타불명,미분류,기타불명,보행자,여,67세,경상
2022090900100307,2022년 9월 9일 15시,금요일,부산광역시 사상구 감전동,경상사고,0,0,2,0,차대사람 - 차도통행중,안전운전불이행,건조,맑음,단일로 - 지하차도(도로)내,승용,여,28세,기타불명,보행자,남,10세,경상
2022090900100344,2022년 9월 9일 16시,금요일,부산광역시 수영구 광안동,경상사고,0,0,1,0,차대차 - 측면충돌,안전운전불이행,건조,맑음,교차로 - 교차로안,승용,남,36세,상해없음,승용,여,52세,상해없음
2022090900100391,2022년 9월 9일 18시,금요일,부산광역시 남구 대연동,경상사고,0,0,1,0,차대차 - 측면충돌,신호위반,건조,맑음,교차로 - 교차로횡단보도내,승용,여,69세,상해없음,이륜,남,43세,경상
2022090900100392,2022년 9월 9일 18시,금요일,부산광역시 부산진구 부암동,중상사고,0,1,1,0,차대차 - 기타,안전운전불이행,건조,맑음,단일로 - 기타,이륜,남,66세,경상,이륜,남,31세,중상
2022090900100394,2022년 9월 9일 18시,금요일,부산광역시 기장군 정관읍,경상사고,0,0,1,0,차대사람 - 기타,안전운전불이행,건조,맑음,기타 - 기타,승용,남,69세,상해없음,보행자,남,7세,경상
2022090900100422,2022년 9월 9일 19시,금요일,부산광역시 수영구 민락동,경상사고,0,0,1,0,차대차 - 기타,안전운전불이행,건조,맑음,교차로 - 교차로안,승용,남,67세,기타불명,이륜,남,54세,경상
2022090900100423,2022년 9월 9일 19시,금요일,부산광역시 금정구 금사동,경상사고,0,0,3,0,차대차 - 기타,안전운전불이행,건조,맑음,단일로 - 기타,승용,남,72세,경상,승용,남,54세,경상
2022090900100475,2022년 9월 9일 21시,금요일,부산광역시 부산진구 부전동,중상사고,0,1,0,0,차대사람 - 기타,안전운전불이행,건조,맑음,교차로 - 교차로안,승용,남,42세,상해없음,보행자,남,18세,중상
2022091000100002,2022년 9월 10일 00시,토요일,부산광역시 해운대구 재송동,경상사고,0,0,2,0,차대사람 - 길가장자리구역통행중,안전운전불이행,건조,맑음,교차로 - 교차로부근,승용,남,71세,상해없음,보행자,남,58세,경상
2022091000100023,2022년 9월 10일 02시,토요일,부산광역시 부산진구 당감동,경상사고,0,0,3,0,차대차 - 추돌,기타,건조,맑음,단일로 - 터널,승용,남,64세,상해없음,화물,남,27세,경상
2022091000100096,2022년 9월 10일 10시,토요일,부산광역시 금정구 서동,경상사고,0,0,1,0,차대사람 - 횡단중,신호위반,건조,맑음,교차로 - 교차로횡단보도내,승용,남,63세,상해없음,보행자,여,72세,경상
2.02209E+15,2022년 9월 10일 11시,토요일,부산광역시 금정구 금사동,경상사고,0,0,3,0,차대차 - 측면충돌,직진우회전진행방해,건조,맑음,교차로 - 교차로안,승용,남,44세,경상,승용,남,49세,경상
2022091000100121,2022년 9월 10일 11시,토요일,부산광역시 기장군 정관읍,경상사고,0,0,3,0,차대차 - 추돌,안전거리미확보,건조,맑음,교차로 - 교차로부근,승용,남,46세,상해없음,화물,남,65세,경상
2022091000100146,2022년 9월 10일 12시,토요일,부산광역시 부산진구 당감동,경상사고,0,0,1,0,차대차 - 측면충돌,안전거리미확보,건조,맑음,단일로 - 기타,승용,남,28세,상해없음,이륜,남,45세,경상
2022091000100168,2022년 9월 10일 13시,토요일,부산광역시 중구 영주동,경상사고,0,0,2,0,차대차 - 측면충돌,안전거리미확보,건조,맑음,단일로 - 기타,승용,여,29세,기타불명,승용,남,39세,경상
2022091000100169,2022년 9월 10일 13시,토요일,부산광역시 북구 화명동,경상사고,0,0,1,0,차대차 - 기타,안전운전불이행,건조,맑음,단일로 - 기타,이륜,남,16세,상해없음,승용,여,56세,경상
2022091000100224,2022년 9월 10일 15시,토요일,부산광역시 해운대구 우동,중상사고,0,1,2,0,차대차 - 측면충돌,기타,건조,맑음,교차로 - 교차로안,승용,여,66세,상해없음,승용,여,29세,경상
2022091000100268,2022년 9월 10일 17시,토요일,부산광역시 중구 남포동5가,중상사고,0,1,0,0,차대사람 - 보도통행중,기타,건조,맑음,교차로 - 교차로부근,이륜,남,23세,상해없음,보행자,남,29세,중상
2022091000100338,2022년 9월 10일 21시,토요일,부산광역시 영도구 봉래동3가,경상사고,0,0,2,0,차대차 - 추돌,안전운전불이행,건조,맑음,기타 - 기타,승용,남,67세,상해없음,승용,남,50세,경상
2022091000100361,2022년 9월 10일 22시,토요일,부산광역시 부산진구 개금동,중상사고,0,1,0,1,차대차 - 측면충돌,안전운전불이행,건조,맑음,단일로 - 기타,이륜,남,45세,부상신고,이륜,여,41세,중상
2022091000100375,2022년 9월 10일 23시,토요일,부산광역시 해운대구 우동,사망사고,1,0,0,0,차대차 - 기타,신호위반,건조,맑음,교차로 - 교차로안,이륜,남,17세,기타불명,이륜,남,18세,사망
2022091000100376,2022년 9월 10일 23시,토요일,부산광역시 금정구 부곡동,중상사고,0,1,0,0,차대사람 - 횡단중,안전운전불이행,건조,맑음,교차로 - 교차로안,승용,남,67세,상해없음,보행자,여,50세,중상
2022091100100003,2022년 9월 11일 00시,일요일,부산광역시 북구 덕천동,경상사고,0,0,1,0,차대사람 - 기타,안전운전불이행,건조,맑음,단일로 - 기타,원동기,남,24세,상해없음,보행자,남,44세,경상
2.02209E+15,2022년 9월 11일 04시,일요일,부산광역시 남구 대연동,중상사고,0,1,1,0,차대차 - 추돌,안전운전불이행,건조,맑음,단일로 - 기타,승용,남,27세,상해없음,승용,여,57세,경상
2022091100100031,2022년 9월 11일 04시,일요일,부산광역시 금정구 구서동,경상사고,0,0,1,1,차대차 - 추돌,안전운전불이행,건조,맑음,교차로 - 교차로안,승용,남,57세,부상신고,승합,남,56세,경상
2022091100100043,2022년 9월 11일 06시,일요일,부산광역시 강서구 구랑동,경상사고,0,0,1,0,차대차 - 측면충돌,기타,건조,맑음,교차로 - 교차로부근,승용,남,51세,상해없음,승용,남,63세,경상
2022091100100073,2022년 9월 11일 10시,일요일,부산광역시 수영구 민락동,경상사고,0,0,4,0,차대차 - 정면충돌,중앙선침범,건조,맑음,단일로 - 기타,승용,남,23세,상해없음,승용,남,49세,경상
2022091100100086,2022년 9월 11일 11시,일요일,부산광역시 수영구 광안동,중상사고,0,1,0,0,차대차 - 기타,안전운전불이행,건조,맑음,단일로 - 기타,이륜,남,34세,상해없음,개인형이동수단(PM),여,29세,중상
2022091100100087,2022년 9월 11일 11시,일요일,부산광역시 해운대구 우동,중상사고,0,2,5,0,차대차 - 추돌,안전운전불이행,건조,맑음,교차로 - 교차로부근,승용,남,71세,상해없음,화물,남,62세,중상
2022091100100106,2022년 9월 11일 12시,일요일,부산광역시 북구 금곡동,경상사고,0,0,1,0,차대차 - 추돌,안전운전불이행,건조,맑음,교차로 - 교차로부근,승용,남,30세,상해없음,승합,남,56세,경상
2022091100100107,2022년 9월 11일 12시,일요일,부산광역시 사하구 당리동,경상사고,0,0,2,0,차대차 - 추돌,안전거리미확보,건조,맑음,교차로 - 교차로부근,승용,여,44세,상해없음,승용,남,25세,경상
2022091100100136,2022년 9월 11일 13시,일요일,부산광역시 해운대구 우동,중상사고,0,1,0,0,차대사람 - 보도통행중,안전운전불이행,건조,맑음,단일로 - 기타,승용,남,66세,상해없음,보행자,여,18세,중상
2022091100100166,2022년 9월 11일 14시,일요일,부산광역시 북구 구포동,중상사고,0,1,2,0,차대차 - 기타,신호위반,건조,맑음,교차로 - 교차로부근,이륜,남,37세,중상,승용,남,59세,경상
2022091100100167,2022년 9월 11일 14시,일요일,부산광역시 사하구 하단동,경상사고,0,0,1,0,차대차 - 기타,안전운전불이행,건조,맑음,단일로 - 지하차도(도로)내,승용,남,64세,상해없음,승용,남,38세,경상
2022091100100168,2022년 9월 11일 14시,일요일,부산광역시 사하구 당리동,경상사고,0,0,1,0,차대차 - 기타,안전운전불이행,건조,맑음,단일로 - 지하차도(도로)내,승용,남,67세,기타불명,이륜,남,41세,경상
2022091100100222,2022년 9월 11일 16시,일요일,부산광역시 북구 화명동,경상사고,0,0,1,0,차대사람 - 기타,기타,건조,맑음,기타 - 기타,승용,남,37세,상해없음,보행자,여,8세,경상
2022091100100223,2022년 9월 11일 16시,일요일,부산광역시 사하구 괴정동,경상사고,0,0,5,0,차대차 - 추돌,안전운전불이행,건조,맑음,단일로 - 지하차도(도로)내,화물,남,50세,상해없음,승용,남,67세,경상
2022091100100242,2022년 9월 11일 17시,일요일,부산광역시 부산진구 부전동,중상사고,0,1,0,0,차대사람 - 보도통행중,안전운전불이행,건조,맑음,교차로 - 교차로부근,승용,여,25세,상해없음,보행자,여,52세,중상
2022091100100318,2022년 9월 11일 20시,일요일,부산광역시 연제구 연산동,경상사고,0,0,1,0,차대사람 - 기타,보행자보호의무위반,건조,맑음,교차로 - 교차로안,승용,남,30세,상해없음,보행자,남,14세,경상
2022091100100356,2022년 9월 11일 22시,일요일,부산광역시 수영구 광안동,경상사고,0,0,1,0,차대차 - 기타,안전운전불이행,건조,맑음,단일로 - 기타,승용,남,62세,상해없음,이륜,남,26세,경상
2022091100100376,2022년 9월 11일 23시,일요일,부산광역시 부산진구 개금동,부상신고사고,0,0,0,1,차대차 - 기타,안전거리미확보,건조,맑음,단일로 - 기타,이륜,남,16세,부상신고,승용,남,25세,상해없음
2022091200100003,2022년 9월 12일 00시,월요일,부산광역시 금정구 부곡동,중상사고,0,1,0,0,차대사람 - 횡단중,안전운전불이행,건조,맑음,단일로 - 지하차도(도로)내,이륜,남,31세,상해없음,보행자,남,58세,중상
2022091200100043,2022년 9월 12일 03시,월요일,부산광역시 해운대구 우동,경상사고,0,0,1,0,차대차 - 기타,안전운전불이행,건조,맑음,단일로 - 기타,승용,남,27세,경상,승용,기타불명,미분류,기타불명
2022091200100109,2022년 9월 12일 11시,월요일,부산광역시 연제구 거제동,경상사고,0,0,1,0,차대차 - 측면충돌,안전운전불이행,건조,맑음,교차로 - 교차로안,승용,남,64세,상해없음,승용,여,51세,경상
2.02209E+15,2022년 9월 12일 11시,월요일,부산광역시 연제구 연산동,경상사고,0,0,1,0,차대차 - 측면충돌,교차로운행방법위반,건조,맑음,교차로 - 교차로안,승용,남,63세,상해없음,승용,남,50세,경상
2022091200100156,2022년 9월 12일 13시,월요일,부산광역시 동구 수정동,중상사고,0,1,0,0,차대차 - 측면충돌,교차로운행방법위반,건조,맑음,교차로 - 교차로안,승용,남,39세,상해없음,이륜,남,52세,중상
2022091200100157,2022년 9월 12일 13시,월요일,부산광역시 남구 용호동,경상사고,0,0,1,0,차대차 - 추돌,안전운전불이행,건조,맑음,단일로 - 기타,승용,남,60세,상해없음,이륜,남,24세,경상
2022091200100158,2022년 9월 12일 13시,월요일,부산광역시 해운대구 중동,부상신고사고,0,0,0,1,차대차 - 기타,안전운전불이행,건조,맑음,교차로 - 교차로부근,승용,여,67세,상해없음,승용,여,66세,부상신고
2022091200100184,2022년 9월 12일 14시,월요일,부산광역시 사상구 괘법동,중상사고,0,1,0,0,차대차 - 기타,안전운전불이행,건조,맑음,기타 - 기타,승용,남,32세,상해없음,이륜,남,30세,중상
2022091200100263,2022년 9월 12일 17시,월요일,부산광역시 해운대구 우동,경상사고,0,0,1,0,차대차 - 측면충돌,교차로운행방법위반,건조,맑음,교차로 - 교차로안,승용,여,36세,상해없음,승용,남,52세,경상
2022091200100312,2022년 9월 12일 19시,월요일,부산광역시 북구 덕천동,경상사고,0,0,1,0,차대차 - 기타,중앙선침범,건조,맑음,기타 - 기타,승용,남,62세,상해없음,이륜,남,34세,경상
2022091200100313,2022년 9월 12일 19시,월요일,부산광역시 해운대구 반여동,경상사고,0,0,2,0,차대차 - 기타,신호위반,건조,맑음,교차로 - 교차로부근,승용,남,67세,상해없음,승용,남,54세,경상
2022091200100314,2022년 9월 12일 19시,월요일,부산광역시 금정구 장전동,경상사고,0,0,1,0,차대차 - 측면충돌,기타,건조,맑음,교차로 - 교차로부근,승용,여,24세,상해없음,원동기,남,50세,경상
2.02209E+15,2022년 9월 12일 20시,월요일,부산광역시 동구 범일동,중상사고,0,1,0,0,차대차 - 측면충돌,신호위반,건조,맑음,교차로 - 교차로안,원동기,남,20세,상해없음,원동기,남,37세,중상
2022091200100399,2022년 9월 12일 23시,월요일,부산광역시 기장군 기장읍,중상사고,0,1,0,0,차대차 - 기타,신호위반,건조,맑음,교차로 - 교차로안,승용,남,55세,상해없음,이륜,남,27세,중상
2022091300100002,2022년 9월 13일 00시,화요일,부산광역시 서구 토성동1가,중상사고,0,1,0,0,차대사람 - 횡단중,안전운전불이행,건조,맑음,단일로 - 기타,승용,여,24세,상해없음,보행자,남,61세,중상
2022091300100031,2022년 9월 13일 06시,화요일,부산광역시 사하구 감천동,중상사고,0,1,1,0,차대사람 - 횡단중,안전운전불이행,건조,맑음,단일로 - 기타,자전거,남,28세,경상,보행자,여,68세,중상
2022091300100112,2022년 9월 13일 09시,화요일,부산광역시 수영구 수영동,경상사고,0,0,1,0,차대차 - 추돌,안전거리미확보,건조,맑음,단일로 - 기타,이륜,남,25세,상해없음,승용,여,48세,경상
2022091300100113,2022년 9월 13일 09시,화요일,부산광역시 강서구 명지동,중상사고,0,1,0,0,차대차 - 측면충돌,교차로운행방법위반,건조,맑음,교차로 - 교차로안,승용,남,69세,상해없음,승용,남,33세,중상
2022091300100136,2022년 9월 13일 10시,화요일,부산광역시 부산진구 양정동,경상사고,0,0,1,0,차대차 - 측면충돌,안전운전불이행,건조,맑음,단일로 - 기타,승용,남,66세,상해없음,승용,여,51세,경상
2022091300100137,2022년 9월 13일 10시,화요일,부산광역시 금정구 부곡동,경상사고,0,0,1,0,차대차 - 기타,안전거리미확보,건조,맑음,단일로 - 기타,승용,남,75세,상해없음,승합,남,48세,상해없음
2022091300100154,2022년 9월 13일 11시,화요일,부산광역시 남구 우암동,중상사고,0,1,1,0,차대차 - 측면충돌,신호위반,건조,맑음,교차로 - 교차로안,승용,남,74세,상해없음,승합,남,39세,중상
2022091300100155,2022년 9월 13일 11시,화요일,부산광역시 사하구 장림동,경상사고,0,0,3,0,차대차 - 측면충돌,안전운전불이행,건조,맑음,단일로 - 기타,이륜,남,64세,경상,승용,여,33세,경상
2022091300100156,2022년 9월 13일 11시,화요일,부산광역시 연제구 연산동,중상사고,0,1,0,0,차대사람 - 횡단중,보행자보호의무위반,건조,맑음,교차로 - 교차로횡단보도내,화물,남,33세,상해없음,보행자,남,70세,중상
2.02209E+15,2022년 9월 13일 12시,화요일,부산광역시 부산진구 범천동,경상사고,0,0,1,0,차대차 - 기타,안전거리미확보,건조,맑음,교차로 - 교차로부근,승용,여,39세,기타불명,승용,남,32세,경상
2022091300100191,2022년 9월 13일 12시,화요일,부산광역시 금정구 금성동,중상사고,0,1,0,0,차량단독 - 공작물충돌,안전운전불이행,건조,맑음,단일로 - 기타,화물,남,69세,중상,,,,
2022091300100192,2022년 9월 13일 12시,화요일,부산광역시 사상구 주례동,사망사고,1,2,1,0,차대사람 - 보도통행중,안전운전불이행,건조,맑음,단일로 - 지하차도(도로)내,승용,여,54세,상해없음,보행자,여,18세,경상
2022091300100218,2022년 9월 13일 13시,화요일,부산광역시 부산진구 범천동,경상사고,0,0,1,0,차대차 - 기타,안전운전불이행,건조,맑음,단일로 - 기타,승용,남,65세,상해없음,승용,남,51세,경상
2022091300100219,2022년 9월 13일 13시,화요일,부산광역시 사하구 감천동,중상사고,0,1,0,0,차대사람 - 횡단중,보행자보호의무위반,건조,맑음,기타 - 기타,화물,남,65세,상해없음,보행자,여,60세,중상
2022091300100246,2022년 9월 13일 14시,화요일,부산광역시 사상구 학장동,경상사고,0,0,1,0,차대차 - 추돌,신호위반,건조,맑음,교차로 - 교차로안,화물,남,50세,기타불명,승용,남,42세,경상
2022091300100316,2022년 9월 13일 16시,화요일,부산광역시 서구 부용동2가,경상사고,0,0,1,0,차대차 - 측면충돌,안전운전불이행,건조,맑음,단일로 - 기타,자전거,남,64세,경상,화물,남,56세,상해없음
2022091300100317,2022년 9월 13일 16시,화요일,부산광역시 부산진구 개금동,경상사고,0,0,3,0,차대차 - 측면충돌,교차로운행방법위반,건조,맑음,교차로 - 교차로안,원동기,남,43세,경상,승용,남,27세,경상
2022091300100318,2022년 9월 13일 16시,화요일,부산광역시 부산진구 연지동,경상사고,0,0,1,0,차대차 - 기타,신호위반,건조,맑음,교차로 - 교차로부근,승용,여,60세,상해없음,승용,여,40세,경상
2022091300100319,2022년 9월 13일 16시,화요일,부산광역시 강서구 명지동,경상사고,0,0,1,0,차대차 - 추돌,안전운전불이행,건조,맑음,단일로 - 기타,화물,남,49세,상해없음,화물,남,42세,경상
2022091300100347,2022년 9월 13일 17시,화요일,부산광역시 부산진구 당감동,경상사고,0,0,1,0,차대차 - 기타,신호위반,건조,맑음,교차로 - 교차로안,승합,남,39세,상해없음,이륜,남,31세,경상
2022091300100385,2022년 9월 13일 18시,화요일,부산광역시 해운대구 재송동,부상신고사고,0,0,0,1,차대차 - 기타,안전운전불이행,건조,맑음,단일로 - 기타,화물,남,39세,상해없음,승용,여,63세,부상신고
2022091300100416,2022년 9월 13일 19시,화요일,부산광역시 동래구 명륜동,중상사고,0,1,0,0,차대사람 - 횡단중,신호위반,건조,맑음,교차로 - 교차로안,승용,여,37세,상해없음,보행자,여,10세,중상
2022091300100417,2022년 9월 13일 19시,화요일,부산광역시 동래구 온천동,중상사고,0,1,0,0,차대사람 - 기타,보행자보호의무위반,건조,맑음,단일로 - 기타,승용,남,56세,상해없음,보행자,남,73세,중상
2022091300100418,2022년 9월 13일 19시,화요일,부산광역시 영도구 동삼동,중상사고,0,1,0,0,차대사람 - 기타,안전운전불이행,건조,맑음,교차로 - 교차로안,승용,남,35세,상해없음,보행자,남,61세,중상
2022091300100453,2022년 9월 13일 20시,화요일,부산광역시 기장군 기장읍,사망사고,1,0,0,0,차대사람 - 횡단중,기타,젖음/습기,비,교차로 - 교차로횡단보도내,승용,여,54세,상해없음,보행자,남,51세,사망
2022091300100496,2022년 9월 13일 22시,화요일,부산광역시 동구 범일동,중상사고,0,1,0,0,차대차 - 측면충돌,교차로운행방법위반,건조,맑음,교차로 - 교차로안,이륜,남,40세,중상,승용,남,70세,상해없음
2022091300100497,2022년 9월 13일 22시,화요일,부산광역시 기장군 정관읍,중상사고,0,1,0,0,차대차 - 추돌,안전거리미확보,건조,맑음,단일로 - 기타,이륜,남,39세,중상,승용,남,54세,상해없음
2022091400100003,2022년 9월 14일 00시,수요일,부산광역시 동래구 온천동,경상사고,0,0,2,0,차대차 - 측면충돌,안전운전불이행,건조,맑음,단일로 - 기타,승용,남,19세,상해없음,승용,남,38세,경상
2.02209E+15,2022년 9월 14일 02시,수요일,부산광역시 동구 범일동,경상사고,0,0,2,0,차대차 - 측면충돌,안전운전불이행,건조,맑음,단일로 - 기타,특수,여,25세,경상,특수,남,52세,상해없음
2022091400100011,2022년 9월 14일 02시,수요일,부산광역시 해운대구 송정동,부상신고사고,0,0,0,1,차량단독 - 공작물충돌,기타,건조,맑음,교차로 - 교차로부근,승용,남,35세,상해없음,,,,
2022091400100032,2022년 9월 14일 06시,수요일,부산광역시 강서구 명지동,경상사고,0,0,1,0,차대차 - 측면충돌,신호위반,건조,맑음,교차로 - 교차로안,승용,남,36세,상해없음,화물,남,65세,경상
2022091400100043,2022년 9월 14일 07시,수요일,부산광역시 동래구 사직동,경상사고,0,0,1,0,차대사람 - 차도통행중,안전운전불이행,건조,맑음,교차로 - 교차로부근,승용,남,28세,상해없음,보행자,여,15세,경상
2022091400100044,2022년 9월 14일 07시,수요일,부산광역시 사하구 신평동,경상사고,0,0,1,0,차대차 - 측면충돌,안전거리미확보,건조,맑음,교차로 - 교차로안,특수,남,55세,상해없음,승용,여,28세,경상
2022091400100074,2022년 9월 14일 08시,수요일,부산광역시 중구 보수동2가,경상사고,0,0,1,0,차대차 - 측면충돌,안전운전불이행,건조,맑음,교차로 - 교차로안,승용,남,72세,상해없음,자전거,남,11세,경상