사고번호,사고일시,요일,시군구,사고내용,사망자수,중상자수,경상자수,부상신고자수,사고유형,법규위반,노면상태,기상상태,도로형태,가해운전자 차종,가해운전자 성별,가해운전자 연령,가해운전자 상해정도,피해운전자 차종,피해운전자 성별,피해운전자 연령,피해운전자 상해정도
2022091400100075,2022년 9월 14일 08시,수요일,부산광역시 부산진구 범천동,경상사고,0,0,1,0,차대차 - 측면충돌,차로위반,건조,맑음,단일로 - 기타,승합,남,78세,상해없음,승용,여,43세,경상
2022091400100127,2022년 9월 14일 09시,수요일,부산광역시 사상구 감전동,경상사고,0,0,1,0,차대차 - 측면충돌,교차로운행방법위반,건조,맑음,교차로 - 교차로안,화물,남,56세,상해없음,승용,여,40세,경상
2022091400100128,2022년 9월 14일 09시,수요일,부산광역시 기장군 기장읍,부상신고사고,0,0,0,1,차대사람 - 기타,안전운전불이행,건조,맑음,단일로 - 기타,승용,여,36세,상해없음,보행자,남,48세,부상신고
2022091400100155,2022년 9월 14일 10시,수요일,부산광역시 동래구 사직동,중상사고,0,1,0,0,차대사람 - 횡단중,불법유턴,건조,맑음,교차로 - 교차로안,승용,남,36세,상해없음,보행자,여,67세,중상
2022091400100212,2022년 9월 14일 12시,수요일,부산광역시 금정구 회동동,경상사고,0,0,1,1,차대차 - 추돌,안전운전불이행,건조,맑음,기타 - 기타,승용,남,47세,상해없음,승용,남,24세,경상
2022091400100213,2022년 9월 14일 12시,수요일,부산광역시 강서구 구랑동,경상사고,0,0,1,0,차대차 - 측면충돌,안전거리미확보,건조,맑음,단일로 - 기타,화물,남,40세,상해없음,승용,여,59세,경상
2022091400100246,2022년 9월 14일 13시,수요일,부산광역시 강서구 명지동,경상사고,0,0,1,0,차대차 - 후진중충돌,안전운전불이행,건조,맑음,단일로 - 기타,화물,남,58세,기타불명,승용,여,53세,경상
2022091400100271,2022년 9월 14일 14시,수요일,부산광역시 서구 서대신동2가,경상사고,0,0,1,0,차대사람 - 횡단중,신호위반,건조,맑음,교차로 - 교차로횡단보도내,승용,남,37세,상해없음,보행자,남,62세,경상
2022091400100272,2022년 9월 14일 14시,수요일,부산광역시 동래구 온천동,경상사고,0,0,1,0,차대차 - 기타,직진우회전진행방해,건조,맑음,교차로 - 교차로안,승용,여,26세,상해없음,승용,여,34세,경상
2022091400100273,2022년 9월 14일 14시,수요일,부산광역시 영도구 대교동2가,중상사고,0,1,0,0,차대사람 - 차도통행중,안전운전불이행,건조,맑음,단일로 - 지하차도(도로)내,승용,남,41세,상해없음,보행자,여,61세,중상
2022091400100274,2022년 9월 14일 14시,수요일,부산광역시 사하구 신평동,경상사고,0,0,1,0,차대차 - 측면충돌,안전운전불이행,건조,맑음,교차로 - 교차로안,화물,남,51세,상해없음,화물,남,40세,경상
2022091400100275,2022년 9월 14일 14시,수요일,부산광역시 수영구 망미동,중상사고,0,1,0,0,차대차 - 기타,기타,건조,맑음,단일로 - 기타,특수,남,62세,상해없음,승용,여,59세,중상
2022091400100276,2022년 9월 14일 14시,수요일,부산광역시 강서구 대저1동,중상사고,0,2,0,0,차대차 - 측면충돌,안전운전불이행,건조,맑음,교차로 - 교차로부근,승용,남,57세,기타불명,승용,남,51세,중상
2022091400100299,2022년 9월 14일 15시,수요일,부산광역시 서구 암남동,중상사고,0,1,0,0,차대차 - 측면충돌,안전운전불이행,건조,맑음,교차로 - 교차로안,화물,남,61세,상해없음,승용,남,60세,중상
2022091400100327,2022년 9월 14일 16시,수요일,부산광역시 부산진구 전포동,경상사고,0,0,1,0,차대차 - 측면충돌,차로위반,건조,맑음,단일로 - 기타,승용,여,32세,상해없음,승용,남,42세,경상
2022091400100359,2022년 9월 14일 17시,수요일,부산광역시 동래구 온천동,경상사고,0,0,1,0,차대차 - 정면충돌,중앙선침범,건조,맑음,교차로 - 교차로부근,승용,남,23세,상해없음,승용,여,58세,경상
2.02209E+15,2022년 9월 14일 17시,수요일,부산광역시 강서구 구랑동,경상사고,0,0,1,0,차대차 - 측면충돌,신호위반,건조,맑음,교차로 - 교차로부근,화물,남,57세,상해없음,승용,남,35세,경상
2022091400100402,2022년 9월 14일 18시,수요일,부산광역시 북구 만덕동,경상사고,0,0,1,0,차대사람 - 기타,보행자보호의무위반,건조,맑음,교차로 - 교차로횡단보도내,승용,남,34세,상해없음,보행자,남,75세,경상
2022091400100403,2022년 9월 14일 18시,수요일,부산광역시 동래구 사직동,경상사고,0,0,1,0,차대사람 - 기타,안전운전불이행,건조,맑음,단일로 - 기타,승용,남,42세,상해없음,보행자,남,37세,경상
2022091400100404,2022년 9월 14일 18시,수요일,부산광역시 사상구 모라동,경상사고,0,0,1,0,차대차 - 추돌,안전거리미확보,건조,맑음,단일로 - 기타,승용,남,23세,상해없음,승용,여,67세,경상
2022091400100444,2022년 9월 14일 19시,수요일,부산광역시 부산진구 부전동,경상사고,0,0,1,0,차대차 - 기타,차로위반,건조,맑음,교차로 - 교차로안,이륜,남,19세,상해없음,승합,남,57세,상해없음
2022091400100445,2022년 9월 14일 19시,수요일,부산광역시 강서구 명지동,경상사고,0,0,1,0,차대차 - 측면충돌,신호위반,건조,맑음,교차로 - 교차로안,승합,남,58세,상해없음,승용,여,41세,경상
2022091400100476,2022년 9월 14일 20시,수요일,부산광역시 남구 문현동,경상사고,0,0,1,0,차대차 - 추돌,기타,건조,맑음,단일로 - 기타,이륜,남,38세,경상,승합,남,63세,기타불명
2.02209E+15,2022년 9월 14일 21시,수요일,부산광역시 금정구 장전동,경상사고,0,0,1,0,차대사람 - 보도통행중,기타,건조,맑음,교차로 - 교차로부근,개인형이동수단(PM),남,23세,상해없음,보행자,여,22세,경상
2022091400100501,2022년 9월 14일 21시,수요일,부산광역시 강서구 대저2동,경상사고,0,0,3,0,차대차 - 기타,안전운전불이행,건조,맑음,교차로 - 교차로안,승용,여,43세,경상,승용,여,60세,경상
2022091400100515,2022년 9월 14일 22시,수요일,부산광역시 수영구 남천동,경상사고,0,0,1,0,차대사람 - 횡단중,보행자보호의무위반,건조,맑음,단일로 - 기타,승용,남,58세,상해없음,보행자,남,47세,경상
2022091400100516,2022년 9월 14일 22시,수요일,부산광역시 사하구 괴정동,경상사고,0,0,3,0,차대차 - 측면충돌,신호위반,건조,맑음,단일로 - 기타,승용,남,66세,상해없음,승용,여,46세,경상
2022091500100004,2022년 9월 15일 00시,목요일,부산광역시 영도구 영선동4가,경상사고,0,0,1,0,차량단독 - 기타,안전운전불이행,건조,맑음,단일로 - 기타,승용,남,61세,기타불명,,,,
2.02209E+15,2022년 9월 15일 02시,목요일,부산광역시 동래구 온천동,경상사고,0,0,2,0,차대차 - 추돌,안전운전불이행,건조,맑음,교차로 - 교차로부근,승용,남,31세,상해없음,승용,남,64세,경상
2022091500100058,2022년 9월 15일 07시,목요일,부산광역시 서구 토성동1가,경상사고,0,0,1,0,차대차 - 측면충돌,교차로운행방법위반,건조,맑음,교차로 - 교차로안,승용,남,49세,상해없음,이륜,남,28세,경상
2022091500100074,2022년 9월 15일 08시,목요일,부산광역시 서구 서대신동2가,경상사고,0,0,3,0,차대차 - 기타,안전거리미확보,건조,맑음,단일로 - 기타,승용,남,75세,상해없음,승합,남,45세,상해없음
2022091500100075,2022년 9월 15일 08시,목요일,부산광역시 수영구 광안동,경상사고,0,0,2,0,차대차 - 측면충돌,안전운전불이행,건조,맑음,교차로 - 교차로안,이륜,남,69세,경상,승용,여,55세,상해없음
2022091500100076,2022년 9월 15일 08시,목요일,부산광역시 동래구 명장동,경상사고,0,0,1,0,차대차 - 기타,기타,건조,맑음,교차로 - 교차로안,승용,남,36세,경상,승용,남,69세,상해없음
2022091500100077,2022년 9월 15일 08시,목요일,부산광역시 동래구 안락동,중상사고,0,3,5,0,차량단독 - 기타,안전운전불이행,건조,맑음,단일로 - 기타,승합,남,54세,상해없음,,,,
2022091500100078,2022년 9월 15일 08시,목요일,부산광역시 금정구 노포동,경상사고,0,0,1,0,차대차 - 추돌,안전운전불이행,건조,맑음,단일로 - 기타,승용,남,75세,상해없음,화물,남,34세,경상
2022091500100079,2022년 9월 15일 08시,목요일,부산광역시 사하구 신평동,경상사고,0,0,1,0,차대차 - 추돌,안전운전불이행,건조,맑음,단일로 - 지하차도(도로)내,승용,남,54세,상해없음,승용,여,43세,경상
2.02209E+15,2022년 9월 15일 08시,목요일,부산광역시 사하구 괴정동,경상사고,0,0,1,0,차대차 - 측면충돌,신호위반,건조,맑음,교차로 - 교차로안,승용,남,55세,상해없음,이륜,남,58세,경상
2022091500100081,2022년 9월 15일 08시,목요일,부산광역시 연제구 거제동,중상사고,0,1,0,0,차대차 - 측면충돌,차로위반,건조,맑음,교차로 - 교차로안,이륜,남,49세,중상,승용,여,34세,상해없음
2022091500100119,2022년 9월 15일 09시,목요일,부산광역시 해운대구 반송동,중상사고,0,1,0,0,차대사람 - 기타,안전운전불이행,건조,맑음,단일로 - 기타,승용,남,74세,상해없음,보행자,여,75세,중상
2.02209E+15,2022년 9월 15일 09시,목요일,부산광역시 해운대구 중동,경상사고,0,0,1,0,차대차 - 기타,안전거리미확보,건조,맑음,단일로 - 기타,승용,여,66세,상해없음,승합,남,61세,상해없음
2022091500100121,2022년 9월 15일 09시,목요일,부산광역시 사하구 신평동,경상사고,0,0,1,0,차대차 - 측면충돌,안전운전불이행,건조,맑음,교차로 - 교차로부근,승용,남,63세,기타불명,건설기계,남,56세,경상
2022091500100173,2022년 9월 15일 11시,목요일,부산광역시 중구 중앙동4가,경상사고,0,0,2,0,차대차 - 측면충돌,교차로운행방법위반,건조,맑음,교차로 - 교차로안,화물,남,66세,상해없음,승용,여,31세,경상
2022091500100174,2022년 9월 15일 11시,목요일,부산광역시 동구 초량동,중상사고,0,2,3,0,차대차 - 기타,교차로운행방법위반,건조,맑음,교차로 - 교차로안,특수,남,39세,상해없음,승용,남,72세,경상
2022091500100175,2022년 9월 15일 11시,목요일,부산광역시 수영구 광안동,경상사고,0,0,1,0,차대차 - 측면충돌,안전거리미확보,건조,맑음,단일로 - 기타,승용,여,24세,상해없음,승용,남,64세,상해없음
2022091500100176,2022년 9월 15일 11시,목요일,부산광역시 사상구 주례동,경상사고,0,0,1,0,차대사람 - 횡단중,신호위반,건조,맑음,교차로 - 교차로부근,승용,남,40세,기타불명,보행자,여,67세,경상
2022091500100203,2022년 9월 15일 12시,목요일,부산광역시 사상구 엄궁동,경상사고,0,0,1,0,차대차 - 추돌,안전운전불이행,건조,맑음,주차장 - 주차장,승용,여,53세,기타불명,승용,남,56세,경상
2.02209E+15,2022년 9월 15일 16시,목요일,부산광역시 사하구 하단동,경상사고,0,0,1,1,차대차 - 기타,안전운전불이행,건조,맑음,단일로 - 기타,승용,남,64세,부상신고,승용,여,47세,경상
2022091500100311,2022년 9월 15일 16시,목요일,부산광역시 연제구 거제동,중상사고,0,1,7,1,차대차 - 기타,안전운전불이행,건조,맑음,기타 - 기타,승용,남,71세,부상신고,승합,남,30세,경상
2022091500100351,2022년 9월 15일 17시,목요일,부산광역시 수영구 수영동,경상사고,0,0,1,0,차대차 - 기타,안전운전불이행,건조,맑음,교차로 - 교차로안,승용,남,40세,상해없음,승용,남,58세,경상
2022091500100382,2022년 9월 15일 18시,목요일,부산광역시 강서구 명지동,경상사고,0,0,1,0,차대차 - 기타,안전운전불이행,건조,맑음,교차로 - 교차로안,승용,남,56세,상해없음,이륜,남,41세,경상
2022091500100417,2022년 9월 15일 19시,목요일,부산광역시 동래구 온천동,경상사고,0,0,1,0,차대차 - 기타,안전운전불이행,건조,맑음,단일로 - 기타,승합,남,61세,상해없음,승용,남,42세,경상
2022091500100418,2022년 9월 15일 19시,목요일,부산광역시 동래구 사직동,경상사고,0,0,1,0,차대차 - 기타,안전운전불이행,건조,맑음,단일로 - 기타,승용,남,62세,상해없음,이륜,남,44세,경상
2022091500100419,2022년 9월 15일 19시,목요일,부산광역시 연제구 연산동,경상사고,0,0,1,0,차대사람 - 기타,안전운전불이행,건조,맑음,단일로 - 기타,이륜,남,22세,상해없음,보행자,여,35세,경상
2.02209E+15,2022년 9월 15일 19시,목요일,부산광역시 강서구 신호동,경상사고,0,0,4,0,차대차 - 추돌,안전운전불이행,건조,맑음,단일로 - 기타,승용,남,45세,상해없음,승용,남,49세,경상
2022091500100462,2022년 9월 15일 20시,목요일,부산광역시 강서구 대저1동,경상사고,0,0,1,0,차대차 - 기타,안전운전불이행,건조,맑음,단일로 - 기타,승용,남,52세,상해없음,특수,남,28세,경상
2022091500100486,2022년 9월 15일 21시,목요일,부산광역시 해운대구 중동,경상사고,0,0,1,0,차대사람 - 길가장자리구역통행중,보행자보호의무위반,건조,맑음,단일로 - 기타,승용,여,51세,상해없음,보행자,남,58세,경상
2022091500100506,2022년 9월 15일 22시,목요일,부산광역시 동래구 사직동,부상신고사고,0,0,0,1,차대차 - 기타,안전운전불이행,건조,맑음,단일로 - 기타,기타불명,기타불명,미분류,기타불명,원동기,남,21세,부상신고
2022091500100522,2022년 9월 15일 23시,목요일,부산광역시 중구 남포동5가,중상사고,0,1,0,0,차대차 - 측면충돌,교차로운행방법위반,건조,맑음,교차로 - 교차로안,승용,남,44세,상해없음,승용,여,54세,중상
2022091600100016,2022년 9월 16일 01시,금요일,부산광역시 수영구 광안동,경상사고,0,0,2,0,차대차 - 후진중충돌,안전운전불이행,건조,맑음,단일로 - 기타,승용,여,32세,상해없음,승용,남,55세,경상
2022091600100017,2022년 9월 16일 01시,금요일,부산광역시 해운대구 우동,경상사고,0,0,2,0,차대차 - 추돌,안전운전불이행,건조,맑음,단일로 - 기타,이륜,남,24세,경상,승용,남,48세,경상
2022091600100023,2022년 9월 16일 02시,금요일,부산광역시 연제구 연산동,경상사고,0,0,1,0,차대사람 - 기타,안전운전불이행,건조,맑음,단일로 - 기타,이륜,남,18세,상해없음,보행자,남,30세,경상
2022091600100072,2022년 9월 16일 07시,금요일,부산광역시 동래구 온천동,경상사고,0,0,1,0,차대사람 - 기타,안전운전불이행,건조,맑음,단일로 - 기타,승용,여,57세,상해없음,보행자,여,32세,경상
2022091600100073,2022년 9월 16일 07시,금요일,부산광역시 금정구 부곡동,경상사고,0,0,1,0,차대차 - 기타,기타,건조,맑음,교차로 - 교차로안,승용,남,28세,상해없음,화물,남,47세,경상
2022091600100102,2022년 9월 16일 08시,금요일,부산광역시 해운대구 반여동,경상사고,0,0,1,0,차대사람 - 차도통행중,안전운전불이행,건조,맑음,단일로 - 기타,승용,여,34세,상해없음,보행자,남,50세,경상
2022091600100104,2022년 9월 16일 08시,금요일,부산광역시 강서구 대저2동,경상사고,0,0,1,0,차대차 - 측면충돌,안전거리미확보,건조,맑음,단일로 - 기타,승용,남,33세,기타불명,승용,남,55세,경상
2022091600100143,2022년 9월 16일 09시,금요일,부산광역시 사상구 감전동,경상사고,0,0,2,0,차대차 - 측면충돌,중앙선침범,건조,맑음,단일로 - 기타,승용,여,38세,상해없음,원동기,남,50세,경상
2022091600100144,2022년 9월 16일 09시,금요일,부산광역시 사상구 주례동,경상사고,0,0,1,0,차대차 - 추돌,안전거리미확보,건조,맑음,단일로 - 지하차도(도로)내,승용,남,69세,기타불명,승용,남,53세,경상
2.02209E+15,2022년 9월 16일 10시,금요일,부산광역시 기장군 기장읍,경상사고,0,0,2,0,차대차 - 추돌,안전운전불이행,건조,맑음,교차로 - 교차로부근,승용,남,39세,상해없음,승용,여,67세,경상
2022091600100202,2022년 9월 16일 11시,금요일,부산광역시 사상구 주례동,경상사고,0,0,2,4,차대차 - 측면충돌,안전거리미확보,건조,맑음,단일로 - 기타,원동기,남,18세,부상신고,화물,남,65세,상해없음
2022091600100232,2022년 9월 16일 12시,금요일,부산광역시 영도구 대교동1가,경상사고,0,0,1,0,차대차 - 기타,안전운전불이행,건조,맑음,교차로 - 교차로안,승용,남,69세,기타불명,승용,여,66세,경상
2022091600100233,2022년 9월 16일 12시,금요일,부산광역시 부산진구 당감동,경상사고,0,0,2,0,차대차 - 측면충돌,안전운전불이행,건조,맑음,교차로 - 교차로부근,건설기계,남,63세,상해없음,승용,남,63세,경상
2022091600100234,2022년 9월 16일 12시,금요일,부산광역시 부산진구 양정동,중상사고,0,1,0,0,차량단독 - 기타,기타,건조,맑음,단일로 - 기타,승합,남,58세,상해없음,,,,
2022091600100235,2022년 9월 16일 12시,금요일,부산광역시 사하구 하단동,중상사고,0,1,1,0,차대차 - 추돌,안전운전불이행,건조,맑음,단일로 - 기타,승용,남,72세,상해없음,승용,남,73세,중상
2022091600100261,2022년 9월 16일 13시,금요일,부산광역시 동구 초량동,부상신고사고,0,0,0,1,차대차 - 기타,신호위반,건조,맑음,단일로 - 기타,이륜,남,35세,부상신고,승합,남,44세,상해없음
2022091600100262,2022년 9월 16일 13시,금요일,부산광역시 수영구 광안동,경상사고,0,0,2,0,차대차 - 측면충돌,안전운전불이행,건조,맑음,교차로 - 교차로안,승용,남,30세,상해없음,화물,남,32세,경상
2022091600100263,2022년 9월 16일 13시,금요일,부산광역시 부산진구 연지동,부상신고사고,0,0,0,1,차대차 - 측면충돌,차로위반,건조,맑음,단일로 - 기타,이륜,여,25세,부상신고,승용,남,65세,상해없음
2022091600100264,2022년 9월 16일 13시,금요일,부산광역시 사하구 구평동,경상사고,0,0,1,0,차대차 - 기타,기타,건조,맑음,단일로 - 기타,화물,남,55세,상해없음,승용,남,48세,경상
2022091600100265,2022년 9월 16일 13시,금요일,부산광역시 기장군 기장읍,중상사고,0,1,0,0,차대사람 - 횡단중,보행자보호의무위반,건조,맑음,단일로 - 기타,승용,여,66세,상해없음,보행자,여,69세,중상
2022091600100295,2022년 9월 16일 14시,금요일,부산광역시 동래구 온천동,경상사고,0,0,3,0,차대차 - 기타,안전운전불이행,건조,흐림,교차로 - 교차로부근,승용,남,61세,기타불명,승용,여,54세,경상
2022091600100325,2022년 9월 16일 15시,금요일,부산광역시 사상구 괘법동,경상사고,0,0,1,0,차대사람 - 횡단중,보행자보호의무위반,건조,맑음,교차로 - 교차로횡단보도내,이륜,남,53세,상해없음,보행자,남,29세,경상
2022091600100367,2022년 9월 16일 16시,금요일,부산광역시 연제구 거제동,경상사고,0,0,2,0,차대차 - 기타,교차로운행방법위반,건조,맑음,교차로 - 교차로안,승용,여,64세,상해없음,승용,남,76세,상해없음
2022091600100413,2022년 9월 16일 17시,금요일,부산광역시 남구 대연동,경상사고,0,0,1,0,차대차 - 기타,안전운전불이행,건조,맑음,기타 - 기타,화물,남,51세,상해없음,승용,남,47세,경상
2022091600100414,2022년 9월 16일 17시,금요일,부산광역시 남구 문현동,경상사고,0,0,1,0,차대차 - 측면충돌,안전운전불이행,건조,맑음,교차로 - 교차로안,승용,남,72세,상해없음,승용,남,63세,경상
2022091600100415,2022년 9월 16일 17시,금요일,부산광역시 동래구 명장동,경상사고,0,0,1,0,차대사람 - 횡단중,보행자보호의무위반,건조,맑음,단일로 - 기타,승용,남,49세,상해없음,보행자,남,10세,경상
2022091600100416,2022년 9월 16일 17시,금요일,부산광역시 동래구 사직동,경상사고,0,0,2,0,차대차 - 추돌,안전운전불이행,건조,맑음,교차로 - 교차로안,승용,여,52세,상해없음,승합,남,48세,경상
2022091600100417,2022년 9월 16일 17시,금요일,부산광역시 해운대구 우동,경상사고,0,0,1,0,차대사람 - 기타,보행자보호의무위반,건조,맑음,단일로 - 기타,승용,남,30세,상해없음,보행자,남,6세,경상
2022091600100472,2022년 9월 16일 18시,금요일,부산광역시 부산진구 전포동,경상사고,0,0,1,0,차대차 - 측면충돌,기타,건조,맑음,교차로 - 교차로안,자전거,남,72세,경상,승용,남,33세,상해없음
2022091600100473,2022년 9월 16일 18시,금요일,부산광역시 강서구 명지동,경상사고,0,0,1,0,차대차 - 기타,안전거리미확보,건조,맑음,단일로 - 기타,승용,남,49세,상해없음,승합,남,53세,상해없음
2022091600100535,2022년 9월 16일 19시,금요일,부산광역시 해운대구 재송동,경상사고,0,0,1,0,차대차 - 기타,안전운전불이행,건조,맑음,단일로 - 기타,승합,남,41세,상해없음,승용,남,38세,경상
2022091600100537,2022년 9월 16일 19시,금요일,부산광역시 부산진구 개금동,경상사고,0,0,1,0,차대차 - 기타,교차로운행방법위반,건조,맑음,교차로 - 교차로안,승용,남,56세,상해없음,이륜,남,29세,경상
2022091600100538,2022년 9월 16일 19시,금요일,부산광역시 기장군 철마면,경상사고,0,0,1,0,차대차 - 추돌,안전운전불이행,건조,맑음,단일로 - 기타,승용,남,59세,상해없음,화물,남,52세,경상
2022091600100587,2022년 9월 16일 20시,금요일,부산광역시 연제구 연산동,경상사고,0,0,1,0,차대사람 - 횡단중,보행자보호의무위반,건조,맑음,교차로 - 교차로횡단보도내,승용,여,43세,상해없음,보행자,남,31세,경상
2022091600100625,2022년 9월 16일 21시,금요일,부산광역시 해운대구 재송동,부상신고사고,0,0,0,1,차대차 - 측면충돌,안전거리미확보,건조,맑음,단일로 - 기타,승용,여,46세,상해없음,승용,남,36세,부상신고
2022091700100011,2022년 9월 17일 00시,토요일,부산광역시 기장군 일광읍,경상사고,0,0,1,0,차대차 - 기타,안전운전불이행,건조,맑음,교차로 - 교차로부근,승용,남,29세,상해없음,승용,남,60세,경상
2022091700100071,2022년 9월 17일 05시,토요일,부산광역시 서구 동대신동3가,경상사고,0,0,1,0,차대차 - 기타,안전운전불이행,건조,맑음,교차로 - 교차로부근,승용,남,34세,경상,승용,여,27세,상해없음
2022091700100082,2022년 9월 17일 06시,토요일,부산광역시 북구 덕천동,경상사고,0,0,3,0,차대차 - 기타,교차로운행방법위반,건조,맑음,교차로 - 교차로안,승용,남,22세,상해없음,승용,남,41세,경상
2022091700100118,2022년 9월 17일 08시,토요일,부산광역시 강서구 대저1동,경상사고,0,0,1,0,차대차 - 추돌,안전운전불이행,건조,맑음,단일로 - 지하차도(도로)내,화물,남,67세,상해없음,승용,남,35세,경상
2022091700100135,2022년 9월 17일 09시,토요일,부산광역시 동래구 명륜동,중상사고,0,1,0,0,차대사람 - 기타,안전운전불이행,건조,맑음,단일로 - 기타,승용,남,46세,상해없음,보행자,여,80세,중상
2022091700100136,2022년 9월 17일 09시,토요일,부산광역시 부산진구 부전동,경상사고,0,0,1,0,차대사람 - 기타,안전운전불이행,건조,맑음,단일로 - 기타,자전거,남,56세,상해없음,보행자,여,83세,경상
2022091700100138,2022년 9월 17일 09시,토요일,부산광역시 금정구 서동,중상사고,0,1,0,0,차대사람 - 기타,안전운전불이행,건조,맑음,단일로 - 기타,승용,남,79세,상해없음,보행자,여,68세,중상
2022091700100139,2022년 9월 17일 09시,토요일,부산광역시 사하구 다대동,경상사고,0,0,1,0,차대차 - 추돌,안전운전불이행,건조,맑음,교차로 - 교차로안,화물,남,37세,기타불명,승용,여,32세,경상
2022091700100163,2022년 9월 17일 10시,토요일,부산광역시 기장군 철마면,경상사고,0,0,1,0,차대차 - 추돌,안전운전불이행,건조,맑음,단일로 - 기타,승용,남,26세,상해없음,승용,남,68세,경상
2022091700100193,2022년 9월 17일 11시,토요일,부산광역시 수영구 민락동,경상사고,0,0,1,0,차대차 - 기타,안전운전불이행,건조,맑음,기타 - 기타,이륜,남,67세,상해없음,자전거,남,53세,경상
2022091700100194,2022년 9월 17일 11시,토요일,부산광역시 수영구 망미동,경상사고,0,0,3,0,차대차 - 측면충돌,교차로운행방법위반,건조,맑음,교차로 - 교차로안,승용,여,43세,상해없음,승용,남,38세,경상
2022091700100234,2022년 9월 17일 12시,토요일,부산광역시 부산진구 개금동,경상사고,0,0,1,0,차대차 - 측면충돌,안전거리미확보,건조,맑음,단일로 - 기타,승용,남,59세,상해없음,승용,남,30세,경상
2022091700100235,2022년 9월 17일 12시,토요일,부산광역시 연제구 연산동,부상신고사고,0,0,0,1,차대차 - 측면충돌,교차로운행방법위반,젖음/습기,흐림,교차로 - 교차로안,이륜,남,63세,부상신고,승용,여,43세,상해없음
2022091700100273,2022년 9월 17일 13시,토요일,부산광역시 해운대구 좌동,경상사고,0,0,1,0,차대차 - 기타,교차로운행방법위반,기타,맑음,단일로 - 기타,승용,여,43세,상해없음,이륜,남,70세,경상
2022091700100345,2022년 9월 17일 15시,토요일,부산광역시 수영구 민락동,경상사고,0,0,1,0,차대사람 - 횡단중,안전운전불이행,건조,맑음,단일로 - 기타,승용,남,41세,상해없음,보행자,남,7세,경상
2022091700100346,2022년 9월 17일 15시,토요일,부산광역시 남구 용당동,경상사고,0,0,3,0,차대차 - 기타,안전운전불이행,젖음/습기,비,교차로 - 교차로부근,승용,남,55세,경상,승용,남,67세,경상
2022091700100378,2022년 9월 17일 16시,토요일,부산광역시 중구 남포동6가,경상사고,0,0,2,0,차대차 - 기타,차로위반,건조,맑음,단일로 - 기타,승용,남,75세,상해없음,승합,남,45세,상해없음
2022091700100418,2022년 9월 17일 17시,토요일,부산광역시 동래구 사직동,경상사고,0,0,3,0,차대차 - 측면충돌,안전운전불이행,건조,맑음,교차로 - 교차로안,승용,남,32세,경상,승용,여,35세,경상
2022091700100419,2022년 9월 17일 17시,토요일,부산광역시 해운대구 재송동,경상사고,0,0,1,0,차대차 - 기타,안전운전불이행,건조,맑음,단일로 - 기타,승용,남,30세,상해없음,승합,남,61세,경상
2.02209E+15,2022년 9월 17일 17시,토요일,부산광역시 부산진구 부전동,경상사고,0,0,1,0,차대차 - 기타,안전운전불이행,건조,기타,단일로 - 기타,기타불명,기타불명,미분류,기타불명,이륜,남,57세,경상
2022091700100462,2022년 9월 17일 18시,토요일,부산광역시 부산진구 부전동,중상사고,0,1,0,0,차대사람 - 기타,안전운전불이행,건조,맑음,교차로 - 교차로안,승용,남,33세,상해없음,보행자,남,62세,중상
2022091700100541,2022년 9월 17일 20시,토요일,부산광역시 연제구 거제동,중상사고,0,1,0,0,차대차 - 측면충돌,신호위반,건조,맑음,교차로 - 교차로안,승용,여,39세,상해없음,이륜,남,25세,중상
2022091700100597,2022년 9월 17일 22시,토요일,부산광역시 해운대구 우동,부상신고사고,0,0,0,6,차대차 - 추돌,안전운전불이행,건조,맑음,단일로 - 기타,승용,남,63세,상해없음,승용,남,32세,부상신고
2022091800100001,2022년 9월 18일 00시,일요일,부산광역시 북구 구포동,경상사고,0,0,1,0,차대사람 - 기타,기타,건조,맑음,기타 - 기타,승합,남,61세,상해없음,보행자,여,65세,경상
2022091800100041,2022년 9월 18일 06시,일요일,부산광역시 동구 초량동,경상사고,0,0,4,0,차대차 - 추돌,안전운전불이행,건조,맑음,단일로 - 기타,승용,남,25세,상해없음,화물,남,49세,경상
2022091800100044,2022년 9월 18일 07시,일요일,부산광역시 동래구 사직동,경상사고,0,0,2,0,차대차 - 기타,안전운전불이행,건조,맑음,단일로 - 기타,개인형이동수단(PM),남,15세,상해없음,승용,남,35세,경상
2022091800100062,2022년 9월 18일 09시,일요일,부산광역시 기장군 장안읍,중상사고,0,1,0,0,차대차 - 기타,교차로운행방법위반,건조,맑음,단일로 - 기타,승용,남,27세,상해없음,이륜,남,49세,중상
2022091800100076,2022년 9월 18일 10시,일요일,부산광역시 동래구 온천동,경상사고,0,0,1,0,차대차 - 추돌,안전운전불이행,건조,맑음,단일로 - 기타,승용,남,57세,상해없음,승용,남,31세,경상
2022091800100077,2022년 9월 18일 10시,일요일,부산광역시 금정구 장전동,부상신고사고,0,0,0,1,차대차 - 추돌,안전운전불이행,건조,맑음,교차로 - 교차로부근,승용,여,73세,상해없음,승용,남,41세,부상신고