사고번호,사고일시,요일,시군구,사고내용,사망자수,중상자수,경상자수,부상신고자수,사고유형,법규위반,노면상태,기상상태,도로형태,가해운전자 차종,가해운전자 성별,가해운전자 연령,가해운전자 상해정도,피해운전자 차종,피해운전자 성별,피해운전자 연령,피해운전자 상해정도
2022091800100099,2022년 9월 18일 11시,일요일,부산광역시 북구 만덕동,중상사고,0,1,1,0,차대차 - 기타,신호위반,건조,맑음,단일로 - 기타,승용,남,24세,상해없음,승용,여,39세,경상
2.02209E+15,2022년 9월 18일 11시,일요일,부산광역시 동래구 온천동,부상신고사고,0,0,0,1,차대차 - 측면충돌,안전운전불이행,건조,맑음,단일로 - 기타,승용,남,66세,상해없음,이륜,남,43세,부상신고
2022091800100132,2022년 9월 18일 12시,일요일,부산광역시 동래구 칠산동,경상사고,0,0,1,0,차대차 - 기타,신호위반,건조,맑음,단일로 - 기타,승용,여,36세,상해없음,승합,남,63세,상해없음
2022091800100133,2022년 9월 18일 12시,일요일,부산광역시 부산진구 전포동,경상사고,0,0,1,0,차대차 - 기타,기타,건조,기타,단일로 - 기타,승용,여,60세,상해없음,이륜,남,47세,경상
2022091800100159,2022년 9월 18일 13시,일요일,부산광역시 수영구 남천동,경상사고,0,0,1,0,차대차 - 기타,안전운전불이행,건조,맑음,기타 - 기타,승용,남,28세,상해없음,자전거,남,47세,경상
2.02209E+15,2022년 9월 18일 13시,일요일,부산광역시 부산진구 부전동,중상사고,0,1,0,0,차대사람 - 기타,기타,건조,기타,교차로 - 교차로부근,자전거,여,67세,기타불명,보행자,여,53세,중상
2022091800100193,2022년 9월 18일 14시,일요일,부산광역시 남구 문현동,중상사고,0,1,3,0,차대차 - 측면충돌,안전운전불이행,건조,맑음,단일로 - 기타,승용,남,32세,상해없음,승용,남,69세,중상
2022091800100219,2022년 9월 18일 15시,일요일,부산광역시 기장군 장안읍,경상사고,0,0,1,0,차대차 - 기타,안전운전불이행,건조,맑음,기타 - 기타,승용,남,30세,상해없음,승용,여,52세,기타불명
2022091800100235,2022년 9월 18일 16시,일요일,부산광역시 동래구 안락동,경상사고,0,0,1,0,차대차 - 측면충돌,교차로운행방법위반,건조,맑음,교차로 - 교차로안,승용,남,41세,상해없음,승용,남,69세,경상
2022091800100236,2022년 9월 18일 16시,일요일,부산광역시 해운대구 우동,경상사고,0,0,1,0,차대차 - 측면충돌,안전거리미확보,건조,맑음,교차로 - 교차로부근,승용,남,56세,상해없음,승용,여,31세,경상
2022091800100237,2022년 9월 18일 16시,일요일,부산광역시 부산진구 범천동,경상사고,0,0,1,0,차대사람 - 횡단중,보행자보호의무위반,건조,맑음,교차로 - 교차로횡단보도내,승용,남,68세,상해없음,보행자,남,78세,경상
2022091800100264,2022년 9월 18일 17시,일요일,부산광역시 남구 용호동,경상사고,0,0,3,0,차대차 - 기타,중앙선침범,건조,맑음,교차로 - 교차로부근,승용,남,22세,상해없음,승용,남,34세,경상
2022091800100303,2022년 9월 18일 18시,일요일,부산광역시 남구 문현동,경상사고,0,0,1,0,차대차 - 기타,안전운전불이행,젖음/습기,비,단일로 - 기타,승용,남,38세,상해없음,승용,남,37세,경상
2022091800100304,2022년 9월 18일 18시,일요일,부산광역시 부산진구 당감동,중상사고,0,1,0,0,차대사람 - 횡단중,신호위반,젖음/습기,비,단일로 - 기타,승용,여,57세,상해없음,보행자,여,74세,중상
2022091800100305,2022년 9월 18일 18시,일요일,부산광역시 부산진구 부전동,중상사고,0,1,0,0,차대사람 - 횡단중,보행자보호의무위반,젖음/습기,비,교차로 - 교차로횡단보도내,승용,남,58세,상해없음,보행자,여,71세,중상
2022091800100337,2022년 9월 18일 19시,일요일,부산광역시 북구 만덕동,경상사고,0,0,1,0,차대차 - 기타,안전운전불이행,젖음/습기,비,교차로 - 교차로안,승용,남,73세,상해없음,이륜,남,37세,경상
2022091800100338,2022년 9월 18일 19시,일요일,부산광역시 동래구 온천동,중상사고,0,1,0,0,차대사람 - 횡단중,신호위반,젖음/습기,비,교차로 - 교차로안,이륜,남,21세,상해없음,보행자,남,57세,중상
2022091800100339,2022년 9월 18일 19시,일요일,부산광역시 해운대구 중동,경상사고,0,0,1,0,차대차 - 기타,신호위반,젖음/습기,비,교차로 - 교차로안,승용,남,35세,상해없음,이륜,남,36세,경상
2022091800100372,2022년 9월 18일 20시,일요일,부산광역시 남구 대연동,경상사고,0,0,3,0,차대차 - 정면충돌,신호위반,젖음/습기,비,교차로 - 교차로안,승합,남,42세,상해없음,승용,남,63세,경상
2022091800100373,2022년 9월 18일 20시,일요일,부산광역시 사하구 당리동,경상사고,0,0,2,0,차대사람 - 횡단중,신호위반,젖음/습기,비,단일로 - 기타,승용,여,56세,상해없음,보행자,여,39세,경상
2022091800100374,2022년 9월 18일 20시,일요일,부산광역시 연제구 연산동,경상사고,0,0,1,0,차대차 - 기타,안전운전불이행,젖음/습기,흐림,단일로 - 기타,이륜,남,22세,경상,승용,여,51세,상해없음
2022091800100375,2022년 9월 18일 20시,일요일,부산광역시 기장군 정관읍,경상사고,0,0,1,0,차대사람 - 기타,안전운전불이행,건조,맑음,기타 - 기타,승용,남,47세,상해없음,보행자,남,72세,경상
2022091800100399,2022년 9월 18일 21시,일요일,부산광역시 북구 화명동,경상사고,0,0,1,0,차대사람 - 차도통행중,안전운전불이행,젖음/습기,비,교차로 - 교차로부근,승용,남,60세,상해없음,보행자,여,18세,경상
2022091800100418,2022년 9월 18일 22시,일요일,부산광역시 동래구 안락동,경상사고,0,0,5,0,차대차 - 측면충돌,교차로운행방법위반,젖음/습기,비,교차로 - 교차로안,승용,남,74세,상해없음,승용,남,38세,경상
2022091800100419,2022년 9월 18일 22시,일요일,부산광역시 해운대구 좌동,경상사고,0,0,1,0,차대사람 - 기타,보행자보호의무위반,기타,비,단일로 - 기타,승합,남,59세,상해없음,보행자,남,35세,경상
2022091900100009,2022년 9월 19일 01시,월요일,부산광역시 기장군 장안읍,중상사고,0,1,0,0,차대사람 - 기타,안전운전불이행,건조,맑음,기타 - 기타,승용,남,58세,기타불명,보행자,남,84세,중상
2022091900100041,2022년 9월 19일 06시,월요일,부산광역시 사하구 신평동,경상사고,0,0,1,0,차대차 - 기타,안전운전불이행,젖음/습기,비,교차로 - 교차로부근,기타불명,기타불명,미분류,기타불명,화물,남,31세,경상
2022091900100057,2022년 9월 19일 07시,월요일,부산광역시 금정구 서동,중상사고,0,1,0,0,차대사람 - 기타,안전운전불이행,건조,맑음,단일로 - 기타,화물,남,68세,상해없음,보행자,여,62세,중상
2022091900100113,2022년 9월 19일 09시,월요일,부산광역시 동구 범일동,경상사고,0,0,1,0,차대차 - 기타,안전운전불이행,건조,맑음,교차로 - 교차로부근,승용,여,33세,상해없음,승용,남,45세,경상
2022091900100141,2022년 9월 19일 10시,월요일,부산광역시 부산진구 양정동,경상사고,0,0,1,0,차대차 - 추돌,안전운전불이행,건조,맑음,단일로 - 기타,승용,남,59세,상해없음,승용,남,42세,경상
2022091900100171,2022년 9월 19일 11시,월요일,부산광역시 동구 좌천동,중상사고,0,1,0,0,차대차 - 기타,안전운전불이행,건조,맑음,단일로 - 기타,승용,여,69세,상해없음,승용,남,48세,중상
2022091900100172,2022년 9월 19일 11시,월요일,부산광역시 해운대구 좌동,중상사고,0,1,0,0,차대사람 - 기타,안전운전불이행,기타,맑음,기타 - 기타,승용,여,64세,상해없음,보행자,여,90세,중상
2022091900100218,2022년 9월 19일 13시,월요일,부산광역시 동래구 사직동,경상사고,0,0,1,1,차대차 - 기타,안전거리미확보,건조,맑음,단일로 - 기타,승용,남,50세,경상,승용,남,71세,부상신고
2022091900100254,2022년 9월 19일 14시,월요일,부산광역시 해운대구 우동,경상사고,0,0,1,0,차대차 - 측면충돌,차로위반,건조,맑음,교차로 - 교차로부근,승합,남,58세,기타불명,화물,남,64세,경상
2022091900100327,2022년 9월 19일 16시,월요일,부산광역시 동구 범일동,경상사고,0,0,1,0,차대차 - 정면충돌,신호위반,건조,맑음,교차로 - 교차로안,승용,여,53세,기타불명,승용,여,57세,경상
2022091900100328,2022년 9월 19일 16시,월요일,부산광역시 서구 서대신동3가,경상사고,0,0,1,0,차대차 - 추돌,안전거리미확보,건조,맑음,교차로 - 교차로안,승용,남,38세,상해없음,승용,남,51세,경상
2022091900100329,2022년 9월 19일 16시,월요일,부산광역시 강서구 대저1동,중상사고,0,1,0,0,차대차 - 측면충돌,안전운전불이행,건조,맑음,단일로 - 기타,자전거,여,77세,중상,승용,남,68세,상해없음
2022091900100371,2022년 9월 19일 17시,월요일,부산광역시 동래구 온천동,경상사고,0,0,2,0,차대차 - 정면충돌,중앙선침범,건조,맑음,단일로 - 기타,승용,남,42세,경상,승용,여,53세,경상
2022091900100372,2022년 9월 19일 17시,월요일,부산광역시 부산진구 가야동,사망사고,1,2,2,0,차대차 - 추돌,기타,건조,맑음,단일로 - 고가도로위,승용,남,24세,상해없음,승용,남,67세,중상
2022091900100373,2022년 9월 19일 17시,월요일,부산광역시 금정구 회동동,경상사고,0,0,1,0,차대차 - 측면충돌,안전운전불이행,건조,맑음,교차로 - 교차로부근,승용,여,58세,상해없음,승용,남,40세,경상
2022091900100414,2022년 9월 19일 18시,월요일,부산광역시 금정구 부곡동,경상사고,0,0,1,0,차대차 - 측면충돌,안전운전불이행,건조,맑음,교차로 - 교차로안,승용,남,51세,상해없음,이륜,남,33세,경상
2022091900100451,2022년 9월 19일 19시,월요일,부산광역시 강서구 지사동,경상사고,0,0,1,0,차대차 - 기타,안전운전불이행,건조,맑음,교차로 - 교차로안,자전거,남,64세,경상,이륜,남,51세,상해없음
2022091900100493,2022년 9월 19일 20시,월요일,부산광역시 동래구 사직동,경상사고,0,0,1,0,차대차 - 기타,안전운전불이행,건조,맑음,단일로 - 기타,승용,여,57세,상해없음,이륜,남,23세,경상
2022091900100494,2022년 9월 19일 20시,월요일,부산광역시 부산진구 전포동,경상사고,0,0,1,0,차량단독 - 기타,안전운전불이행,건조,맑음,교차로 - 교차로안,승합,남,37세,상해없음,,,,
2022091900100495,2022년 9월 19일 20시,월요일,부산광역시 사상구 모라동,사망사고,1,0,0,0,차대사람 - 횡단중,안전운전불이행,건조,맑음,기타 - 기타,승합,남,37세,상해없음,보행자,여,71세,사망
2022091900100496,2022년 9월 19일 20시,월요일,부산광역시 사상구 학장동,경상사고,0,0,1,0,차대사람 - 기타,기타,건조,맑음,기타 - 기타,승용,남,64세,상해없음,보행자,남,61세,경상
2022091900100519,2022년 9월 19일 21시,월요일,부산광역시 해운대구 재송동,부상신고사고,0,0,0,1,차대사람 - 기타,안전운전불이행,건조,맑음,기타 - 기타,이륜,기타불명,미분류,기타불명,보행자,여,23세,부상신고
2.02209E+15,2022년 9월 19일 21시,월요일,부산광역시 부산진구 전포동,중상사고,0,1,0,0,차대사람 - 횡단중,보행자보호의무위반,건조,맑음,교차로 - 교차로횡단보도내,승용,여,25세,상해없음,보행자,남,17세,중상
2.02209E+15,2022년 9월 19일 22시,월요일,부산광역시 연제구 연산동,중상사고,0,1,0,0,차대차 - 기타,안전운전불이행,건조,맑음,단일로 - 기타,기타불명,기타불명,미분류,기타불명,자전거,남,66세,중상
2.02209E+15,2022년 9월 19일 23시,월요일,부산광역시 수영구 광안동,중상사고,0,1,0,0,차대차 - 측면충돌,중앙선침범,건조,맑음,단일로 - 기타,이륜,남,40세,상해없음,승합,남,32세,중상
2022092000100003,2022년 9월 20일 00시,화요일,부산광역시 동래구 명륜동,경상사고,0,0,1,0,차대사람 - 길가장자리구역통행중,안전운전불이행,건조,맑음,단일로 - 지하차도(도로)내,원동기,남,23세,상해없음,보행자,남,24세,경상
2022092000100019,2022년 9월 20일 02시,화요일,부산광역시 사상구 모라동,중상사고,0,1,0,0,차대차 - 정면충돌,신호위반,건조,맑음,교차로 - 교차로안,화물,남,40세,상해없음,이륜,남,27세,중상
2022092000100034,2022년 9월 20일 05시,화요일,부산광역시 부산진구 범천동,경상사고,0,0,1,0,차대차 - 추돌,안전운전불이행,건조,맑음,단일로 - 기타,승용,남,42세,상해없음,승용,남,72세,경상
2022092000100089,2022년 9월 20일 08시,화요일,부산광역시 기장군 기장읍,경상사고,0,0,1,0,차대차 - 측면충돌,안전운전불이행,건조,맑음,교차로 - 교차로안,승용,여,59세,상해없음,이륜,남,23세,경상
2022092000100137,2022년 9월 20일 09시,화요일,부산광역시 중구 부평동4가,부상신고사고,0,0,0,1,차대사람 - 횡단중,신호위반,건조,맑음,단일로 - 기타,화물,남,43세,상해없음,보행자,남,64세,부상신고
2022092000100138,2022년 9월 20일 09시,화요일,부산광역시 부산진구 가야동,경상사고,0,0,1,0,차대차 - 측면충돌,안전운전불이행,건조,맑음,단일로 - 기타,화물,남,57세,상해없음,승용,여,49세,경상
2022092000100237,2022년 9월 20일 12시,화요일,부산광역시 부산진구 부암동,경상사고,0,0,1,0,차대차 - 측면충돌,안전운전불이행,건조,맑음,교차로 - 교차로부근,승용,남,60세,상해없음,화물,남,25세,상해없음
2022092000100238,2022년 9월 20일 12시,화요일,부산광역시 사하구 다대동,경상사고,0,0,1,0,차대차 - 추돌,안전거리미확보,건조,맑음,교차로 - 교차로부근,이륜,남,68세,상해없음,승용,남,65세,경상
2022092000100261,2022년 9월 20일 13시,화요일,부산광역시 강서구 봉림동,중상사고,0,1,0,0,차대차 - 기타,안전운전불이행,건조,맑음,단일로 - 기타,화물,남,26세,상해없음,이륜,남,48세,중상
2022092000100302,2022년 9월 20일 14시,화요일,부산광역시 동래구 수안동,중상사고,0,1,0,0,차대사람 - 횡단중,보행자보호의무위반,건조,맑음,단일로 - 기타,승용,남,41세,상해없음,보행자,여,71세,중상
2022092000100303,2022년 9월 20일 14시,화요일,부산광역시 부산진구 부전동,경상사고,0,0,1,0,차대차 - 기타,안전거리미확보,건조,맑음,교차로 - 교차로안,승용,여,76세,상해없음,화물,남,30세,경상
2022092000100304,2022년 9월 20일 14시,화요일,부산광역시 금정구 부곡동,경상사고,0,0,1,0,차대사람 - 보도통행중,기타,건조,맑음,기타 - 기타,원동기,여,53세,상해없음,보행자,여,44세,경상
2022092000100305,2022년 9월 20일 14시,화요일,부산광역시 연제구 거제동,경상사고,0,0,3,0,차대차 - 측면충돌,직진우회전진행방해,건조,맑음,교차로 - 교차로안,승용,남,74세,상해없음,승용,남,42세,경상
2022092000100306,2022년 9월 20일 14시,화요일,부산광역시 강서구 대저2동,경상사고,0,0,1,0,차대차 - 측면충돌,안전운전불이행,건조,맑음,단일로 - 기타,승용,남,41세,상해없음,승용,여,32세,경상
2022092000100338,2022년 9월 20일 15시,화요일,부산광역시 수영구 광안동,부상신고사고,0,0,0,1,차대차 - 측면충돌,안전운전불이행,건조,맑음,교차로 - 교차로안,승용,남,75세,상해없음,자전거,남,80세,부상신고
2022092000100339,2022년 9월 20일 15시,화요일,부산광역시 남구 대연동,경상사고,0,0,1,0,차대사람 - 기타,기타,건조,맑음,기타 - 기타,승합,남,58세,상해없음,보행자,여,43세,경상
2022092000100382,2022년 9월 20일 16시,화요일,부산광역시 금정구 부곡동,경상사고,0,0,1,0,차대사람 - 횡단중,보행자보호의무위반,건조,맑음,교차로 - 교차로부근,승용,남,44세,상해없음,보행자,남,10세,경상
2022092000100383,2022년 9월 20일 16시,화요일,부산광역시 기장군 기장읍,경상사고,0,0,1,0,차대사람 - 차도통행중,안전운전불이행,건조,맑음,단일로 - 기타,승용,남,61세,상해없음,보행자,여,65세,경상
2022092000100422,2022년 9월 20일 17시,화요일,부산광역시 사하구 괴정동,경상사고,0,0,1,0,차대차 - 측면충돌,직진우회전진행방해,건조,맑음,교차로 - 교차로안,승용,남,65세,기타불명,승용,여,43세,경상
2022092000100423,2022년 9월 20일 17시,화요일,부산광역시 기장군 철마면,경상사고,0,0,1,0,차대차 - 추돌,안전운전불이행,건조,맑음,단일로 - 기타,승용,남,34세,상해없음,승용,남,32세,경상
2.02209E+15,2022년 9월 20일 18시,화요일,부산광역시 강서구 성북동,경상사고,0,0,1,0,차대차 - 기타,안전운전불이행,건조,맑음,단일로 - 기타,특수,남,67세,상해없음,승용,남,38세,경상
2022092000100518,2022년 9월 20일 19시,화요일,부산광역시 강서구 신호동,경상사고,0,0,1,0,차대사람 - 길가장자리구역통행중,안전운전불이행,건조,맑음,단일로 - 기타,화물,남,46세,상해없음,보행자,남,77세,경상
2022092000100553,2022년 9월 20일 20시,화요일,부산광역시 해운대구 우동,경상사고,0,0,1,0,차대차 - 측면충돌,안전운전불이행,건조,맑음,단일로 - 기타,승용,여,60세,상해없음,이륜,남,27세,경상
2022092000100554,2022년 9월 20일 20시,화요일,부산광역시 부산진구 양정동,중상사고,0,1,1,0,차대차 - 정면충돌,신호위반,건조,맑음,교차로 - 교차로안,이륜,남,49세,경상,이륜,남,49세,중상
2022092000100585,2022년 9월 20일 21시,화요일,부산광역시 동래구 온천동,경상사고,0,0,1,0,차대차 - 측면충돌,안전운전불이행,건조,맑음,교차로 - 교차로부근,승용,남,47세,상해없음,승용,남,70세,경상
2022092000100586,2022년 9월 20일 21시,화요일,부산광역시 부산진구 전포동,부상신고사고,0,0,0,1,차대차 - 측면충돌,안전거리미확보,건조,맑음,교차로 - 교차로안,승용,남,32세,상해없음,이륜,남,25세,부상신고
2022092000100587,2022년 9월 20일 21시,화요일,부산광역시 사하구 감천동,중상사고,0,1,0,0,차대차 - 기타,안전운전불이행,건조,맑음,단일로 - 기타,승용,남,37세,상해없음,이륜,남,36세,중상
2022092000100615,2022년 9월 20일 22시,화요일,부산광역시 동래구 명륜동,경상사고,0,0,1,0,차대사람 - 횡단중,안전운전불이행,건조,맑음,단일로 - 기타,승용,남,35세,상해없음,보행자,남,62세,경상
2022092000100616,2022년 9월 20일 22시,화요일,부산광역시 금정구 부곡동,경상사고,0,0,1,0,차대차 - 추돌,안전거리미확보,건조,맑음,단일로 - 기타,승용,남,32세,상해없음,이륜,남,33세,경상
2022092000100617,2022년 9월 20일 22시,화요일,부산광역시 연제구 거제동,경상사고,0,0,2,0,차대차 - 측면충돌,안전거리미확보,건조,맑음,단일로 - 기타,승합,남,70세,상해없음,승용,남,30세,경상
2022092000100637,2022년 9월 20일 23시,화요일,부산광역시 해운대구 반송동,중상사고,0,1,0,0,차대차 - 기타,신호위반,건조,맑음,교차로 - 교차로안,승용,여,26세,상해없음,승용,여,60세,중상
2022092100100036,2022년 9월 21일 06시,수요일,부산광역시 부산진구 연지동,중상사고,0,1,0,0,차대차 - 측면충돌,안전운전불이행,건조,맑음,단일로 - 기타,승용,남,32세,상해없음,자전거,여,64세,중상
2022092100100049,2022년 9월 21일 07시,수요일,부산광역시 강서구 명지동,경상사고,0,0,1,0,차대차 - 추돌,안전운전불이행,건조,맑음,단일로 - 기타,승합,남,63세,상해없음,특수,남,50세,경상
2.02209E+15,2022년 9월 21일 08시,수요일,부산광역시 동구 범일동,중상사고,0,1,0,0,차대차 - 측면충돌,신호위반,건조,맑음,교차로 - 교차로안,이륜,남,53세,중상,승용,남,26세,상해없음
2022092100100081,2022년 9월 21일 08시,수요일,부산광역시 북구 구포동,중상사고,0,1,0,0,차대차 - 정면충돌,신호위반,건조,맑음,교차로 - 교차로안,승용,남,25세,상해없음,이륜,남,55세,중상
2022092100100082,2022년 9월 21일 08시,수요일,부산광역시 동래구 수안동,중상사고,0,1,0,0,차대차 - 기타,안전운전불이행,건조,맑음,단일로 - 기타,승용,남,55세,상해없음,개인형이동수단(PM),여,33세,중상
2022092100100083,2022년 9월 21일 08시,수요일,부산광역시 동래구 명륜동,중상사고,0,1,1,0,차대차 - 측면충돌,교차로운행방법위반,건조,맑음,교차로 - 교차로안,승용,남,75세,경상,승용,여,43세,중상
2022092100100084,2022년 9월 21일 08시,수요일,부산광역시 해운대구 우동,경상사고,0,0,1,0,차대사람 - 기타,안전운전불이행,건조,맑음,단일로 - 기타,이륜,여,59세,상해없음,보행자,여,60세,경상
2022092100100123,2022년 9월 21일 09시,수요일,부산광역시 영도구 청학동,중상사고,0,1,0,0,차대사람 - 기타,안전운전불이행,건조,맑음,교차로 - 교차로안,승용,여,40세,상해없음,보행자,여,87세,중상
2022092100100124,2022년 9월 21일 09시,수요일,부산광역시 해운대구 석대동,사망사고,1,0,0,0,차대차 - 기타,안전운전불이행,건조,맑음,단일로 - 기타,승용,남,23세,상해없음,자전거,남,65세,사망
2022092100100125,2022년 9월 21일 09시,수요일,부산광역시 금정구 노포동,경상사고,0,0,1,0,차대차 - 측면충돌,안전거리미확보,건조,맑음,단일로 - 기타,승용,남,68세,기타불명,승용,남,43세,경상
2022092100100126,2022년 9월 21일 09시,수요일,부산광역시 연제구 연산동,경상사고,0,0,1,0,차대사람 - 횡단중,보행자보호의무위반,건조,맑음,교차로 - 교차로안,승용,남,38세,상해없음,보행자,여,57세,경상
2022092100100169,2022년 9월 21일 10시,수요일,부산광역시 부산진구 개금동,경상사고,0,0,1,0,차대차 - 측면충돌,직진우회전진행방해,건조,맑음,교차로 - 교차로안,승용,남,52세,상해없음,이륜,남,77세,경상
2.02209E+15,2022년 9월 21일 10시,수요일,부산광역시 부산진구 가야동,경상사고,0,0,1,0,차대차 - 측면충돌,안전운전불이행,건조,맑음,기타 - 기타,승용,남,46세,상해없음,승용,여,36세,경상
2022092100100245,2022년 9월 21일 12시,수요일,부산광역시 수영구 망미동,경상사고,0,0,1,1,차대차 - 추돌,안전거리미확보,건조,맑음,교차로 - 교차로안,승용,여,41세,상해없음,승용,여,76세,부상신고
2022092100100246,2022년 9월 21일 12시,수요일,부산광역시 기장군 정관읍,중상사고,0,1,0,0,차대사람 - 기타,안전운전불이행,건조,맑음,단일로 - 기타,승합,남,64세,상해없음,보행자,여,75세,중상
2022092100100283,2022년 9월 21일 13시,수요일,부산광역시 해운대구 좌동,중상사고,0,1,0,0,차대사람 - 횡단중,보행자보호의무위반,기타,맑음,단일로 - 기타,승합,남,42세,상해없음,보행자,남,78세,중상
2022092100100284,2022년 9월 21일 13시,수요일,부산광역시 금정구 부곡동,경상사고,0,0,1,0,차대차 - 기타,안전운전불이행,건조,맑음,단일로 - 기타,승용,여,59세,상해없음,승용,여,45세,경상
2022092100100313,2022년 9월 21일 14시,수요일,부산광역시 동구 범일동,경상사고,0,0,1,0,차대차 - 측면충돌,안전거리미확보,건조,맑음,단일로 - 기타,원동기,남,59세,경상,승합,남,41세,상해없음
2022092100100314,2022년 9월 21일 14시,수요일,부산광역시 동구 범일동,경상사고,0,0,1,0,차대차 - 측면충돌,안전거리미확보,건조,맑음,단일로 - 기타,특수,남,68세,상해없음,승용,남,45세,경상
2022092100100315,2022년 9월 21일 14시,수요일,부산광역시 해운대구 재송동,중상사고,0,1,1,0,차대차 - 추돌,안전거리미확보,건조,맑음,단일로 - 기타,승용,여,52세,상해없음,승용,여,24세,경상
2022092100100316,2022년 9월 21일 14시,수요일,부산광역시 해운대구 석대동,중상사고,0,1,1,0,차대차 - 추돌,안전운전불이행,기타,맑음,단일로 - 기타,화물,남,47세,상해없음,승용,여,37세,경상
2022092100100317,2022년 9월 21일 14시,수요일,부산광역시 해운대구 중동,경상사고,0,0,1,0,차대차 - 정면충돌,안전운전불이행,건조,맑음,교차로 - 교차로안,승용,남,68세,상해없음,승용,남,73세,경상
2022092100100318,2022년 9월 21일 14시,수요일,부산광역시 부산진구 양정동,경상사고,0,0,1,0,차대차 - 추돌,안전운전불이행,건조,맑음,단일로 - 기타,이륜,남,67세,상해없음,승용,남,49세,경상
2022092100100319,2022년 9월 21일 14시,수요일,부산광역시 부산진구 부전동,경상사고,0,0,1,0,차대사람 - 기타,안전운전불이행,건조,맑음,기타 - 기타,승용,여,55세,기타불명,보행자,여,18세,경상
2.02209E+15,2022년 9월 21일 14시,수요일,부산광역시 금정구 구서동,경상사고,0,0,2,0,차대차 - 기타,교차로운행방법위반,건조,맑음,교차로 - 교차로안,승용,남,65세,상해없음,화물,남,50세,경상
2.02209E+15,2022년 9월 21일 16시,수요일,부산광역시 수영구 남천동,경상사고,0,0,1,0,차대사람 - 횡단중,안전운전불이행,건조,맑음,교차로 - 교차로안,승용,남,77세,상해없음,보행자,남,44세,경상
2022092100100391,2022년 9월 21일 16시,수요일,부산광역시 강서구 신호동,중상사고,0,1,0,0,차대차 - 기타,안전거리미확보,건조,맑음,단일로 - 기타,승용,남,76세,상해없음,승용,남,49세,중상
2.02209E+15,2022년 9월 21일 17시,수요일,부산광역시 동구 초량동,경상사고,0,0,2,0,차대차 - 측면충돌,교차로운행방법위반,건조,맑음,교차로 - 교차로안,승용,여,43세,경상,승용,남,71세,경상
2022092100100451,2022년 9월 21일 17시,수요일,부산광역시 수영구 민락동,부상신고사고,0,0,0,1,차대사람 - 기타,안전운전불이행,건조,맑음,단일로 - 기타,승합,남,54세,상해없음,보행자,여,70세,부상신고
2022092100100452,2022년 9월 21일 17시,수요일,부산광역시 동래구 온천동,중상사고,0,1,0,0,차대차 - 측면충돌,중앙선침범,건조,맑음,단일로 - 기타,승용,남,33세,상해없음,원동기,남,49세,중상
2022092100100548,2022년 9월 21일 19시,수요일,부산광역시 해운대구 좌동,경상사고,0,0,1,0,차대사람 - 보도통행중,신호위반,건조,맑음,단일로 - 기타,이륜,남,33세,상해없음,보행자,여,12세,경상
2.02209E+15,2022년 9월 21일 20시,수요일,부산광역시 동래구 온천동,중상사고,0,1,0,0,차대차 - 측면충돌,신호위반,건조,맑음,교차로 - 교차로안,이륜,남,42세,중상,승용,남,23세,상해없음
2022092100100591,2022년 9월 21일 20시,수요일,부산광역시 연제구 연산동,경상사고,0,0,2,0,차대사람 - 기타,안전운전불이행,건조,맑음,단일로 - 기타,승용,여,29세,상해없음,보행자,남,67세,경상
2022092100100592,2022년 9월 21일 20시,수요일,부산광역시 수영구 망미동,경상사고,0,0,1,0,차대차 - 측면충돌,안전거리미확보,건조,맑음,교차로 - 교차로안,승용,남,56세,상해없음,승용,남,29세,경상
2022092100100647,2022년 9월 21일 22시,수요일,부산광역시 해운대구 우동,경상사고,0,0,2,0,차대차 - 추돌,안전운전불이행,건조,맑음,교차로 - 교차로부근,승용,남,57세,기타불명,화물,여,48세,경상
2022092100100648,2022년 9월 21일 22시,수요일,부산광역시 부산진구 전포동,경상사고,0,0,2,0,차대차 - 측면충돌,안전운전불이행,건조,맑음,교차로 - 교차로부근,승용,여,38세,상해없음,승용,남,39세,경상
2022092200100002,2022년 9월 22일 00시,목요일,부산광역시 동래구 낙민동,사망사고,1,0,0,0,차대사람 - 차도통행중,안전운전불이행,건조,맑음,단일로 - 기타,승용,남,73세,상해없음,보행자,여,77세,사망
2022092200100019,2022년 9월 22일 02시,목요일,부산광역시 부산진구 양정동,경상사고,0,0,2,0,차대차 - 기타,안전거리미확보,건조,맑음,단일로 - 기타,승용,남,34세,상해없음,승용,남,70세,경상
2022092200100038,2022년 9월 22일 05시,목요일,부산광역시 부산진구 당감동,경상사고,0,0,1,0,차대차 - 기타,안전거리미확보,건조,맑음,교차로 - 교차로안,승용,여,75세,상해없음,승용,남,57세,경상
2022092200100039,2022년 9월 22일 05시,목요일,부산광역시 금정구 회동동,경상사고,0,0,1,0,차대차 - 기타,안전운전불이행,건조,맑음,단일로 - 기타,화물,남,70세,상해없음,승용,여,53세,경상
2022092200100048,2022년 9월 22일 06시,목요일,부산광역시 사하구 신평동,경상사고,0,0,3,0,차대차 - 측면충돌,신호위반,건조,맑음,교차로 - 교차로안,승용,남,65세,기타불명,승용,남,62세,경상