사고번호,사고일시,요일,시군구,사고내용,사망자수,중상자수,경상자수,부상신고자수,사고유형,법규위반,노면상태,기상상태,도로형태,가해운전자 차종,가해운전자 성별,가해운전자 연령,가해운전자 상해정도,피해운전자 차종,피해운전자 성별,피해운전자 연령,피해운전자 상해정도
2022092200100067,2022년 9월 22일 07시,목요일,부산광역시 영도구 동삼동,경상사고,0,0,1,0,차대차 - 측면충돌,안전운전불이행,건조,맑음,주차장 - 주차장,승용,여,62세,기타불명,승용,남,59세,경상
2022092200100068,2022년 9월 22일 07시,목요일,부산광역시 해운대구 우동,경상사고,0,0,1,0,차대차 - 측면충돌,안전거리미확보,건조,맑음,단일로 - 교량,건설기계,남,66세,상해없음,승용,여,43세,경상
2022092200100069,2022년 9월 22일 07시,목요일,부산광역시 사하구 신평동,경상사고,0,0,1,0,차대차 - 측면충돌,안전거리미확보,건조,맑음,단일로 - 기타,건설기계,남,64세,상해없음,승용,남,35세,경상
2022092200100098,2022년 9월 22일 08시,목요일,부산광역시 동래구 온천동,경상사고,0,0,1,0,차대차 - 측면충돌,안전거리미확보,건조,맑음,단일로 - 기타,승용,여,56세,상해없음,승용,여,35세,경상
2022092200100099,2022년 9월 22일 08시,목요일,부산광역시 부산진구 연지동,중상사고,0,1,0,0,차대사람 - 기타,기타,건조,맑음,기타 - 기타,승용,남,41세,상해없음,보행자,여,62세,중상
2.02209E+15,2022년 9월 22일 08시,목요일,부산광역시 부산진구 가야동,경상사고,0,0,1,0,차대차 - 기타,안전운전불이행,건조,맑음,교차로 - 교차로안,승합,남,74세,상해없음,승용,남,34세,경상
2022092200100101,2022년 9월 22일 08시,목요일,부산광역시 금정구 부곡동,중상사고,0,1,0,0,차대사람 - 기타,보행자보호의무위반,건조,맑음,단일로 - 기타,승용,남,69세,상해없음,보행자,남,62세,중상
2022092200100102,2022년 9월 22일 08시,목요일,부산광역시 사하구 장림동,경상사고,0,0,1,0,차대차 - 추돌,안전운전불이행,건조,흐림,교차로 - 교차로부근,건설기계,남,63세,상해없음,승용,여,38세,경상
2022092200100152,2022년 9월 22일 09시,목요일,부산광역시 중구 중앙동5가,경상사고,0,0,1,0,차대차 - 추돌,안전운전불이행,건조,맑음,단일로 - 기타,승용,남,63세,상해없음,승용,남,30세,경상
2022092200100153,2022년 9월 22일 09시,목요일,부산광역시 북구 화명동,경상사고,0,0,1,0,차대차 - 기타,직진우회전진행방해,건조,맑음,교차로 - 교차로안,승용,여,52세,상해없음,승용,여,52세,경상
2022092200100154,2022년 9월 22일 09시,목요일,부산광역시 연제구 거제동,경상사고,0,0,1,0,차대차 - 기타,차로위반,건조,맑음,단일로 - 기타,화물,남,77세,상해없음,승용,남,68세,상해없음
2022092200100189,2022년 9월 22일 10시,목요일,부산광역시 동래구 사직동,중상사고,0,1,0,0,차대사람 - 횡단중,보행자보호의무위반,건조,맑음,단일로 - 지하차도(도로)내,승용,남,80세,상해없음,보행자,여,75세,중상
2.02209E+15,2022년 9월 22일 10시,목요일,부산광역시 부산진구 부암동,중상사고,0,1,0,0,차대차 - 기타,안전운전불이행,건조,맑음,단일로 - 기타,승용,남,46세,상해없음,승용,여,63세,중상
2022092200100191,2022년 9월 22일 10시,목요일,부산광역시 부산진구 전포동,경상사고,0,0,1,0,차대차 - 후진중충돌,불법유턴,건조,맑음,교차로 - 교차로부근,승용,여,65세,상해없음,이륜,남,45세,경상
2022092200100192,2022년 9월 22일 10시,목요일,부산광역시 사하구 하단동,경상사고,0,0,2,0,차대차 - 측면충돌,안전운전불이행,건조,맑음,단일로 - 기타,승용,여,56세,경상,건설기계,남,63세,상해없음
2022092200100222,2022년 9월 22일 11시,목요일,부산광역시 중구 중앙동6가,경상사고,0,0,1,0,차대사람 - 횡단중,신호위반,건조,맑음,단일로 - 기타,승합,남,42세,상해없음,보행자,여,64세,경상
2022092200100223,2022년 9월 22일 11시,목요일,부산광역시 영도구 영선동1가,경상사고,0,0,4,0,차대차 - 후진중충돌,불법유턴,건조,맑음,단일로 - 기타,특수,남,56세,기타불명,승용,남,53세,경상
2022092200100224,2022년 9월 22일 11시,목요일,부산광역시 강서구 대저2동,경상사고,0,0,1,0,차량단독 - 공작물충돌,안전운전불이행,건조,맑음,교차로 - 교차로부근,승용,남,60세,경상,,,,
2.02209E+15,2022년 9월 22일 12시,목요일,부산광역시 동구 초량동,경상사고,0,0,1,0,차대차 - 측면충돌,안전거리미확보,건조,맑음,단일로 - 기타,승용,여,40세,상해없음,원동기,남,32세,경상
2022092200100251,2022년 9월 22일 12시,목요일,부산광역시 강서구 명지동,경상사고,0,0,1,0,차대차 - 측면충돌,안전거리미확보,건조,맑음,단일로 - 기타,건설기계,남,60세,상해없음,승용,여,40세,경상
2022092200100285,2022년 9월 22일 13시,목요일,부산광역시 부산진구 부전동,경상사고,0,0,1,0,차대사람 - 기타,안전운전불이행,건조,맑음,교차로 - 교차로안,승용,남,54세,상해없음,보행자,남,54세,경상
2022092200100318,2022년 9월 22일 14시,목요일,부산광역시 동래구 낙민동,중상사고,0,1,0,0,차대차 - 측면충돌,안전운전불이행,건조,맑음,교차로 - 교차로안,승용,남,56세,상해없음,이륜,남,72세,중상
2022092200100319,2022년 9월 22일 14시,목요일,부산광역시 동래구 안락동,경상사고,0,0,1,0,차대차 - 측면충돌,안전운전불이행,건조,맑음,단일로 - 기타,화물,남,73세,상해없음,화물,남,61세,상해없음
2022092200100343,2022년 9월 22일 15시,목요일,부산광역시 영도구 동삼동,경상사고,0,0,1,0,차대사람 - 차도통행중,안전운전불이행,건조,맑음,단일로 - 기타,화물,남,55세,상해없음,보행자,남,10세,경상
2022092200100385,2022년 9월 22일 16시,목요일,부산광역시 동래구 명륜동,경상사고,0,0,1,0,차대차 - 측면충돌,안전운전불이행,건조,맑음,교차로 - 교차로안,승용,남,50세,기타불명,화물,남,44세,경상
2022092200100386,2022년 9월 22일 16시,목요일,부산광역시 부산진구 전포동,중상사고,0,1,0,0,차대사람 - 횡단중,신호위반,건조,맑음,교차로 - 교차로부근,승용,남,61세,상해없음,보행자,여,23세,중상
2022092200100423,2022년 9월 22일 17시,목요일,부산광역시 수영구 민락동,중상사고,0,1,0,0,차대차 - 추돌,안전운전불이행,건조,맑음,단일로 - 기타,승용,여,38세,상해없음,승용,남,67세,중상
2022092200100424,2022년 9월 22일 17시,목요일,부산광역시 영도구 영선동3가,경상사고,0,0,1,0,차대차 - 측면충돌,안전운전불이행,건조,맑음,교차로 - 교차로안,승용,남,71세,상해없음,승용,남,64세,경상
2022092200100425,2022년 9월 22일 17시,목요일,부산광역시 부산진구 양정동,경상사고,0,0,1,0,차대차 - 측면충돌,신호위반,건조,맑음,교차로 - 교차로부근,승용,남,73세,상해없음,승용,여,32세,경상
2022092200100426,2022년 9월 22일 17시,목요일,부산광역시 금정구 남산동,경상사고,0,0,1,0,차대차 - 기타,신호위반,건조,맑음,교차로 - 교차로부근,승용,남,73세,상해없음,승용,남,28세,경상
2022092200100467,2022년 9월 22일 18시,목요일,부산광역시 북구 만덕동,경상사고,0,0,1,0,차대차 - 기타,중앙선침범,건조,맑음,단일로 - 기타,승용,남,25세,상해없음,자전거,남,55세,경상
2022092200100468,2022년 9월 22일 18시,목요일,부산광역시 동래구 안락동,경상사고,0,0,1,0,차대차 - 기타,안전운전불이행,건조,맑음,단일로 - 기타,승용,남,73세,상해없음,원동기,남,20세,경상
2022092200100469,2022년 9월 22일 18시,목요일,부산광역시 사하구 장림동,중상사고,0,1,0,0,차대차 - 추돌,안전운전불이행,건조,맑음,단일로 - 기타,승용,남,30세,상해없음,승용,남,37세,중상
2.02209E+15,2022년 9월 22일 18시,목요일,부산광역시 강서구 강동동,경상사고,0,0,1,0,차대차 - 추돌,안전거리미확보,건조,맑음,교차로 - 교차로부근,이륜,남,59세,기타불명,승용,남,39세,경상
2022092200100471,2022년 9월 22일 18시,목요일,부산광역시 강서구 대저1동,경상사고,0,0,2,0,차대차 - 측면충돌,차로위반,건조,맑음,단일로 - 기타,승용,남,66세,상해없음,화물,남,37세,경상
2022092200100515,2022년 9월 22일 19시,목요일,부산광역시 부산진구 부전동,경상사고,0,0,1,0,차대차 - 추돌,안전거리미확보,건조,맑음,교차로 - 교차로안,이륜,남,25세,경상,승용,남,53세,상해없음
2022092200100516,2022년 9월 22일 19시,목요일,부산광역시 부산진구 양정동,경상사고,0,0,2,0,차대차 - 측면충돌,안전운전불이행,건조,맑음,단일로 - 기타,승용,여,60세,상해없음,이륜,남,19세,경상
2022092200100517,2022년 9월 22일 19시,목요일,부산광역시 부산진구 범천동,경상사고,0,0,1,0,차대차 - 추돌,안전운전불이행,건조,맑음,단일로 - 기타,승용,여,33세,상해없음,승용,여,52세,경상
2022092200100518,2022년 9월 22일 19시,목요일,부산광역시 사하구 하단동,경상사고,0,0,1,0,차대사람 - 보도통행중,기타,건조,맑음,기타 - 기타,개인형이동수단(PM),남,16세,상해없음,보행자,남,16세,경상
2022092200100519,2022년 9월 22일 19시,목요일,부산광역시 연제구 연산동,경상사고,0,0,1,0,차대차 - 측면충돌,직진우회전진행방해,건조,맑음,교차로 - 교차로안,자전거,남,33세,경상,승용,남,68세,상해없음
2.02209E+15,2022년 9월 22일 19시,목요일,부산광역시 사상구 감전동,중상사고,0,1,1,0,차대차 - 추돌,안전운전불이행,건조,맑음,단일로 - 지하차도(도로)내,승용,여,41세,기타불명,승용,여,34세,중상
2022092200100521,2022년 9월 22일 19시,목요일,부산광역시 기장군 정관읍,중상사고,0,1,0,0,차대차 - 측면충돌,신호위반,건조,맑음,교차로 - 교차로안,승용,남,31세,상해없음,이륜,남,47세,중상
2022092200100584,2022년 9월 22일 21시,목요일,부산광역시 연제구 연산동,경상사고,0,0,1,0,차대차 - 기타,안전운전불이행,건조,맑음,단일로 - 기타,승용,남,59세,상해없음,원동기,남,39세,경상
2022092200100633,2022년 9월 22일 23시,목요일,부산광역시 사하구 하단동,경상사고,0,0,1,0,차대사람 - 차도통행중,안전운전불이행,건조,맑음,단일로 - 지하차도(도로)내,승용,남,20세,상해없음,보행자,남,22세,경상
2022092300100003,2022년 9월 23일 00시,금요일,부산광역시 강서구 구랑동,중상사고,0,1,2,0,차대차 - 추돌,안전운전불이행,건조,맑음,교차로 - 교차로부근,승용,남,42세,상해없음,승용,여,60세,경상
2022092300100013,2022년 9월 23일 01시,금요일,부산광역시 동구 초량동,경상사고,0,0,2,0,차대차 - 측면충돌,신호위반,건조,맑음,교차로 - 교차로안,승용,남,69세,상해없음,승용,남,38세,경상
2022092300100056,2022년 9월 23일 07시,금요일,부산광역시 사상구 주례동,중상사고,0,1,0,0,차대차 - 측면충돌,안전운전불이행,건조,맑음,교차로 - 교차로부근,승용,남,56세,상해없음,승용,여,38세,중상
2022092300100081,2022년 9월 23일 08시,금요일,부산광역시 부산진구 전포동,경상사고,0,0,1,0,차대차 - 기타,안전거리미확보,건조,맑음,단일로 - 기타,승용,남,49세,상해없음,승용,남,55세,경상
2022092300100121,2022년 9월 23일 09시,금요일,부산광역시 동래구 사직동,중상사고,0,1,0,0,차량단독 - 기타,안전운전불이행,건조,맑음,단일로 - 기타,이륜,남,29세,중상,,,,
2022092300100153,2022년 9월 23일 10시,금요일,부산광역시 수영구 민락동,경상사고,0,0,1,0,차대차 - 측면충돌,안전운전불이행,건조,맑음,교차로 - 교차로안,화물,남,56세,상해없음,화물,남,56세,경상
2022092300100154,2022년 9월 23일 10시,금요일,부산광역시 영도구 동삼동,경상사고,0,0,1,0,차대차 - 기타,교차로운행방법위반,건조,맑음,교차로 - 교차로안,승용,남,62세,기타불명,승용,남,53세,경상
2022092300100155,2022년 9월 23일 10시,금요일,부산광역시 영도구 봉래동3가,경상사고,0,0,1,0,차대차 - 측면충돌,안전운전불이행,건조,맑음,교차로 - 교차로부근,승용,남,43세,기타불명,승용,남,50세,경상
2022092300100156,2022년 9월 23일 10시,금요일,부산광역시 금정구 오륜동,사망사고,1,0,0,0,차량단독 - 기타,안전운전불이행,건조,맑음,단일로 - 기타,자전거,여,75세,사망,,,,
2022092300100157,2022년 9월 23일 10시,금요일,부산광역시 사하구 다대동,경상사고,0,0,1,0,차대차 - 기타,안전운전불이행,건조,맑음,교차로 - 교차로안,승용,여,43세,기타불명,승용,남,62세,경상
2022092300100158,2022년 9월 23일 10시,금요일,부산광역시 수영구 수영동,중상사고,0,1,0,0,차대사람 - 기타,안전운전불이행,건조,맑음,교차로 - 교차로안,화물,남,39세,상해없음,보행자,여,81세,중상
2022092300100159,2022년 9월 23일 10시,금요일,부산광역시 기장군 기장읍,중상사고,0,1,0,0,차대차 - 추돌,안전운전불이행,건조,맑음,교차로 - 교차로부근,승용,남,65세,상해없음,승용,남,49세,중상
2022092300100263,2022년 9월 23일 13시,금요일,부산광역시 해운대구 재송동,경상사고,0,0,1,0,차대차 - 추돌,안전운전불이행,건조,맑음,단일로 - 기타,승용,남,72세,상해없음,승용,여,39세,경상
2022092300100264,2022년 9월 23일 13시,금요일,부산광역시 연제구 거제동,경상사고,0,0,1,0,차대차 - 기타,안전운전불이행,건조,맑음,단일로 - 기타,승용,남,78세,상해없음,승용,남,58세,경상
2022092300100266,2022년 9월 23일 13시,금요일,부산광역시 사상구 덕포동,부상신고사고,0,0,0,1,차대차 - 측면충돌,중앙선침범,건조,맑음,단일로 - 기타,자전거,남,79세,부상신고,승용,남,76세,상해없음
2022092300100306,2022년 9월 23일 14시,금요일,부산광역시 해운대구 중동,경상사고,0,0,3,0,차대차 - 기타,안전운전불이행,건조,맑음,교차로 - 교차로부근,승용,남,69세,상해없음,승용,남,40세,경상
2022092300100307,2022년 9월 23일 14시,금요일,부산광역시 사상구 엄궁동,중상사고,0,1,0,0,차대차 - 추돌,안전운전불이행,건조,맑음,단일로 - 기타,화물,남,53세,상해없음,승용,여,46세,중상
2022092300100308,2022년 9월 23일 14시,금요일,부산광역시 기장군 기장읍,경상사고,0,0,1,0,차대차 - 추돌,안전운전불이행,건조,맑음,교차로 - 교차로부근,승용,여,43세,상해없음,승용,여,35세,경상
2022092300100347,2022년 9월 23일 15시,금요일,부산광역시 북구 덕천동,경상사고,0,0,1,0,차대차 - 추돌,중앙선침범,건조,맑음,단일로 - 기타,승용,남,63세,상해없음,승용,여,43세,경상
2022092300100348,2022년 9월 23일 15시,금요일,부산광역시 해운대구 우동,중상사고,0,2,0,0,차대차 - 추돌,안전거리미확보,건조,맑음,단일로 - 교량,특수,남,44세,상해없음,승용,남,74세,중상
2022092300100349,2022년 9월 23일 15시,금요일,부산광역시 사하구 장림동,경상사고,0,0,1,0,차대차 - 기타,안전운전불이행,건조,맑음,단일로 - 지하차도(도로)내,건설기계,남,60세,기타불명,승용,남,33세,경상
2022092300100388,2022년 9월 23일 16시,금요일,부산광역시 남구 대연동,경상사고,0,0,1,0,차대차 - 추돌,안전운전불이행,건조,맑음,단일로 - 기타,승용,여,64세,상해없음,승용,여,59세,경상
2022092300100389,2022년 9월 23일 16시,금요일,부산광역시 부산진구 양정동,경상사고,0,0,1,0,차대차 - 기타,안전운전불이행,건조,맑음,교차로 - 교차로안,승용,남,72세,상해없음,승용,남,31세,경상
2.02209E+15,2022년 9월 23일 16시,금요일,부산광역시 금정구 서동,중상사고,0,1,0,0,차대사람 - 기타,안전운전불이행,건조,맑음,기타 - 기타,승용,여,66세,상해없음,보행자,여,49세,중상
2022092300100391,2022년 9월 23일 16시,금요일,부산광역시 강서구 대저1동,경상사고,0,0,1,0,차대차 - 기타,안전운전불이행,건조,맑음,교차로 - 교차로부근,승용,남,62세,상해없음,승용,여,31세,경상
2022092300100392,2022년 9월 23일 16시,금요일,부산광역시 사상구 엄궁동,경상사고,0,0,2,0,차대차 - 측면충돌,안전거리미확보,건조,맑음,단일로 - 기타,승용,남,64세,상해없음,승용,남,54세,경상
2022092300100393,2022년 9월 23일 16시,금요일,부산광역시 기장군 기장읍,중상사고,0,1,0,0,차대사람 - 기타,안전운전불이행,건조,맑음,단일로 - 기타,승합,남,42세,상해없음,보행자,여,67세,중상
2022092300100442,2022년 9월 23일 17시,금요일,부산광역시 금정구 부곡동,경상사고,0,0,1,0,차대차 - 기타,안전운전불이행,건조,맑음,단일로 - 기타,승용,여,59세,상해없음,승용,남,67세,경상
2022092300100487,2022년 9월 23일 18시,금요일,부산광역시 남구 대연동,경상사고,0,0,1,0,차량단독 - 기타,안전운전불이행,건조,맑음,단일로 - 기타,승합,남,27세,상해없음,,,,
2022092300100488,2022년 9월 23일 18시,금요일,부산광역시 북구 구포동,경상사고,0,0,1,0,차대차 - 기타,기타,건조,맑음,교차로 - 교차로부근,화물,남,36세,상해없음,화물,남,61세,경상
2022092300100489,2022년 9월 23일 18시,금요일,부산광역시 연제구 연산동,경상사고,0,0,1,0,차대차 - 측면충돌,차로위반,건조,맑음,단일로 - 교량,승용,여,22세,상해없음,승용,여,38세,경상
2022092300100542,2022년 9월 23일 19시,금요일,부산광역시 동구 초량동,경상사고,0,0,1,0,차대차 - 추돌,안전운전불이행,건조,맑음,단일로 - 지하차도(도로)내,승용,남,74세,상해없음,승용,남,48세,경상
2022092300100543,2022년 9월 23일 19시,금요일,부산광역시 부산진구 전포동,경상사고,0,0,1,0,차대차 - 기타,안전운전불이행,건조,맑음,단일로 - 지하차도(도로)내,승용,남,30세,상해없음,승합,남,49세,경상
2022092300100544,2022년 9월 23일 19시,금요일,부산광역시 부산진구 초읍동,경상사고,0,0,1,0,차대차 - 추돌,안전운전불이행,건조,맑음,교차로 - 교차로부근,화물,남,55세,상해없음,화물,남,26세,경상
2022092300100583,2022년 9월 23일 20시,금요일,부산광역시 부산진구 전포동,경상사고,0,0,1,0,차대사람 - 차도통행중,안전운전불이행,건조,맑음,단일로 - 기타,원동기,여,31세,기타불명,보행자,여,26세,경상
2022092300100584,2022년 9월 23일 20시,금요일,부산광역시 금정구 서동,경상사고,0,0,1,0,차대사람 - 횡단중,보행자보호의무위반,건조,맑음,교차로 - 교차로안,승용,여,31세,상해없음,보행자,남,49세,경상
2022092300100639,2022년 9월 23일 22시,금요일,부산광역시 강서구 명지동,경상사고,0,0,1,0,차대차 - 기타,안전운전불이행,건조,맑음,단일로 - 기타,이륜,남,33세,상해없음,자전거,남,16세,경상
2022092300100668,2022년 9월 23일 23시,금요일,부산광역시 강서구 명지동,중상사고,0,1,1,0,차대차 - 기타,안전운전불이행,건조,맑음,단일로 - 기타,승용,남,42세,상해없음,승용,남,67세,경상
2022092400100043,2022년 9월 24일 04시,토요일,부산광역시 북구 금곡동,경상사고,0,0,1,0,차대차 - 기타,안전거리미확보,건조,맑음,단일로 - 기타,건설기계,남,38세,상해없음,승용,여,51세,경상
2022092400100068,2022년 9월 24일 07시,토요일,부산광역시 남구 대연동,경상사고,0,0,1,0,차대차 - 정면충돌,안전운전불이행,건조,맑음,교차로 - 교차로부근,승용,남,29세,기타불명,화물,남,29세,경상
2022092400100082,2022년 9월 24일 08시,토요일,부산광역시 기장군 정관읍,중상사고,0,1,0,0,차대차 - 기타,신호위반,건조,맑음,교차로 - 교차로안,승용,남,64세,상해없음,승용,남,55세,중상
2022092400100108,2022년 9월 24일 09시,토요일,부산광역시 강서구 녹산동,경상사고,0,0,1,0,차대차 - 측면충돌,안전운전불이행,건조,맑음,단일로 - 기타,건설기계,남,64세,상해없음,승용,남,40세,경상
2022092400100109,2022년 9월 24일 09시,토요일,부산광역시 기장군 기장읍,중상사고,0,1,0,0,차대사람 - 기타,보행자보호의무위반,건조,맑음,교차로 - 교차로횡단보도내,승용,여,56세,상해없음,보행자,여,62세,중상
2022092400100137,2022년 9월 24일 10시,토요일,부산광역시 해운대구 반여동,중상사고,0,1,0,0,차량단독 - 기타,안전운전불이행,건조,맑음,단일로 - 기타,승합,남,49세,상해없음,,,,
2022092400100138,2022년 9월 24일 10시,토요일,부산광역시 부산진구 부전동,경상사고,0,0,1,0,차대차 - 추돌,안전운전불이행,건조,맑음,교차로 - 교차로부근,승용,남,24세,상해없음,승용,남,75세,경상
2022092400100139,2022년 9월 24일 10시,토요일,부산광역시 부산진구 개금동,경상사고,0,0,1,0,차대차 - 측면충돌,안전거리미확보,건조,맑음,단일로 - 기타,승용,남,81세,상해없음,승용,남,64세,경상
2022092400100173,2022년 9월 24일 11시,토요일,부산광역시 남구 대연동,경상사고,0,0,1,0,차대차 - 기타,안전운전불이행,건조,맑음,단일로 - 기타,승용,여,59세,상해없음,승합,남,43세,상해없음
2022092400100174,2022년 9월 24일 11시,토요일,부산광역시 금정구 서동,경상사고,0,0,1,0,차대사람 - 기타,안전운전불이행,건조,맑음,교차로 - 교차로안,승용,남,70세,상해없음,보행자,여,68세,경상
2022092400100175,2022년 9월 24일 11시,토요일,부산광역시 강서구 지사동,경상사고,0,0,1,0,차대차 - 추돌,안전운전불이행,건조,맑음,교차로 - 교차로부근,승용,남,67세,상해없음,승용,여,57세,경상
2022092400100176,2022년 9월 24일 11시,토요일,부산광역시 강서구 대저2동,경상사고,0,0,1,0,차대차 - 측면충돌,교차로운행방법위반,건조,맑음,교차로 - 교차로안,승용,남,62세,상해없음,승합,남,50세,경상
2022092400100177,2022년 9월 24일 11시,토요일,부산광역시 기장군 정관읍,경상사고,0,0,1,0,차대차 - 추돌,안전운전불이행,건조,맑음,단일로 - 기타,이륜,남,45세,상해없음,승용,남,49세,경상
2022092400100225,2022년 9월 24일 12시,토요일,부산광역시 서구 아미동2가,경상사고,0,0,1,0,차대사람 - 횡단중,신호위반,건조,맑음,교차로 - 교차로안,승용,남,51세,상해없음,보행자,남,76세,경상
2022092400100226,2022년 9월 24일 12시,토요일,부산광역시 부산진구 부암동,경상사고,0,0,2,0,차대차 - 측면충돌,안전운전불이행,건조,맑음,단일로 - 기타,건설기계,남,60세,기타불명,승용,남,59세,경상
2022092400100227,2022년 9월 24일 12시,토요일,부산광역시 연제구 연산동,경상사고,0,0,2,0,차대차 - 측면충돌,안전운전불이행,건조,맑음,단일로 - 기타,이륜,남,29세,상해없음,승용,남,30세,경상
2022092400100277,2022년 9월 24일 13시,토요일,부산광역시 중구 대청동2가,경상사고,0,0,2,0,차대차 - 추돌,안전운전불이행,건조,맑음,단일로 - 기타,승용,남,21세,상해없음,승용,남,52세,경상
2022092400100278,2022년 9월 24일 13시,토요일,부산광역시 동래구 수안동,경상사고,0,0,2,1,차대차 - 추돌,안전운전불이행,건조,맑음,단일로 - 기타,승용,남,62세,상해없음,승용,남,70세,경상
2022092400100279,2022년 9월 24일 13시,토요일,부산광역시 해운대구 좌동,경상사고,0,0,1,0,차량단독 - 전도전복 - 전도,안전운전불이행,건조,맑음,교차로 - 교차로안,이륜,남,60세,경상,,,,
2.02209E+15,2022년 9월 24일 13시,토요일,부산광역시 금정구 회동동,경상사고,0,0,1,0,차대차 - 측면충돌,안전거리미확보,건조,맑음,단일로 - 고가도로위,승용,여,30세,상해없음,화물,남,42세,경상
2022092400100332,2022년 9월 24일 14시,토요일,부산광역시 중구 부평동1가,중상사고,0,1,0,0,차대사람 - 횡단중,안전운전불이행,건조,맑음,단일로 - 기타,이륜,남,22세,상해없음,보행자,여,64세,중상
2022092400100333,2022년 9월 24일 14시,토요일,부산광역시 동래구 명장동,경상사고,0,0,2,0,차대차 - 후진중충돌,안전운전불이행,건조,맑음,교차로 - 교차로부근,승용,여,41세,상해없음,승용,여,37세,경상
2022092400100334,2022년 9월 24일 14시,토요일,부산광역시 부산진구 양정동,경상사고,0,0,1,0,차대차 - 측면충돌,신호위반,건조,맑음,단일로 - 기타,승용,남,49세,상해없음,원동기,남,34세,경상
2022092400100335,2022년 9월 24일 14시,토요일,부산광역시 사하구 다대동,중상사고,0,1,0,0,차대차 - 기타,안전운전불이행,건조,맑음,교차로 - 교차로안,이륜,남,48세,중상,화물,남,39세,상해없음
2022092400100372,2022년 9월 24일 15시,토요일,부산광역시 부산진구 부전동,경상사고,0,0,7,0,차대차 - 기타,신호위반,건조,맑음,교차로 - 교차로부근,승용,남,28세,상해없음,승합,남,66세,경상
2022092400100415,2022년 9월 24일 16시,토요일,부산광역시 금정구 서동,부상신고사고,0,0,0,1,차대차 - 기타,안전운전불이행,건조,맑음,교차로 - 교차로안,승용,남,68세,부상신고,승용,남,49세,상해없음
2022092400100416,2022년 9월 24일 16시,토요일,부산광역시 기장군 장안읍,경상사고,0,0,2,0,차대차 - 후진중충돌,안전운전불이행,건조,맑음,단일로 - 기타,화물,남,68세,상해없음,특수,남,37세,경상
2022092400100451,2022년 9월 24일 17시,토요일,부산광역시 동구 범일동,경상사고,0,0,1,0,차대차 - 측면충돌,안전운전불이행,건조,맑음,교차로 - 교차로안,승용,여,62세,상해없음,승합,남,41세,경상
2022092400100452,2022년 9월 24일 17시,토요일,부산광역시 남구 문현동,경상사고,0,0,2,0,차대차 - 측면충돌,안전운전불이행,건조,맑음,단일로 - 기타,승용,남,82세,기타불명,승용,남,43세,경상
2022092400100453,2022년 9월 24일 17시,토요일,부산광역시 사상구 감전동,경상사고,0,0,1,0,차대차 - 추돌,안전운전불이행,건조,맑음,단일로 - 기타,승용,남,75세,상해없음,승용,여,55세,경상
2022092400100491,2022년 9월 24일 18시,토요일,부산광역시 중구 창선동1가,경상사고,0,0,2,0,차대차 - 측면충돌,기타,건조,맑음,단일로 - 기타,승용,남,69세,상해없음,이륜,남,22세,경상
2022092400100492,2022년 9월 24일 18시,토요일,부산광역시 수영구 광안동,경상사고,0,0,4,0,차대차 - 기타,신호위반,건조,맑음,교차로 - 교차로안,승용,남,41세,경상,승용,여,33세,경상
2022092400100493,2022년 9월 24일 18시,토요일,부산광역시 부산진구 부전동,부상신고사고,0,0,0,1,차대사람 - 기타,안전운전불이행,건조,맑음,단일로 - 기타,승용,남,73세,상해없음,보행자,남,66세,부상신고
2022092400100494,2022년 9월 24일 18시,토요일,부산광역시 연제구 거제동,중상사고,0,1,0,0,차대차 - 기타,안전운전불이행,건조,맑음,교차로 - 교차로안,승용,남,66세,상해없음,이륜,남,26세,중상
2022092400100531,2022년 9월 24일 19시,토요일,부산광역시 해운대구 우동,경상사고,0,0,1,0,차대차 - 추돌,안전운전불이행,건조,맑음,단일로 - 기타,화물,남,52세,상해없음,승용,남,52세,경상
2022092400100613,2022년 9월 24일 22시,토요일,부산광역시 사상구 주례동,중상사고,0,1,0,1,차대사람 - 횡단중,보행자보호의무위반,건조,맑음,교차로 - 교차로안,이륜,남,20세,부상신고,보행자,남,59세,중상
2022092400100631,2022년 9월 24일 23시,토요일,부산광역시 중구 영주동,경상사고,0,0,1,0,차량단독 - 공작물충돌,안전운전불이행,건조,맑음,단일로 - 기타,승용,남,66세,상해없음,,,,
2022092400100632,2022년 9월 24일 23시,토요일,부산광역시 해운대구 송정동,경상사고,0,0,1,0,차대차 - 측면충돌,안전운전불이행,건조,맑음,단일로 - 기타,승용,남,25세,상해없음,이륜,남,31세,경상
2022092500100007,2022년 9월 25일 00시,일요일,부산광역시 연제구 거제동,경상사고,0,0,2,0,차대차 - 기타,차로위반,건조,맑음,단일로 - 기타,승용,남,32세,상해없음,승용,남,63세,경상
2022092500100031,2022년 9월 25일 02시,일요일,부산광역시 부산진구 전포동,경상사고,0,0,2,0,차대차 - 기타,안전운전불이행,건조,맑음,교차로 - 교차로안,이륜,남,41세,상해없음,승용,남,28세,경상
2022092500100049,2022년 9월 25일 05시,일요일,부산광역시 사상구 괘법동,중상사고,0,1,0,0,차대사람 - 횡단중,안전운전불이행,건조,맑음,교차로 - 교차로부근,이륜,남,18세,상해없음,보행자,남,72세,중상