사고번호,사고일시,요일,시군구,사고내용,사망자수,중상자수,경상자수,부상신고자수,사고유형,법규위반,노면상태,기상상태,도로형태,가해운전자 차종,가해운전자 성별,가해운전자 연령,가해운전자 상해정도,피해운전자 차종,피해운전자 성별,피해운전자 연령,피해운전자 상해정도
2022092500100055,2022년 9월 25일 06시,일요일,부산광역시 사하구 다대동,중상사고,0,1,0,0,차대차 - 기타,안전운전불이행,건조,맑음,교차로 - 교차로부근,승용,남,54세,상해없음,이륜,남,17세,중상
2022092500100056,2022년 9월 25일 06시,일요일,부산광역시 사하구 하단동,경상사고,0,0,1,0,차대차 - 추돌,안전운전불이행,건조,맑음,단일로 - 기타,승용,남,49세,상해없음,승용,남,51세,경상
2022092500100072,2022년 9월 25일 08시,일요일,부산광역시 남구 문현동,중상사고,0,1,0,0,차대사람 - 보도통행중,안전운전불이행,건조,맑음,단일로 - 기타,승용,남,50세,상해없음,보행자,남,87세,중상
2022092500100073,2022년 9월 25일 08시,일요일,부산광역시 기장군 기장읍,경상사고,0,0,2,0,차대차 - 추돌,안전운전불이행,건조,맑음,단일로 - 기타,승용,남,51세,상해없음,승용,여,57세,경상
2022092500100088,2022년 9월 25일 09시,일요일,부산광역시 사하구 하단동,경상사고,0,0,1,0,차대차 - 후진중충돌,안전운전불이행,건조,맑음,교차로 - 교차로부근,승용,남,60세,상해없음,승용,남,66세,경상
2022092500100109,2022년 9월 25일 10시,일요일,부산광역시 부산진구 범전동,경상사고,0,0,1,0,차대차 - 측면충돌,신호위반,건조,맑음,단일로 - 기타,승용,남,69세,상해없음,승합,남,57세,상해없음
2.02209E+15,2022년 9월 25일 14시,일요일,부산광역시 수영구 민락동,경상사고,0,0,1,0,차대차 - 측면충돌,안전운전불이행,건조,맑음,단일로 - 기타,자전거,남,61세,상해없음,자전거,남,48세,경상
2022092500100211,2022년 9월 25일 14시,일요일,부산광역시 부산진구 부전동,경상사고,0,0,1,0,차대차 - 기타,신호위반,건조,맑음,교차로 - 교차로안,승용,남,38세,상해없음,승용,여,25세,경상
2.02209E+15,2022년 9월 25일 15시,일요일,부산광역시 중구 영주동,중상사고,0,1,0,0,차대차 - 기타,안전운전불이행,건조,맑음,단일로 - 기타,승용,남,64세,상해없음,승용,남,37세,중상
2022092500100241,2022년 9월 25일 15시,일요일,부산광역시 부산진구 전포동,경상사고,0,0,2,0,차대차 - 기타,안전운전불이행,건조,맑음,기타 - 기타,승용,남,29세,경상,승용,남,58세,경상
2022092500100274,2022년 9월 25일 16시,일요일,부산광역시 사하구 장림동,경상사고,0,0,1,0,차대차 - 기타,직진우회전진행방해,건조,맑음,교차로 - 교차로안,승용,남,57세,기타불명,승용,남,54세,경상
2022092500100275,2022년 9월 25일 16시,일요일,부산광역시 연제구 연산동,중상사고,0,1,0,0,차대차 - 기타,안전운전불이행,건조,맑음,교차로 - 교차로부근,이륜,남,47세,중상,승용,남,66세,상해없음
2022092500100367,2022년 9월 25일 19시,일요일,부산광역시 수영구 남천동,경상사고,0,0,1,0,차대사람 - 차도통행중,안전운전불이행,건조,맑음,단일로 - 기타,이륜,남,30세,상해없음,보행자,여,9세,경상
2022092500100368,2022년 9월 25일 19시,일요일,부산광역시 연제구 연산동,중상사고,0,1,0,0,차대차 - 기타,신호위반,건조,맑음,교차로 - 교차로안,승용,여,29세,상해없음,이륜,남,50세,중상
2022092500100407,2022년 9월 25일 20시,일요일,부산광역시 남구 문현동,경상사고,0,0,1,0,차대차 - 기타,안전운전불이행,건조,맑음,교차로 - 교차로안,승용,남,43세,경상,승용,남,45세,상해없음
2022092500100408,2022년 9월 25일 20시,일요일,부산광역시 동래구 온천동,경상사고,0,0,2,0,차대차 - 측면충돌,직진우회전진행방해,건조,맑음,교차로 - 교차로안,원동기,남,27세,상해없음,승용,남,46세,경상
2022092500100409,2022년 9월 25일 20시,일요일,부산광역시 부산진구 부전동,경상사고,0,0,1,0,차대사람 - 횡단중,보행자보호의무위반,건조,맑음,교차로 - 교차로횡단보도내,승용,남,36세,상해없음,보행자,남,59세,경상
2022092500100424,2022년 9월 25일 21시,일요일,부산광역시 연제구 거제동,경상사고,0,0,1,0,차대차 - 측면충돌,안전운전불이행,건조,맑음,교차로 - 교차로부근,승용,남,25세,상해없음,화물,남,39세,경상
2022092500100448,2022년 9월 25일 22시,일요일,부산광역시 동래구 명장동,사망사고,1,0,0,0,차대차 - 기타,안전운전불이행,건조,맑음,단일로 - 기타,원동기,남,57세,사망,승용,남,22세,상해없음
2.02209E+15,2022년 9월 25일 22시,일요일,부산광역시 부산진구 개금동,경상사고,0,0,1,0,차대차 - 측면충돌,신호위반,건조,맑음,교차로 - 교차로안,승용,남,56세,상해없음,이륜,남,29세,경상
2022092500100451,2022년 9월 25일 22시,일요일,부산광역시 기장군 기장읍,경상사고,0,0,1,2,차대차 - 추돌,안전운전불이행,건조,맑음,교차로 - 교차로안,화물,남,49세,상해없음,승용,남,74세,경상
2022092500100463,2022년 9월 25일 23시,일요일,부산광역시 남구 문현동,경상사고,0,0,1,0,차대차 - 기타,신호위반,건조,맑음,교차로 - 교차로부근,승용,남,54세,상해없음,승용,남,32세,경상
2022092600100012,2022년 9월 26일 02시,월요일,부산광역시 사하구 하단동,중상사고,0,1,0,0,차대차 - 기타,안전운전불이행,건조,맑음,기타 - 기타,이륜,남,22세,상해없음,이륜,남,22세,상해없음
2022092600100017,2022년 9월 26일 03시,월요일,부산광역시 남구 대연동,경상사고,0,0,1,0,차대차 - 추돌,안전운전불이행,건조,맑음,교차로 - 교차로안,승용,남,25세,상해없음,이륜,남,36세,경상
2022092600100056,2022년 9월 26일 07시,월요일,부산광역시 서구 동대신동2가,경상사고,0,0,1,0,차대차 - 기타,교차로운행방법위반,건조,맑음,교차로 - 교차로안,개인형이동수단(PM),남,70세,경상,승용,여,50세,상해없음
2022092600100057,2022년 9월 26일 07시,월요일,부산광역시 부산진구 전포동,경상사고,0,0,1,0,차대차 - 기타,불법유턴,건조,기타,교차로 - 교차로부근,승용,남,67세,상해없음,이륜,남,72세,경상
2022092600100089,2022년 9월 26일 08시,월요일,부산광역시 해운대구 우동,중상사고,0,1,0,0,차대사람 - 횡단중,신호위반,건조,맑음,교차로 - 교차로횡단보도내,승용,여,69세,상해없음,보행자,여,74세,중상
2.02209E+15,2022년 9월 26일 08시,월요일,부산광역시 부산진구 전포동,중상사고,0,2,0,0,차대차 - 기타,안전운전불이행,건조,흐림,단일로 - 기타,승용,여,35세,중상,화물,남,32세,중상
2022092600100091,2022년 9월 26일 08시,월요일,부산광역시 사하구 감천동,중상사고,0,1,0,0,차대차 - 측면충돌,신호위반,건조,맑음,교차로 - 교차로안,승용,남,25세,상해없음,이륜,남,67세,중상
2022092600100092,2022년 9월 26일 08시,월요일,부산광역시 수영구 망미동,경상사고,0,0,2,0,차대차 - 추돌,안전운전불이행,건조,맑음,단일로 - 기타,승용,남,83세,상해없음,승용,남,54세,경상
2022092600100142,2022년 9월 26일 09시,월요일,부산광역시 북구 구포동,중상사고,0,1,0,0,차대사람 - 기타,안전운전불이행,건조,맑음,단일로 - 기타,화물,남,28세,상해없음,보행자,여,61세,중상
2022092600100143,2022년 9월 26일 09시,월요일,부산광역시 금정구 서동,경상사고,0,0,1,0,차대차 - 측면충돌,안전운전불이행,건조,맑음,교차로 - 교차로안,화물,남,59세,상해없음,이륜,남,47세,경상
2022092600100178,2022년 9월 26일 10시,월요일,부산광역시 중구 중앙동3가,경상사고,0,0,1,0,차대차 - 측면충돌,안전거리미확보,건조,맑음,교차로 - 교차로부근,화물,남,51세,기타불명,승용,남,27세,경상
2022092600100179,2022년 9월 26일 10시,월요일,부산광역시 남구 대연동,경상사고,0,0,1,0,차대차 - 기타,안전운전불이행,건조,맑음,단일로 - 지하차도(도로)내,승용,여,52세,상해없음,승용,남,39세,경상
2022092600100239,2022년 9월 26일 12시,월요일,부산광역시 강서구 명지동,경상사고,0,0,1,0,차대차 - 추돌,안전운전불이행,건조,맑음,단일로 - 기타,승용,남,72세,상해없음,승용,여,47세,경상
2022092600100297,2022년 9월 26일 14시,월요일,부산광역시 강서구 명지동,경상사고,0,0,1,0,차대차 - 측면충돌,안전운전불이행,건조,맑음,단일로 - 기타,승용,여,24세,상해없음,승용,여,29세,경상
2022092600100326,2022년 9월 26일 15시,월요일,부산광역시 금정구 구서동,경상사고,0,0,1,0,차대차 - 측면충돌,안전거리미확보,건조,맑음,교차로 - 교차로안,승용,여,53세,상해없음,승용,남,41세,경상
2022092600100327,2022년 9월 26일 15시,월요일,부산광역시 사하구 구평동,중상사고,0,2,0,0,차대차 - 측면충돌,안전거리미확보,건조,맑음,단일로 - 기타,화물,남,42세,상해없음,이륜,남,73세,중상
2022092600100328,2022년 9월 26일 15시,월요일,부산광역시 수영구 수영동,경상사고,0,0,1,0,차대차 - 기타,안전운전불이행,건조,맑음,단일로 - 기타,승용,여,53세,상해없음,자전거,남,52세,경상
2022092600100329,2022년 9월 26일 15시,월요일,부산광역시 사상구 모라동,중상사고,0,1,0,0,차대차 - 측면충돌,안전운전불이행,건조,맑음,교차로 - 교차로부근,승용,남,45세,상해없음,승용,남,68세,중상
2022092600100405,2022년 9월 26일 17시,월요일,부산광역시 사상구 삼락동,중상사고,0,1,0,0,차대차 - 기타,안전거리미확보,젖음/습기,비,교차로 - 교차로부근,승용,남,79세,상해없음,이륜,남,61세,중상
2022092600100445,2022년 9월 26일 18시,월요일,부산광역시 해운대구 우동,경상사고,0,0,1,0,차대차 - 측면충돌,안전거리미확보,건조,맑음,교차로 - 교차로안,승용,여,35세,상해없음,이륜,남,30세,경상
2022092600100446,2022년 9월 26일 18시,월요일,부산광역시 금정구 부곡동,중상사고,0,1,0,0,차대사람 - 횡단중,보행자보호의무위반,건조,맑음,교차로 - 교차로횡단보도내,승용,여,61세,상해없음,보행자,여,63세,중상
2022092600100447,2022년 9월 26일 18시,월요일,부산광역시 연제구 거제동,경상사고,0,0,1,0,차대차 - 기타,안전운전불이행,건조,맑음,교차로 - 교차로부근,승용,여,56세,상해없음,자전거,남,54세,경상
2022092600100488,2022년 9월 26일 19시,월요일,부산광역시 부산진구 연지동,경상사고,0,0,1,0,차대사람 - 기타,보행자보호의무위반,젖음/습기,비,기타 - 기타,승용,여,65세,상해없음,보행자,남,59세,경상
2022092600100489,2022년 9월 26일 19시,월요일,부산광역시 금정구 노포동,중상사고,0,1,0,0,차대차 - 측면충돌,불법유턴,건조,맑음,교차로 - 교차로안,승용,남,63세,상해없음,승용,남,67세,중상
2.02209E+15,2022년 9월 26일 19시,월요일,부산광역시 강서구 지사동,경상사고,0,0,1,0,차대차 - 측면충돌,교차로운행방법위반,건조,맑음,교차로 - 교차로안,승용,여,29세,경상,화물,남,59세,상해없음
2022092600100527,2022년 9월 26일 20시,월요일,부산광역시 서구 동대신동2가,경상사고,0,0,2,0,차대차 - 추돌,안전거리미확보,건조,맑음,단일로 - 기타,승합,남,61세,상해없음,승용,여,51세,경상
2022092600100528,2022년 9월 26일 20시,월요일,부산광역시 강서구 지사동,중상사고,0,1,0,0,차대사람 - 기타,안전운전불이행,건조,맑음,기타 - 기타,승용,남,49세,상해없음,보행자,남,62세,중상
2022092700100019,2022년 9월 27일 03시,화요일,부산광역시 동구 초량동,경상사고,0,0,1,0,차대차 - 측면충돌,신호위반,건조,맑음,교차로 - 교차로안,승용,남,67세,상해없음,승용,남,68세,경상
2022092700100039,2022년 9월 27일 06시,화요일,부산광역시 강서구 범방동,경상사고,0,0,1,0,차대차 - 추돌,안전운전불이행,건조,맑음,교차로 - 교차로부근,승용,남,49세,상해없음,승용,남,55세,경상
2022092700100057,2022년 9월 27일 07시,화요일,부산광역시 서구 암남동,경상사고,0,0,2,0,차대차 - 측면충돌,직진우회전진행방해,건조,맑음,교차로 - 교차로안,승용,남,41세,경상,화물,남,60세,경상
2022092700100083,2022년 9월 27일 08시,화요일,부산광역시 연제구 거제동,경상사고,0,0,1,0,차대차 - 기타,안전운전불이행,건조,맑음,교차로 - 교차로안,승용,남,49세,기타불명,승용,남,55세,상해없음
2022092700100084,2022년 9월 27일 08시,화요일,부산광역시 기장군 정관읍,경상사고,0,0,1,0,차대차 - 추돌,안전운전불이행,건조,맑음,단일로 - 기타,승용,남,28세,상해없음,승용,여,60세,경상
2022092700100085,2022년 9월 27일 08시,화요일,부산광역시 기장군 정관읍,중상사고,0,1,1,0,차대차 - 추돌,안전운전불이행,건조,맑음,교차로 - 교차로부근,승용,남,45세,상해없음,승용,여,46세,중상
2022092700100163,2022년 9월 27일 10시,화요일,부산광역시 수영구 망미동,경상사고,0,0,2,0,차대차 - 측면충돌,교차로운행방법위반,건조,맑음,교차로 - 교차로안,승용,여,37세,상해없음,승용,남,64세,경상
2022092700100194,2022년 9월 27일 11시,화요일,부산광역시 해운대구 반송동,중상사고,0,1,0,0,차대사람 - 횡단중,보행자보호의무위반,건조,맑음,교차로 - 교차로부근,승용,여,71세,상해없음,보행자,여,61세,중상
2022092700100195,2022년 9월 27일 11시,화요일,부산광역시 부산진구 양정동,경상사고,0,0,1,0,차대차 - 기타,안전운전불이행,건조,맑음,단일로 - 기타,화물,남,57세,상해없음,승용,남,43세,경상
2022092700100196,2022년 9월 27일 11시,화요일,부산광역시 금정구 장전동,경상사고,0,0,1,0,차대사람 - 보도통행중,기타,건조,맑음,단일로 - 기타,개인형이동수단(PM),남,19세,상해없음,보행자,남,44세,경상
2022092700100197,2022년 9월 27일 11시,화요일,부산광역시 강서구 대저1동,경상사고,0,0,2,0,차대차 - 추돌,안전운전불이행,건조,맑음,단일로 - 교량,화물,남,57세,상해없음,승용,남,48세,경상
2.02209E+15,2022년 9월 27일 13시,화요일,부산광역시 남구 문현동,중상사고,0,1,0,0,차대차 - 기타,안전운전불이행,건조,맑음,교차로 - 교차로안,승합,남,55세,상해없음,승용,여,38세,상해없음
2022092700100289,2022년 9월 27일 14시,화요일,부산광역시 금정구 부곡동,중상사고,0,1,0,0,차대사람 - 기타,안전운전불이행,건조,맑음,단일로 - 기타,화물,남,59세,상해없음,보행자,남,76세,중상
2022092700100311,2022년 9월 27일 15시,화요일,부산광역시 부산진구 당감동,중상사고,0,1,0,0,차대사람 - 기타,불법유턴,건조,맑음,단일로 - 기타,화물,남,48세,상해없음,보행자,여,85세,중상
2022092700100352,2022년 9월 27일 16시,화요일,부산광역시 남구 용당동,경상사고,0,0,1,0,차대차 - 측면충돌,안전운전불이행,건조,맑음,교차로 - 교차로안,승합,남,49세,상해없음,승용,남,36세,경상
2022092700100353,2022년 9월 27일 16시,화요일,부산광역시 동래구 온천동,경상사고,0,0,1,0,차대사람 - 길가장자리구역통행중,안전운전불이행,건조,맑음,단일로 - 기타,승용,남,68세,상해없음,보행자,남,50세,경상
2022092700100393,2022년 9월 27일 17시,화요일,부산광역시 수영구 광안동,경상사고,0,0,1,0,차대차 - 측면충돌,안전운전불이행,건조,맑음,교차로 - 교차로안,승용,남,75세,상해없음,승용,여,44세,경상
2022092700100394,2022년 9월 27일 17시,화요일,부산광역시 부산진구 가야동,중상사고,0,1,0,0,차대사람 - 횡단중,보행자보호의무위반,건조,맑음,기타 - 기타,승용,남,70세,상해없음,보행자,여,77세,중상
2022092700100459,2022년 9월 27일 18시,화요일,부산광역시 부산진구 양정동,중상사고,0,1,0,0,차대차 - 측면충돌,안전운전불이행,건조,맑음,교차로 - 교차로안,승용,남,51세,상해없음,이륜,남,24세,중상
2022092700100515,2022년 9월 27일 19시,화요일,부산광역시 동래구 안락동,경상사고,0,0,1,0,차대사람 - 보도통행중,보행자보호의무위반,건조,맑음,교차로 - 교차로횡단보도내,승용,남,25세,상해없음,보행자,남,48세,경상
2022092700100561,2022년 9월 27일 20시,화요일,부산광역시 금정구 금사동,경상사고,0,0,1,0,차대차 - 기타,안전운전불이행,건조,맑음,기타 - 기타,승용,남,71세,상해없음,승용,여,25세,경상
2022092700100562,2022년 9월 27일 20시,화요일,부산광역시 사상구 괘법동,중상사고,0,1,0,0,차대차 - 정면충돌,신호위반,건조,맑음,교차로 - 교차로안,승용,남,64세,상해없음,이륜,남,30세,중상
2022092700100604,2022년 9월 27일 21시,화요일,부산광역시 영도구 청학동,경상사고,0,0,1,0,차량단독 - 기타,안전운전불이행,건조,맑음,단일로 - 기타,승합,남,48세,상해없음,,,,
2022092700100605,2022년 9월 27일 21시,화요일,부산광역시 금정구 부곡동,경상사고,0,0,1,0,차량단독 - 기타,기타,건조,맑음,교차로 - 교차로부근,승합,남,59세,상해없음,,,,
2022092700100649,2022년 9월 27일 23시,화요일,부산광역시 수영구 남천동,부상신고사고,0,0,0,1,차대차 - 측면충돌,신호위반,건조,맑음,교차로 - 교차로안,승용,여,35세,상해없음,승용,남,23세,부상신고
2022092800100024,2022년 9월 28일 03시,수요일,부산광역시 해운대구 우동,경상사고,0,0,1,0,차대차 - 정면충돌,신호위반,건조,맑음,교차로 - 교차로안,승용,여,25세,상해없음,승용,남,66세,경상
2022092800100053,2022년 9월 28일 07시,수요일,부산광역시 남구 용호동,중상사고,0,1,0,0,차대사람 - 횡단중,보행자보호의무위반,건조,맑음,교차로 - 교차로안,화물,남,54세,상해없음,보행자,남,73세,중상
2022092800100054,2022년 9월 28일 07시,수요일,부산광역시 기장군 일광읍,경상사고,0,0,1,0,차대차 - 측면충돌,안전거리미확보,건조,맑음,단일로 - 기타,승용,여,26세,상해없음,승용,여,28세,경상
2022092800100088,2022년 9월 28일 08시,수요일,부산광역시 중구 영주동,경상사고,0,0,1,0,차대차 - 기타,안전운전불이행,건조,맑음,교차로 - 교차로부근,승용,남,32세,상해없음,이륜,남,24세,경상
2022092800100089,2022년 9월 28일 08시,수요일,부산광역시 해운대구 우동,경상사고,0,0,1,0,차대차 - 추돌,안전운전불이행,건조,맑음,단일로 - 기타,승용,여,44세,상해없음,승용,여,44세,경상
2022092800100139,2022년 9월 28일 09시,수요일,부산광역시 동구 초량동,경상사고,0,0,1,0,차대차 - 기타,차로위반,건조,맑음,단일로 - 기타,승용,여,63세,상해없음,승용,여,46세,경상
2022092800100166,2022년 9월 28일 10시,수요일,부산광역시 해운대구 우동,경상사고,0,0,1,0,차대차 - 측면충돌,교차로운행방법위반,건조,맑음,교차로 - 교차로안,승합,남,66세,상해없음,승용,여,59세,경상
2022092800100167,2022년 9월 28일 10시,수요일,부산광역시 연제구 거제동,경상사고,0,0,1,0,차대차 - 측면충돌,안전운전불이행,건조,맑음,단일로 - 기타,건설기계,남,70세,상해없음,승용,남,19세,경상
2022092800100168,2022년 9월 28일 10시,수요일,부산광역시 강서구 명지동,경상사고,0,0,2,0,차대차 - 기타,신호위반,건조,맑음,교차로 - 교차로안,이륜,남,22세,기타불명,승용,여,44세,경상
2022092800100188,2022년 9월 28일 11시,수요일,부산광역시 동래구 온천동,경상사고,0,0,1,0,차대사람 - 횡단중,보행자보호의무위반,건조,맑음,교차로 - 교차로안,화물,남,53세,기타불명,보행자,여,54세,경상
2022092800100189,2022년 9월 28일 11시,수요일,부산광역시 해운대구 반송동,경상사고,0,0,1,0,차대사람 - 횡단중,안전운전불이행,건조,맑음,교차로 - 교차로안,승용,남,60세,상해없음,보행자,여,65세,경상
2.02209E+15,2022년 9월 28일 11시,수요일,부산광역시 사하구 당리동,경상사고,0,0,1,0,차대사람 - 횡단중,보행자보호의무위반,건조,맑음,교차로 - 교차로안,승용,여,58세,상해없음,보행자,남,38세,경상
2022092800100217,2022년 9월 28일 12시,수요일,부산광역시 남구 대연동,경상사고,0,0,1,0,차대사람 - 횡단중,보행자보호의무위반,건조,맑음,교차로 - 교차로횡단보도내,승용,남,77세,기타불명,보행자,여,20세,경상
2022092800100218,2022년 9월 28일 12시,수요일,부산광역시 수영구 광안동,경상사고,0,0,2,0,차대차 - 추돌,안전운전불이행,건조,맑음,교차로 - 교차로부근,승용,여,67세,상해없음,승용,여,70세,경상
2022092800100219,2022년 9월 28일 12시,수요일,부산광역시 강서구 대저1동,경상사고,0,0,1,0,차대차 - 기타,신호위반,건조,맑음,교차로 - 교차로부근,승용,여,62세,상해없음,승용,여,59세,경상
2.02209E+15,2022년 9월 28일 13시,수요일,부산광역시 남구 문현동,경상사고,0,0,2,0,차대차 - 추돌,안전운전불이행,건조,맑음,교차로 - 교차로안,승용,남,46세,상해없음,승용,남,44세,경상
2022092800100251,2022년 9월 28일 13시,수요일,부산광역시 부산진구 개금동,중상사고,0,1,0,0,차대사람 - 횡단중,보행자보호의무위반,건조,맑음,교차로 - 교차로횡단보도내,승용,남,62세,상해없음,보행자,남,67세,중상
2022092800100252,2022년 9월 28일 13시,수요일,부산광역시 연제구 연산동,경상사고,0,0,1,0,차대차 - 추돌,안전운전불이행,건조,맑음,단일로 - 기타,승용,남,68세,상해없음,승용,남,36세,경상
2022092800100275,2022년 9월 28일 14시,수요일,부산광역시 해운대구 중동,중상사고,0,1,0,0,차대사람 - 차도통행중,안전운전불이행,건조,맑음,단일로 - 기타,원동기,남,43세,상해없음,보행자,남,8세,중상
2022092800100311,2022년 9월 28일 15시,수요일,부산광역시 남구 용호동,경상사고,0,0,1,0,차대차 - 기타,안전운전불이행,건조,맑음,교차로 - 교차로안,승용,남,40세,상해없음,승용,여,46세,경상
2022092800100312,2022년 9월 28일 15시,수요일,부산광역시 해운대구 반여동,경상사고,0,0,1,0,차대차 - 추돌,안전운전불이행,건조,맑음,교차로 - 교차로부근,승용,여,33세,상해없음,승용,남,26세,경상
2022092800100313,2022년 9월 28일 15시,수요일,부산광역시 사하구 괴정동,부상신고사고,0,0,0,1,차량단독 - 기타,안전운전불이행,건조,맑음,단일로 - 기타,승합,남,47세,상해없음,,,,
2022092800100361,2022년 9월 28일 16시,수요일,부산광역시 부산진구 범천동,중상사고,0,1,0,0,차대사람 - 기타,안전운전불이행,건조,맑음,단일로 - 기타,승합,남,60세,상해없음,보행자,여,85세,중상
2022092800100395,2022년 9월 28일 17시,수요일,부산광역시 금정구 회동동,경상사고,0,0,1,0,차대사람 - 기타,안전운전불이행,건조,맑음,기타 - 기타,승용,남,73세,경상,보행자,여,59세,기타불명
2022092800100396,2022년 9월 28일 17시,수요일,부산광역시 사하구 장림동,중상사고,0,1,0,0,차대차 - 기타,안전운전불이행,건조,맑음,교차로 - 교차로안,특수,남,59세,상해없음,이륜,남,61세,중상
2022092800100446,2022년 9월 28일 18시,수요일,부산광역시 중구 보수동3가,경상사고,0,0,1,0,차대차 - 기타,안전운전불이행,건조,맑음,단일로 - 기타,승용,여,32세,상해없음,승용,여,24세,경상
2022092800100447,2022년 9월 28일 18시,수요일,부산광역시 사하구 다대동,중상사고,0,1,0,0,차대차 - 측면충돌,교차로운행방법위반,건조,맑음,교차로 - 교차로부근,승용,남,60세,상해없음,승용,여,61세,중상
2022092800100526,2022년 9월 28일 20시,수요일,부산광역시 사하구 괴정동,경상사고,0,0,1,0,차대사람 - 보도통행중,안전운전불이행,건조,맑음,단일로 - 지하차도(도로)내,기타불명,기타불명,미분류,기타불명,보행자,여,26세,경상
2022092800100551,2022년 9월 28일 21시,수요일,부산광역시 북구 덕천동,경상사고,0,0,1,0,차대차 - 기타,안전운전불이행,건조,맑음,단일로 - 기타,승용,남,55세,상해없음,승용,여,33세,경상
2022092800100552,2022년 9월 28일 21시,수요일,부산광역시 부산진구 부암동,중상사고,0,1,0,0,차대차 - 기타,신호위반,건조,맑음,교차로 - 교차로안,승용,남,31세,상해없음,이륜,남,52세,중상
2022092800100553,2022년 9월 28일 21시,수요일,부산광역시 사하구 신평동,경상사고,0,0,1,0,차대차 - 추돌,안전운전불이행,건조,맑음,단일로 - 기타,승용,여,57세,상해없음,승용,남,63세,경상
2022092800100597,2022년 9월 28일 23시,수요일,부산광역시 강서구 명지동,중상사고,0,1,0,0,차대차 - 측면충돌,신호위반,건조,맑음,교차로 - 교차로안,승용,남,57세,상해없음,승용,남,74세,중상
2022092900100001,2022년 9월 29일 00시,목요일,부산광역시 남구 대연동,중상사고,0,1,0,0,차대사람 - 기타,안전운전불이행,건조,맑음,단일로 - 기타,이륜,남,58세,상해없음,보행자,남,64세,중상
2022092900100023,2022년 9월 29일 03시,목요일,부산광역시 금정구 장전동,경상사고,0,0,3,0,차대차 - 측면충돌,신호위반,건조,맑음,교차로 - 교차로부근,승용,남,54세,경상,승용,남,42세,상해없음
2022092900100058,2022년 9월 29일 07시,목요일,부산광역시 금정구 오륜동,부상신고사고,0,0,0,1,차대차 - 측면충돌,안전거리미확보,건조,맑음,단일로 - 기타,승용,남,73세,상해없음,승용,남,30세,부상신고
2022092900100059,2022년 9월 29일 07시,목요일,부산광역시 강서구 대저1동,중상사고,0,1,0,0,차대차 - 측면충돌,안전거리미확보,건조,맑음,단일로 - 기타,승용,남,70세,상해없음,개인형이동수단(PM),남,56세,중상
2022092900100092,2022년 9월 29일 08시,목요일,부산광역시 남구 대연동,경상사고,0,0,2,1,차대차 - 측면충돌,중앙선침범,건조,맑음,단일로 - 기타,승용,남,69세,경상,승용,남,25세,경상
2022092900100136,2022년 9월 29일 09시,목요일,부산광역시 사상구 주례동,중상사고,0,1,0,0,차대사람 - 횡단중,신호위반,건조,맑음,교차로 - 교차로횡단보도내,승용,남,63세,상해없음,보행자,남,81세,중상
2022092900100167,2022년 9월 29일 10시,목요일,부산광역시 금정구 서동,중상사고,0,1,0,0,차대사람 - 횡단중,안전운전불이행,건조,맑음,교차로 - 교차로안,화물,남,39세,상해없음,보행자,여,72세,중상
2022092900100197,2022년 9월 29일 11시,목요일,부산광역시 남구 문현동,경상사고,0,0,1,0,차대차 - 측면충돌,안전거리미확보,건조,맑음,단일로 - 기타,승용,남,67세,상해없음,원동기,남,45세,경상
2022092900100198,2022년 9월 29일 11시,목요일,부산광역시 북구 만덕동,경상사고,0,0,1,0,차대차 - 측면충돌,안전운전불이행,건조,맑음,교차로 - 교차로부근,승용,남,57세,기타불명,승용,여,35세,경상
2022092900100229,2022년 9월 29일 12시,목요일,부산광역시 북구 화명동,중상사고,0,1,0,0,차대사람 - 기타,보행자보호의무위반,건조,맑음,교차로 - 교차로횡단보도내,승용,남,58세,상해없음,보행자,남,7세,중상
2.02209E+15,2022년 9월 29일 12시,목요일,부산광역시 부산진구 개금동,경상사고,0,0,1,0,차대차 - 추돌,안전거리미확보,건조,맑음,단일로 - 기타,승용,남,74세,상해없음,승용,남,60세,경상
2022092900100231,2022년 9월 29일 12시,목요일,부산광역시 부산진구 양정동,중상사고,0,1,1,0,차대차 - 기타,안전운전불이행,건조,맑음,교차로 - 교차로부근,승합,남,75세,상해없음,이륜,남,21세,경상
2022092900100232,2022년 9월 29일 12시,목요일,부산광역시 사하구 장림동,중상사고,0,1,0,0,차대사람 - 기타,보행자보호의무위반,건조,맑음,교차로 - 교차로부근,화물,남,60세,상해없음,보행자,여,70세,중상
2022092900100263,2022년 9월 29일 13시,목요일,부산광역시 북구 만덕동,중상사고,0,1,0,0,차대차 - 기타,안전거리미확보,건조,맑음,단일로 - 기타,승용,남,76세,상해없음,이륜,남,47세,중상
2022092900100264,2022년 9월 29일 13시,목요일,부산광역시 동래구 온천동,경상사고,0,0,2,0,차대차 - 측면충돌,기타,건조,맑음,교차로 - 교차로부근,승용,여,45세,경상,화물,남,44세,경상
2022092900100265,2022년 9월 29일 13시,목요일,부산광역시 강서구 강동동,중상사고,0,1,0,0,차대차 - 기타,안전운전불이행,건조,맑음,단일로 - 기타,이륜,남,64세,중상,승용,남,59세,상해없음