사고번호,사고일시,요일,시군구,사고내용,사망자수,중상자수,경상자수,부상신고자수,사고유형,법규위반,노면상태,기상상태,도로형태,가해운전자 차종,가해운전자 성별,가해운전자 연령,가해운전자 상해정도,피해운전자 차종,피해운전자 성별,피해운전자 연령,피해운전자 상해정도
2022101100100522,2022년 10월 11일 18시,화요일,부산광역시 영도구 봉래동3가,중상사고,0,1,0,0,차대차 - 측면충돌,안전거리미확보,건조,맑음,단일로 - 기타,승용,남,76세,상해없음,승용,여,40세,중상
2022101100100523,2022년 10월 11일 18시,화요일,부산광역시 연제구 거제동,경상사고,0,0,1,0,차대차 - 측면충돌,안전운전불이행,건조,맑음,단일로 - 기타,승용,남,55세,상해없음,자전거,남,83세,경상
2022101100100573,2022년 10월 11일 19시,화요일,부산광역시 동래구 낙민동,중상사고,0,1,0,0,차대사람 - 횡단중,안전운전불이행,건조,맑음,교차로 - 교차로안,승용,남,50세,상해없음,보행자,여,58세,중상
2022101100100574,2022년 10월 11일 19시,화요일,부산광역시 해운대구 좌동,경상사고,0,0,1,0,차대차 - 측면충돌,안전운전불이행,건조,맑음,교차로 - 교차로안,승용,남,33세,상해없음,자전거,남,11세,경상
2022101100100575,2022년 10월 11일 19시,화요일,부산광역시 사하구 다대동,중상사고,0,1,0,0,차대사람 - 횡단중,보행자보호의무위반,건조,맑음,교차로 - 교차로횡단보도내,승합,남,62세,상해없음,보행자,여,39세,중상
2022101100100642,2022년 10월 11일 21시,화요일,부산광역시 강서구 명지동,경상사고,0,0,1,0,차대차 - 측면충돌,신호위반,건조,맑음,교차로 - 교차로안,승용,여,63세,상해없음,승용,여,54세,경상
2022101200100002,2022년 10월 12일 00시,수요일,부산광역시 수영구 광안동,경상사고,0,0,3,0,차대차 - 추돌,안전운전불이행,건조,맑음,교차로 - 교차로안,승용,남,29세,상해없음,승용,남,59세,경상
2022101200100018,2022년 10월 12일 02시,수요일,부산광역시 금정구 부곡동,경상사고,0,0,1,0,차대차 - 추돌,안전운전불이행,건조,맑음,교차로 - 교차로부근,승용,남,47세,상해없음,승용,남,66세,경상
2022101200100027,2022년 10월 12일 05시,수요일,부산광역시 서구 동대신동1가,중상사고,0,1,0,0,차대사람 - 기타,안전운전불이행,건조,맑음,단일로 - 기타,승용,남,57세,상해없음,보행자,여,76세,중상
2022101200100034,2022년 10월 12일 06시,수요일,부산광역시 부산진구 양정동,경상사고,0,0,1,0,차대차 - 기타,안전운전불이행,건조,맑음,기타 - 기타,이륜,남,26세,상해없음,승용,남,28세,경상
2022101200100056,2022년 10월 12일 07시,수요일,부산광역시 북구 만덕동,경상사고,0,0,1,0,차대차 - 기타,교차로운행방법위반,건조,맑음,교차로 - 교차로안,승용,남,30세,상해없음,승용,여,40세,경상
2022101200100057,2022년 10월 12일 07시,수요일,부산광역시 동래구 안락동,경상사고,0,0,1,0,차대차 - 추돌,안전운전불이행,건조,맑음,단일로 - 기타,화물,남,36세,상해없음,승용,여,26세,경상
2022101200100099,2022년 10월 12일 08시,수요일,부산광역시 동구 좌천동,중상사고,0,1,0,0,차대차 - 측면충돌,안전운전불이행,건조,맑음,단일로 - 기타,승용,남,64세,상해없음,승용,여,50세,상해없음
2.0221E+15,2022년 10월 12일 08시,수요일,부산광역시 동래구 사직동,경상사고,0,0,1,0,차대차 - 측면충돌,안전거리미확보,건조,맑음,교차로 - 교차로부근,건설기계,남,60세,상해없음,승용,남,34세,경상
2022101200100101,2022년 10월 12일 08시,수요일,부산광역시 해운대구 우동,경상사고,0,0,1,0,차대차 - 측면충돌,신호위반,건조,맑음,단일로 - 터널,화물,남,65세,상해없음,승용,남,32세,경상
2022101200100103,2022년 10월 12일 08시,수요일,부산광역시 사상구 학장동,경상사고,0,0,1,0,차대차 - 추돌,안전운전불이행,건조,맑음,단일로 - 기타,승용,남,84세,상해없음,승용,남,50세,경상
2022101200100184,2022년 10월 12일 10시,수요일,부산광역시 동래구 온천동,경상사고,0,0,1,0,차대차 - 측면충돌,안전거리미확보,건조,맑음,교차로 - 교차로안,승용,남,63세,상해없음,승용,남,25세,경상
2022101200100211,2022년 10월 12일 11시,수요일,부산광역시 강서구 지사동,경상사고,0,0,1,0,차대차 - 추돌,안전운전불이행,건조,맑음,교차로 - 교차로부근,승용,여,42세,상해없음,승용,여,36세,경상
2022101200100247,2022년 10월 12일 12시,수요일,부산광역시 기장군 기장읍,경상사고,0,0,1,0,차대차 - 기타,안전운전불이행,건조,맑음,단일로 - 기타,이륜,남,47세,상해없음,승용,여,49세,경상
2022101200100353,2022년 10월 12일 15시,수요일,부산광역시 연제구 연산동,부상신고사고,0,0,0,1,차대차 - 기타,차로위반,건조,맑음,단일로 - 기타,이륜,남,22세,상해없음,이륜,남,24세,부상신고
2022101200100381,2022년 10월 12일 16시,수요일,부산광역시 서구 동대신동2가,경상사고,0,0,1,0,차대사람 - 횡단중,기타,건조,맑음,단일로 - 기타,승용,남,36세,상해없음,보행자,여,66세,경상
2022101200100382,2022년 10월 12일 16시,수요일,부산광역시 해운대구 우동,중상사고,0,1,0,0,차대차 - 측면충돌,신호위반,건조,맑음,단일로 - 교량,승용,여,71세,상해없음,승용,남,42세,중상
2022101200100383,2022년 10월 12일 16시,수요일,부산광역시 부산진구 부전동,경상사고,0,0,1,0,차대차 - 기타,안전거리미확보,건조,맑음,기타 - 기타,승용,여,51세,상해없음,화물,남,49세,경상
2022101200100384,2022년 10월 12일 16시,수요일,부산광역시 사하구 신평동,경상사고,0,0,2,0,차대차 - 정면충돌,안전운전불이행,건조,맑음,교차로 - 교차로안,승용,여,55세,경상,승용,남,39세,경상
2022101200100428,2022년 10월 12일 17시,수요일,부산광역시 동구 수정동,경상사고,0,0,1,0,차대차 - 추돌,안전운전불이행,건조,맑음,교차로 - 교차로부근,승용,남,79세,상해없음,승용,여,29세,경상
2022101200100429,2022년 10월 12일 17시,수요일,부산광역시 동래구 온천동,경상사고,0,0,1,0,차대사람 - 차도통행중,안전운전불이행,건조,맑음,단일로 - 기타,화물,남,39세,상해없음,보행자,여,10세,경상
2.0221E+15,2022년 10월 12일 17시,수요일,부산광역시 금정구 장전동,부상신고사고,0,0,0,1,차대차 - 추돌,안전거리미확보,건조,맑음,교차로 - 교차로부근,승용,남,86세,상해없음,이륜,남,42세,부상신고
2022101200100431,2022년 10월 12일 17시,수요일,부산광역시 사상구 덕포동,경상사고,0,0,1,0,차대차 - 추돌,기타,건조,맑음,단일로 - 지하차도(도로)내,승용,남,61세,상해없음,이륜,남,49세,경상
2022101200100474,2022년 10월 12일 18시,수요일,부산광역시 중구 부평동1가,중상사고,0,1,0,0,차대차 - 측면충돌,안전운전불이행,건조,맑음,교차로 - 교차로안,이륜,남,86세,상해없음,이륜,남,53세,중상
2022101200100475,2022년 10월 12일 18시,수요일,부산광역시 해운대구 반여동,중상사고,0,1,0,0,차대사람 - 기타,안전운전불이행,건조,맑음,단일로 - 기타,이륜,남,29세,상해없음,보행자,여,10세,중상
2022101200100476,2022년 10월 12일 18시,수요일,부산광역시 연제구 연산동,중상사고,0,1,0,0,차대사람 - 횡단중,보행자보호의무위반,건조,맑음,단일로 - 기타,승용,여,55세,상해없음,보행자,남,50세,중상
2022101200100477,2022년 10월 12일 18시,수요일,부산광역시 연제구 연산동,경상사고,0,0,1,0,차대차 - 추돌,기타,건조,맑음,교차로 - 교차로부근,승용,남,38세,상해없음,승용,여,56세,경상
2022101200100533,2022년 10월 12일 19시,수요일,부산광역시 강서구 녹산동,경상사고,0,0,1,0,차대차 - 측면충돌,안전운전불이행,건조,맑음,단일로 - 기타,화물,남,59세,상해없음,승용,여,60세,경상
2022101200100577,2022년 10월 12일 20시,수요일,부산광역시 해운대구 재송동,경상사고,0,0,1,0,차대차 - 기타,차로위반,기타,맑음,교차로 - 교차로안,승용,남,74세,상해없음,승용,남,29세,경상
2022101200100578,2022년 10월 12일 20시,수요일,부산광역시 사하구 괴정동,경상사고,0,0,1,0,차대사람 - 횡단중,신호위반,건조,맑음,단일로 - 기타,이륜,남,50세,상해없음,보행자,여,44세,경상
2022101200100627,2022년 10월 12일 22시,수요일,부산광역시 해운대구 좌동,경상사고,0,0,2,0,차대차 - 추돌,안전운전불이행,건조,맑음,교차로 - 교차로부근,승용,여,29세,상해없음,승합,남,43세,경상
2022101300100005,2022년 10월 13일 00시,목요일,부산광역시 동래구 안락동,경상사고,0,0,1,0,차대사람 - 횡단중,보행자보호의무위반,건조,맑음,교차로 - 교차로횡단보도내,승용,남,38세,상해없음,보행자,남,42세,경상
2022101300100012,2022년 10월 13일 01시,목요일,부산광역시 금정구 남산동,경상사고,0,0,1,0,차대차 - 기타,안전운전불이행,건조,맑음,교차로 - 교차로안,승용,남,63세,상해없음,승합,남,65세,경상
2022101300100019,2022년 10월 13일 02시,목요일,부산광역시 사하구 당리동,중상사고,0,1,0,0,차량단독 - 기타,안전운전불이행,건조,맑음,단일로 - 기타,승용,남,64세,상해없음,,,,
2022101300100029,2022년 10월 13일 03시,목요일,부산광역시 해운대구 우동,경상사고,0,0,1,0,차대차 - 정면충돌,안전운전불이행,건조,맑음,교차로 - 교차로부근,승용,남,42세,기타불명,화물,남,61세,경상
2022101300100034,2022년 10월 13일 04시,목요일,부산광역시 금정구 남산동,중상사고,0,1,0,0,차량단독 - 공작물충돌,안전운전불이행,건조,맑음,단일로 - 기타,이륜,남,22세,상해없음,,,,
2022101300100043,2022년 10월 13일 05시,목요일,부산광역시 서구 동대신동2가,경상사고,0,0,1,0,차대차 - 측면충돌,안전거리미확보,건조,맑음,단일로 - 기타,승합,남,67세,상해없음,승용,남,29세,경상
2022101300100044,2022년 10월 13일 05시,목요일,부산광역시 부산진구 부전동,중상사고,0,1,0,0,차량단독 - 기타,안전운전불이행,건조,맑음,교차로 - 교차로부근,이륜,남,27세,중상,,,,
2022101300100051,2022년 10월 13일 06시,목요일,부산광역시 동래구 안락동,중상사고,0,1,0,0,차대차 - 측면충돌,안전운전불이행,건조,맑음,교차로 - 교차로안,승용,남,69세,상해없음,이륜,여,60세,중상
2022101300100052,2022년 10월 13일 06시,목요일,부산광역시 부산진구 개금동,경상사고,0,0,1,0,차대차 - 기타,신호위반,건조,맑음,교차로 - 교차로횡단보도내,승용,남,71세,상해없음,자전거,남,53세,경상
2022101300100053,2022년 10월 13일 06시,목요일,부산광역시 부산진구 부암동,부상신고사고,0,0,0,1,차대차 - 측면충돌,안전운전불이행,건조,맑음,교차로 - 교차로안,승용,남,40세,부상신고,화물,남,45세,상해없음
2022101300100071,2022년 10월 13일 07시,목요일,부산광역시 동래구 명륜동,경상사고,0,0,1,2,차대차 - 측면충돌,교차로운행방법위반,건조,맑음,단일로 - 기타,승용,여,69세,상해없음,승용,남,51세,경상
2.0221E+15,2022년 10월 13일 08시,목요일,부산광역시 사하구 괴정동,경상사고,0,0,1,1,차대사람 - 횡단중,안전운전불이행,건조,맑음,단일로 - 기타,승용,여,52세,부상신고,보행자,여,13세,경상
2022101300100101,2022년 10월 13일 08시,목요일,부산광역시 강서구 명지동,중상사고,0,1,0,0,차대차 - 기타,신호위반,건조,맑음,단일로 - 기타,승용,남,50세,상해없음,승합,남,54세,상해없음
2022101300100148,2022년 10월 13일 09시,목요일,부산광역시 해운대구 반여동,경상사고,0,0,1,0,차대사람 - 보도통행중,보행자보호의무위반,건조,맑음,교차로 - 교차로횡단보도내,승용,여,42세,상해없음,보행자,여,57세,경상
2022101300100149,2022년 10월 13일 09시,목요일,부산광역시 부산진구 부전동,중상사고,0,1,0,0,차대차 - 측면충돌,안전운전불이행,건조,맑음,기타 - 기타,승용,남,30세,상해없음,승용,남,62세,중상
2022101300100224,2022년 10월 13일 11시,목요일,부산광역시 부산진구 가야동,경상사고,0,0,1,0,차대차 - 추돌,안전운전불이행,건조,맑음,단일로 - 기타,승용,남,20세,상해없음,승용,남,52세,상해없음
2022101300100225,2022년 10월 13일 11시,목요일,부산광역시 부산진구 전포동,경상사고,0,0,1,0,차대사람 - 기타,안전운전불이행,건조,맑음,기타 - 기타,승용,여,54세,상해없음,보행자,남,39세,경상
2022101300100253,2022년 10월 13일 12시,목요일,부산광역시 남구 대연동,경상사고,0,0,2,0,차대차 - 기타,교차로운행방법위반,건조,맑음,교차로 - 교차로부근,화물,남,44세,상해없음,승용,남,34세,경상
2022101300100254,2022년 10월 13일 12시,목요일,부산광역시 동래구 수안동,경상사고,0,0,1,0,차대차 - 기타,안전거리미확보,건조,맑음,단일로 - 기타,건설기계,남,65세,상해없음,승용,남,34세,경상
2022101300100278,2022년 10월 13일 13시,목요일,부산광역시 동구 수정동,중상사고,0,1,0,0,차량단독 - 공작물충돌,안전운전불이행,건조,맑음,단일로 - 지하차도(도로)내,이륜,남,49세,중상,,,,
2022101300100314,2022년 10월 13일 14시,목요일,부산광역시 해운대구 중동,경상사고,0,0,1,0,차대사람 - 기타,안전운전불이행,건조,맑음,기타 - 기타,승용,여,60세,상해없음,보행자,남,89세,경상
2022101300100387,2022년 10월 13일 16시,목요일,부산광역시 사하구 장림동,경상사고,0,0,1,0,차대차 - 기타,안전운전불이행,건조,맑음,교차로 - 교차로안,승용,여,56세,상해없음,특수,남,47세,경상
2022101300100388,2022년 10월 13일 16시,목요일,부산광역시 사상구 주례동,경상사고,0,0,1,0,차대차 - 정면충돌,안전운전불이행,건조,맑음,교차로 - 교차로안,승용,남,69세,상해없음,이륜,남,34세,경상
2022101300100432,2022년 10월 13일 17시,목요일,부산광역시 서구 충무동1가,경상사고,0,0,1,0,차대차 - 측면충돌,교차로운행방법위반,건조,맑음,교차로 - 교차로안,승용,남,42세,상해없음,승용,남,45세,경상
2022101300100433,2022년 10월 13일 17시,목요일,부산광역시 영도구 청학동,중상사고,0,1,0,0,차대차 - 측면충돌,안전운전불이행,건조,맑음,기타 - 기타,승합,남,48세,상해없음,이륜,남,81세,중상
2022101300100434,2022년 10월 13일 17시,목요일,부산광역시 사하구 구평동,경상사고,0,0,1,0,차대차 - 기타,안전거리미확보,건조,맑음,단일로 - 지하차도(도로)내,승용,남,27세,상해없음,승용,남,31세,경상
2022101300100435,2022년 10월 13일 17시,목요일,부산광역시 연제구 연산동,경상사고,0,0,1,0,차대차 - 기타,안전운전불이행,건조,맑음,교차로 - 교차로안,승용,남,56세,상해없음,이륜,남,19세,경상
2022101300100436,2022년 10월 13일 17시,목요일,부산광역시 강서구 신호동,경상사고,0,0,1,0,차대차 - 추돌,안전운전불이행,건조,기타,교차로 - 교차로부근,승용,남,53세,상해없음,승용,남,69세,경상
2022101300100437,2022년 10월 13일 17시,목요일,부산광역시 강서구 명지동,경상사고,0,0,1,0,차대차 - 측면충돌,불법유턴,건조,맑음,교차로 - 교차로부근,이륜,남,53세,상해없음,이륜,남,37세,경상
2022101300100484,2022년 10월 13일 18시,목요일,부산광역시 중구 보수동1가,중상사고,0,1,0,0,차대차 - 측면충돌,교차로운행방법위반,건조,맑음,교차로 - 교차로안,승용,남,33세,상해없음,이륜,남,46세,중상
2022101300100485,2022년 10월 13일 18시,목요일,부산광역시 금정구 장전동,경상사고,0,0,1,0,차대차 - 기타,안전운전불이행,건조,맑음,단일로 - 기타,승용,여,53세,상해없음,승용,여,67세,경상
2022101300100486,2022년 10월 13일 18시,목요일,부산광역시 사상구 감전동,경상사고,0,0,2,0,차대차 - 측면충돌,신호위반,건조,맑음,교차로 - 교차로안,승용,남,65세,기타불명,승용,남,31세,경상
2022101300100535,2022년 10월 13일 19시,목요일,부산광역시 사하구 하단동,중상사고,0,1,0,0,차대차 - 추돌,안전운전불이행,건조,맑음,교차로 - 교차로부근,승용,여,68세,상해없음,이륜,남,39세,중상
2022101300100575,2022년 10월 13일 20시,목요일,부산광역시 서구 아미동2가,부상신고사고,0,0,0,1,차대차 - 측면충돌,중앙선침범,건조,맑음,단일로 - 기타,승합,남,44세,상해없음,승용,여,51세,부상신고
2022101300100576,2022년 10월 13일 20시,목요일,부산광역시 부산진구 가야동,경상사고,0,0,1,0,차대차 - 기타,중앙선침범,건조,맑음,단일로 - 기타,승용,남,61세,상해없음,이륜,남,39세,경상
2022101300100577,2022년 10월 13일 20시,목요일,부산광역시 부산진구 부전동,중상사고,0,1,0,1,차대차 - 측면충돌,차로위반,건조,맑음,단일로 - 기타,원동기,남,54세,부상신고,승합,남,51세,상해없음
2022101300100578,2022년 10월 13일 20시,목요일,부산광역시 연제구 연산동,경상사고,0,0,1,0,차대차 - 정면충돌,교차로운행방법위반,건조,맑음,교차로 - 교차로안,이륜,남,35세,상해없음,자전거,남,13세,경상
2022101300100607,2022년 10월 13일 21시,목요일,부산광역시 연제구 연산동,경상사고,0,0,1,0,차대차 - 기타,안전운전불이행,건조,맑음,단일로 - 기타,승용,남,63세,상해없음,이륜,남,19세,경상
2022101300100608,2022년 10월 13일 21시,목요일,부산광역시 사상구 덕포동,경상사고,0,0,1,0,차대사람 - 보도통행중,기타,건조,맑음,단일로 - 지하차도(도로)내,승용,남,66세,상해없음,보행자,남,33세,경상
2022101300100634,2022년 10월 13일 22시,목요일,부산광역시 동구 초량동,중상사고,0,1,3,0,차대차 - 측면충돌,신호위반,건조,맑음,단일로 - 기타,승용,여,39세,중상,승합,남,57세,경상
2022101400100003,2022년 10월 14일 00시,금요일,부산광역시 해운대구 송정동,중상사고,0,2,0,0,차대차 - 측면충돌,안전운전불이행,건조,맑음,교차로 - 교차로안,화물,남,52세,상해없음,이륜,남,18세,중상
2022101400100038,2022년 10월 14일 05시,금요일,부산광역시 중구 보수동1가,중상사고,0,1,0,0,차대차 - 기타,안전운전불이행,건조,맑음,교차로 - 교차로부근,승용,남,44세,기타불명,이륜,남,59세,중상
2022101400100062,2022년 10월 14일 07시,금요일,부산광역시 남구 대연동,경상사고,0,0,2,0,차대차 - 기타,안전운전불이행,건조,맑음,단일로 - 기타,승용,남,65세,상해없음,승용,남,30세,경상
2022101400100063,2022년 10월 14일 07시,금요일,부산광역시 금정구 부곡동,경상사고,0,0,1,0,차대사람 - 횡단중,보행자보호의무위반,건조,맑음,교차로 - 교차로안,승용,남,45세,상해없음,보행자,남,75세,경상
2022101400100088,2022년 10월 14일 08시,금요일,부산광역시 동구 초량동,경상사고,0,0,1,0,차대차 - 기타,신호위반,건조,맑음,단일로 - 기타,승합,남,55세,상해없음,승용,여,50세,경상
2022101400100089,2022년 10월 14일 08시,금요일,부산광역시 해운대구 중동,경상사고,0,0,1,0,차대차 - 기타,안전운전불이행,기타,맑음,단일로 - 기타,승용,남,71세,상해없음,승용,여,46세,경상
2022101400100137,2022년 10월 14일 09시,금요일,부산광역시 수영구 망미동,경상사고,0,0,1,0,차대차 - 측면충돌,신호위반,건조,맑음,교차로 - 교차로안,승용,남,76세,상해없음,이륜,여,47세,경상
2022101400100179,2022년 10월 14일 11시,금요일,부산광역시 중구 창선동2가,경상사고,0,0,1,0,차대사람 - 차도통행중,안전운전불이행,건조,맑음,단일로 - 기타,화물,남,51세,상해없음,보행자,여,28세,경상
2.0221E+15,2022년 10월 14일 11시,금요일,부산광역시 남구 용당동,경상사고,0,0,2,0,차대차 - 기타,안전운전불이행,건조,맑음,단일로 - 기타,특수,남,67세,상해없음,승용,남,37세,경상
2022101400100181,2022년 10월 14일 11시,금요일,부산광역시 해운대구 좌동,경상사고,0,0,1,0,차대차 - 후진중충돌,안전운전불이행,건조,맑음,교차로 - 교차로부근,화물,남,62세,상해없음,이륜,남,22세,경상
2022101400100217,2022년 10월 14일 12시,금요일,부산광역시 동구 범일동,경상사고,0,0,1,0,차대차 - 측면충돌,안전거리미확보,건조,맑음,단일로 - 기타,승용,남,58세,상해없음,승합,남,53세,경상
2022101400100218,2022년 10월 14일 12시,금요일,부산광역시 서구 서대신동3가,경상사고,0,0,2,0,차대차 - 측면충돌,교차로운행방법위반,건조,맑음,교차로 - 교차로안,이륜,남,37세,경상,승용,남,54세,상해없음
2022101400100219,2022년 10월 14일 12시,금요일,부산광역시 남구 우암동,경상사고,0,0,1,0,차대사람 - 기타,안전운전불이행,건조,맑음,주차장 - 주차장,승용,남,57세,상해없음,보행자,남,49세,경상
2022101400100307,2022년 10월 14일 14시,금요일,부산광역시 부산진구 부전동,중상사고,0,1,0,1,차대차 - 기타,신호위반,건조,맑음,교차로 - 교차로안,승합,남,45세,상해없음,이륜,남,40세,중상
2022101400100308,2022년 10월 14일 14시,금요일,부산광역시 금정구 구서동,경상사고,0,0,1,0,차대사람 - 차도통행중,기타,건조,맑음,기타 - 기타,승용,남,40세,상해없음,보행자,여,75세,경상
2022101400100309,2022년 10월 14일 14시,금요일,부산광역시 금정구 청룡동,경상사고,0,0,1,0,차대차 - 기타,안전거리미확보,건조,맑음,단일로 - 기타,승용,여,60세,상해없음,승용,여,51세,경상
2022101400100346,2022년 10월 14일 15시,금요일,부산광역시 금정구 부곡동,경상사고,0,0,1,0,차대차 - 측면충돌,안전운전불이행,건조,맑음,교차로 - 교차로부근,승용,여,59세,상해없음,승용,남,37세,경상
2022101400100385,2022년 10월 14일 16시,금요일,부산광역시 부산진구 부전동,중상사고,0,3,0,0,차대사람 - 기타,안전운전불이행,건조,맑음,단일로 - 기타,이륜,남,18세,중상,보행자,남,74세,중상
2022101400100386,2022년 10월 14일 16시,금요일,부산광역시 부산진구 연지동,경상사고,0,0,2,0,차대차 - 측면충돌,안전거리미확보,건조,맑음,단일로 - 기타,승용,남,71세,상해없음,승용,여,46세,경상
2022101400100387,2022년 10월 14일 16시,금요일,부산광역시 사하구 신평동,중상사고,0,1,0,0,차대차 - 기타,안전운전불이행,건조,맑음,단일로 - 지하차도(도로)내,특수,남,64세,상해없음,승용,남,33세,상해없음
2022101400100437,2022년 10월 14일 17시,금요일,부산광역시 남구 용호동,경상사고,0,0,1,0,차대차 - 기타,신호위반,건조,맑음,단일로 - 기타,승용,여,44세,상해없음,자전거,여,70세,경상
2022101400100438,2022년 10월 14일 17시,금요일,부산광역시 금정구 구서동,경상사고,0,0,1,0,차대사람 - 횡단중,보행자보호의무위반,건조,맑음,단일로 - 기타,승용,여,54세,상해없음,보행자,남,15세,경상
2022101400100439,2022년 10월 14일 17시,금요일,부산광역시 금정구 부곡동,경상사고,0,0,1,0,차대차 - 측면충돌,안전운전불이행,건조,맑음,단일로 - 기타,승용,남,76세,상해없음,승용,여,45세,경상
2022101400100498,2022년 10월 14일 18시,금요일,부산광역시 사하구 구평동,경상사고,0,0,1,0,차대차 - 추돌,안전거리미확보,건조,맑음,단일로 - 터널,화물,남,67세,상해없음,승용,남,30세,경상
2022101400100499,2022년 10월 14일 18시,금요일,부산광역시 부산진구 범천동,중상사고,0,1,0,0,차대차 - 기타,신호위반,건조,맑음,교차로 - 교차로안,승용,남,59세,상해없음,이륜,남,54세,중상
2.0221E+15,2022년 10월 14일 18시,금요일,부산광역시 부산진구 부전동,경상사고,0,0,1,0,차대차 - 추돌,안전운전불이행,건조,맑음,단일로 - 기타,승용,남,미분류,상해없음,승용,남,45세,경상
2022101400100501,2022년 10월 14일 18시,금요일,부산광역시 금정구 오륜동,경상사고,0,0,2,0,차대차 - 추돌,안전운전불이행,건조,맑음,단일로 - 기타,승용,남,54세,상해없음,화물,남,24세,경상
2022101400100502,2022년 10월 14일 18시,금요일,부산광역시 연제구 연산동,경상사고,0,0,1,0,차대차 - 기타,불법유턴,건조,맑음,단일로 - 기타,승용,남,40세,상해없음,승용,여,43세,경상
2022101400100503,2022년 10월 14일 18시,금요일,부산광역시 강서구 대저2동,경상사고,0,0,1,0,차대차 - 측면충돌,안전운전불이행,건조,맑음,교차로 - 교차로부근,승용,남,26세,상해없음,승용,남,41세,경상
2022101400100504,2022년 10월 14일 18시,금요일,부산광역시 기장군 기장읍,경상사고,0,0,1,0,차대차 - 기타,안전운전불이행,건조,맑음,교차로 - 교차로부근,승용,여,54세,상해없음,승용,여,52세,경상
2022101400100611,2022년 10월 14일 20시,금요일,부산광역시 연제구 연산동,경상사고,0,0,2,0,차대차 - 측면충돌,안전운전불이행,건조,맑음,교차로 - 교차로안,승용,여,26세,상해없음,승용,여,30세,경상
2022101400100635,2022년 10월 14일 21시,금요일,부산광역시 중구 남포동5가,경상사고,0,0,1,0,차량단독 - 기타,안전운전불이행,건조,맑음,단일로 - 기타,승합,남,48세,상해없음,,,,
2022101400100636,2022년 10월 14일 21시,금요일,부산광역시 동래구 사직동,부상신고사고,0,0,0,1,차대차 - 기타,신호위반,건조,맑음,교차로 - 교차로안,이륜,남,18세,상해없음,자전거,남,18세,부상신고
2022101400100637,2022년 10월 14일 21시,금요일,부산광역시 사하구 신평동,중상사고,0,1,0,0,차대차 - 기타,신호위반,건조,맑음,교차로 - 교차로안,승용,남,29세,기타불명,이륜,여,21세,중상
2022101400100638,2022년 10월 14일 21시,금요일,부산광역시 사하구 감천동,경상사고,0,0,1,0,차대차 - 추돌,안전운전불이행,건조,맑음,단일로 - 기타,승용,남,52세,상해없음,화물,남,29세,경상
2022101500100004,2022년 10월 15일 00시,토요일,부산광역시 해운대구 좌동,중상사고,0,1,0,0,차대차 - 추돌,안전운전불이행,건조,맑음,단일로 - 기타,승용,남,49세,상해없음,승용,남,69세,중상
2022101500100033,2022년 10월 15일 02시,토요일,부산광역시 북구 만덕동,경상사고,0,0,1,0,차대차 - 기타,신호위반,건조,맑음,단일로 - 터널,승용,남,59세,상해없음,승용,남,65세,상해없음
2022101500100064,2022년 10월 15일 07시,토요일,부산광역시 부산진구 양정동,경상사고,0,0,1,0,차대차 - 기타,안전운전불이행,건조,맑음,교차로 - 교차로안,승용,여,43세,상해없음,이륜,남,56세,경상
2022101500100076,2022년 10월 15일 08시,토요일,부산광역시 중구 남포동6가,경상사고,0,0,7,0,차대차 - 측면충돌,신호위반,건조,맑음,단일로 - 기타,승용,남,80세,상해없음,승합,남,59세,경상
2022101500100119,2022년 10월 15일 10시,토요일,부산광역시 해운대구 중동,경상사고,0,0,1,0,차대사람 - 기타,안전운전불이행,건조,맑음,기타 - 기타,이륜,여,52세,상해없음,보행자,여,34세,경상
2.0221E+15,2022년 10월 15일 10시,토요일,부산광역시 해운대구 반여동,중상사고,0,1,0,0,차대사람 - 기타,안전운전불이행,건조,맑음,단일로 - 기타,자전거,남,50세,상해없음,보행자,여,73세,중상
2.0221E+15,2022년 10월 15일 11시,토요일,부산광역시 동구 범일동,경상사고,0,0,1,0,차대사람 - 차도통행중,보행자보호의무위반,건조,맑음,단일로 - 기타,화물,남,46세,상해없음,보행자,남,39세,경상
2022101500100151,2022년 10월 15일 11시,토요일,부산광역시 남구 문현동,경상사고,0,0,1,1,차대차 - 기타,안전거리미확보,건조,맑음,교차로 - 교차로부근,승용,여,29세,부상신고,승용,남,26세,경상
2022101500100152,2022년 10월 15일 11시,토요일,부산광역시 사하구 감천동,경상사고,0,0,1,0,차대차 - 정면충돌,중앙선침범,건조,맑음,단일로 - 기타,화물,남,55세,상해없음,승용,남,33세,경상
2022101500100198,2022년 10월 15일 12시,토요일,부산광역시 동래구 사직동,중상사고,0,1,0,0,차대사람 - 횡단중,안전운전불이행,건조,맑음,단일로 - 기타,승용,남,37세,상해없음,보행자,여,78세,중상
2022101500100199,2022년 10월 15일 12시,토요일,부산광역시 영도구 동삼동,경상사고,0,0,4,0,차대차 - 추돌,안전운전불이행,건조,맑음,단일로 - 지하차도(도로)내,승용,여,57세,상해없음,승용,여,31세,경상