사고번호,사고일시,요일,시군구,사고내용,사망자수,중상자수,경상자수,부상신고자수,사고유형,법규위반,노면상태,기상상태,도로형태,가해운전자 차종,가해운전자 성별,가해운전자 연령,가해운전자 상해정도,피해운전자 차종,피해운전자 성별,피해운전자 연령,피해운전자 상해정도
2.0221E+15,2022년 10월 15일 12시,토요일,부산광역시 강서구 신호동,중상사고,0,1,0,0,차대사람 - 차도통행중,안전운전불이행,건조,맑음,교차로 - 교차로부근,승용,남,31세,상해없음,보행자,남,12세,중상
2022101500100239,2022년 10월 15일 13시,토요일,부산광역시 동구 초량동,경상사고,0,0,2,0,차대차 - 측면충돌,교차로운행방법위반,건조,맑음,교차로 - 교차로안,화물,여,48세,상해없음,승합,남,45세,상해없음
2022101500100282,2022년 10월 15일 14시,토요일,부산광역시 부산진구 부전동,부상신고사고,0,0,0,1,차대차 - 기타,차로위반,건조,맑음,교차로 - 교차로부근,이륜,남,43세,부상신고,승용,여,71세,상해없음
2022101500100283,2022년 10월 15일 14시,토요일,부산광역시 사상구 엄궁동,중상사고,0,1,0,0,차대차 - 추돌,안전운전불이행,건조,맑음,단일로 - 기타,자전거,남,82세,중상,자전거,남,39세,상해없음
2022101500100317,2022년 10월 15일 15시,토요일,부산광역시 사하구 하단동,경상사고,0,0,1,0,차대차 - 추돌,안전운전불이행,건조,맑음,단일로 - 기타,승용,남,22세,상해없음,승용,남,76세,경상
2022101500100318,2022년 10월 15일 15시,토요일,부산광역시 사상구 모라동,중상사고,0,2,0,0,차대차 - 추돌,교차로운행방법위반,건조,맑음,단일로 - 지하차도(도로)내,화물,남,71세,상해없음,승용,여,65세,중상
2022101500100368,2022년 10월 15일 16시,토요일,부산광역시 금정구 구서동,경상사고,0,0,1,0,차대차 - 측면충돌,교차로운행방법위반,건조,맑음,교차로 - 교차로안,승용,남,67세,상해없음,이륜,남,30세,경상
2022101500100369,2022년 10월 15일 16시,토요일,부산광역시 사하구 구평동,사망사고,1,0,0,0,차대차 - 기타,안전운전불이행,건조,맑음,단일로 - 기타,건설기계,남,43세,상해없음,승합,남,75세,사망
2022101500100413,2022년 10월 15일 17시,토요일,부산광역시 부산진구 양정동,경상사고,0,0,1,1,차대차 - 기타,안전운전불이행,건조,맑음,교차로 - 교차로안,이륜,남,24세,부상신고,승용,여,33세,경상
2022101500100414,2022년 10월 15일 17시,토요일,부산광역시 기장군 기장읍,경상사고,0,0,2,0,차대차 - 추돌,안전운전불이행,건조,맑음,교차로 - 교차로부근,승용,여,36세,상해없음,화물,남,74세,경상
2022101500100451,2022년 10월 15일 18시,토요일,부산광역시 북구 만덕동,중상사고,0,1,0,0,차대사람 - 기타,안전운전불이행,건조,맑음,교차로 - 교차로부근,승용,남,39세,상해없음,보행자,여,55세,중상
2022101500100452,2022년 10월 15일 18시,토요일,부산광역시 부산진구 연지동,중상사고,0,1,0,0,차량단독 - 기타,기타,건조,맑음,단일로 - 기타,승합,남,38세,상해없음,,,,
2022101500100453,2022년 10월 15일 18시,토요일,부산광역시 연제구 연산동,중상사고,0,1,0,0,차대차 - 기타,안전거리미확보,건조,맑음,단일로 - 기타,승합,남,71세,상해없음,승합,남,33세,상해없음
2022101500100454,2022년 10월 15일 18시,토요일,부산광역시 북구 구포동,중상사고,0,2,2,0,차대차 - 기타,안전운전불이행,건조,맑음,단일로 - 교량,화물,남,52세,상해없음,화물,남,60세,중상
2022101500100501,2022년 10월 15일 19시,토요일,부산광역시 부산진구 당감동,경상사고,0,0,1,0,차대차 - 기타,안전운전불이행,건조,맑음,기타 - 기타,승용,남,47세,경상,승용,남,66세,상해없음
2022101500100528,2022년 10월 15일 20시,토요일,부산광역시 부산진구 부전동,경상사고,0,0,1,0,차대사람 - 기타,안전운전불이행,건조,맑음,단일로 - 기타,승용,남,50세,상해없음,보행자,여,25세,경상
2022101500100586,2022년 10월 15일 22시,토요일,부산광역시 부산진구 범천동,경상사고,0,0,1,0,차대사람 - 기타,안전운전불이행,건조,맑음,교차로 - 교차로안,승용,남,73세,상해없음,보행자,남,63세,경상
2022101600100007,2022년 10월 16일 00시,일요일,부산광역시 부산진구 부암동,중상사고,0,1,0,0,차대사람 - 횡단중,신호위반,건조,맑음,교차로 - 교차로횡단보도내,승용,남,51세,상해없음,보행자,여,31세,중상
2022101600100008,2022년 10월 16일 00시,일요일,부산광역시 부산진구 부전동,경상사고,0,0,1,0,차대차 - 추돌,안전운전불이행,건조,맑음,교차로 - 교차로부근,승용,남,30세,상해없음,승용,여,44세,경상
2022101600100047,2022년 10월 16일 04시,일요일,부산광역시 서구 부용동2가,경상사고,0,0,2,0,차대차 - 기타,교차로운행방법위반,건조,맑음,교차로 - 교차로안,이륜,남,22세,경상,승용,남,65세,경상
2.0221E+15,2022년 10월 16일 06시,일요일,부산광역시 동구 좌천동,경상사고,0,0,1,0,차대차 - 추돌,안전운전불이행,건조,맑음,교차로 - 교차로안,승용,남,37세,상해없음,승용,남,34세,경상
2022101600100081,2022년 10월 16일 07시,일요일,부산광역시 금정구 부곡동,경상사고,0,0,1,0,차대사람 - 차도통행중,안전운전불이행,건조,맑음,단일로 - 기타,자전거,남,46세,상해없음,보행자,여,75세,경상
2022101600100089,2022년 10월 16일 08시,일요일,부산광역시 금정구 금사동,경상사고,0,0,1,0,차량단독 - 기타,안전운전불이행,건조,맑음,기타 - 기타,자전거,남,62세,경상,,,,
2022101600100096,2022년 10월 16일 09시,일요일,부산광역시 사하구 하단동,중상사고,0,1,0,0,차대차 - 측면충돌,안전운전불이행,건조,맑음,단일로 - 기타,승용,여,39세,상해없음,자전거,여,72세,중상
2022101600100118,2022년 10월 16일 10시,일요일,부산광역시 금정구 부곡동,경상사고,0,0,1,0,차대사람 - 기타,안전운전불이행,건조,맑음,기타 - 기타,기타불명,기타불명,미분류,기타불명,보행자,남,22세,경상
2022101600100162,2022년 10월 16일 12시,일요일,부산광역시 서구 동대신동2가,경상사고,0,0,1,0,차대차 - 측면충돌,안전거리미확보,건조,맑음,단일로 - 고가도로위,승용,여,40세,상해없음,승용,여,53세,경상
2022101600100163,2022년 10월 16일 12시,일요일,부산광역시 부산진구 당감동,부상신고사고,0,0,0,1,차대차 - 추돌,안전거리미확보,건조,맑음,교차로 - 교차로안,이륜,남,41세,부상신고,승용,여,28세,상해없음
2022101600100165,2022년 10월 16일 12시,일요일,부산광역시 강서구 송정동,경상사고,0,0,1,0,차대차 - 추돌,안전운전불이행,건조,맑음,교차로 - 교차로부근,승용,남,70세,상해없음,승용,여,31세,경상
2022101600100204,2022년 10월 16일 13시,일요일,부산광역시 동구 초량동,중상사고,0,1,0,0,차대사람 - 보도통행중,기타,건조,맑음,단일로 - 기타,승용,남,56세,상해없음,보행자,남,53세,중상
2022101600100205,2022년 10월 16일 13시,일요일,부산광역시 남구 용호동,경상사고,0,0,1,0,차대차 - 추돌,안전거리미확보,건조,맑음,교차로 - 교차로안,승용,남,38세,상해없음,승용,여,40세,경상
2022101600100225,2022년 10월 16일 14시,일요일,부산광역시 동래구 수안동,경상사고,0,0,1,0,차대사람 - 기타,불법유턴,건조,맑음,교차로 - 교차로안,승용,남,60세,상해없음,보행자,남,48세,경상
2.0221E+15,2022년 10월 16일 16시,일요일,부산광역시 연제구 거제동,중상사고,0,1,1,0,차대차 - 추돌,안전운전불이행,건조,맑음,교차로 - 교차로부근,승용,남,72세,상해없음,승용,여,34세,경상
2022101600100318,2022년 10월 16일 17시,일요일,부산광역시 동구 범일동,경상사고,0,0,1,0,차대차 - 추돌,안전운전불이행,건조,맑음,단일로 - 기타,승용,여,29세,상해없음,승용,여,43세,경상
2022101600100319,2022년 10월 16일 17시,일요일,부산광역시 남구 대연동,경상사고,0,0,2,0,차대차 - 추돌,안전운전불이행,건조,맑음,단일로 - 기타,승용,남,39세,상해없음,승용,여,51세,경상
2022101600100346,2022년 10월 16일 18시,일요일,부산광역시 동구 범일동,중상사고,0,1,1,0,차대차 - 측면충돌,신호위반,건조,맑음,교차로 - 교차로안,원동기,남,53세,경상,승용,남,47세,중상
2022101600100347,2022년 10월 16일 18시,일요일,부산광역시 부산진구 전포동,경상사고,0,0,2,0,차대차 - 기타,안전거리미확보,건조,맑음,교차로 - 교차로안,승용,남,17세,상해없음,승용,남,36세,경상
2022101600100348,2022년 10월 16일 18시,일요일,부산광역시 사하구 신평동,경상사고,0,0,1,0,차대차 - 추돌,안전거리미확보,건조,맑음,교차로 - 교차로부근,승용,남,30세,상해없음,화물,남,65세,경상
2022101600100349,2022년 10월 16일 18시,일요일,부산광역시 연제구 연산동,경상사고,0,0,1,0,차대차 - 기타,안전운전불이행,건조,맑음,단일로 - 기타,원동기,남,29세,경상,승용,남,42세,상해없음
2.0221E+15,2022년 10월 16일 18시,일요일,부산광역시 강서구 대저2동,경상사고,0,0,5,0,차대차 - 기타,안전거리미확보,건조,맑음,단일로 - 기타,승용,여,50세,상해없음,승용,여,45세,경상
2022101600100398,2022년 10월 16일 19시,일요일,부산광역시 동래구 온천동,경상사고,0,0,1,0,차대차 - 기타,안전운전불이행,건조,맑음,기타 - 기타,승용,남,34세,상해없음,승용,여,59세,경상
2022101600100399,2022년 10월 16일 19시,일요일,부산광역시 해운대구 좌동,경상사고,0,0,3,1,차대차 - 측면충돌,차로위반,건조,맑음,단일로 - 기타,이륜,남,50세,경상,승용,여,32세,경상
2.0221E+15,2022년 10월 16일 20시,일요일,부산광역시 서구 암남동,경상사고,0,0,2,0,차대차 - 후진중충돌,안전운전불이행,건조,맑음,교차로 - 교차로부근,승용,여,65세,상해없음,승용,남,71세,상해없음
2022101600100471,2022년 10월 16일 22시,일요일,부산광역시 부산진구 전포동,중상사고,0,1,0,0,차대차 - 기타,신호위반,건조,맑음,교차로 - 교차로안,이륜,남,22세,중상,승용,남,22세,상해없음
2022101600100487,2022년 10월 16일 23시,일요일,부산광역시 금정구 구서동,경상사고,0,0,1,0,차대차 - 측면충돌,안전운전불이행,건조,맑음,단일로 - 기타,승용,남,24세,상해없음,이륜,남,33세,경상
2022101700100001,2022년 10월 17일 00시,월요일,부산광역시 기장군 일광읍,중상사고,0,1,0,0,차대차 - 추돌,안전운전불이행,건조,맑음,단일로 - 기타,승용,남,34세,중상,화물,남,57세,상해없음
2022101700100011,2022년 10월 17일 01시,월요일,부산광역시 동구 범일동,경상사고,0,0,2,0,차대차 - 정면충돌,중앙선침범,건조,맑음,교차로 - 교차로부근,승용,여,28세,상해없음,승용,남,67세,경상
2022101700100021,2022년 10월 17일 04시,월요일,부산광역시 동구 범일동,경상사고,0,0,1,0,차대차 - 측면충돌,안전거리미확보,건조,맑음,교차로 - 교차로안,화물,남,61세,상해없음,승용,여,64세,경상
2022101700100025,2022년 10월 17일 05시,월요일,부산광역시 사하구 다대동,중상사고,0,1,0,0,차대차 - 정면충돌,중앙선침범,건조,맑음,교차로 - 교차로부근,개인형이동수단(PM),남,78세,중상,승용,남,76세,상해없음
2022101700100059,2022년 10월 17일 07시,월요일,부산광역시 사하구 장림동,경상사고,0,0,1,0,차대차 - 측면충돌,안전운전불이행,건조,맑음,단일로 - 기타,승용,여,35세,기타불명,승용,여,49세,경상
2.0221E+15,2022년 10월 17일 07시,월요일,부산광역시 사하구 다대동,중상사고,0,1,0,0,차대차 - 기타,안전운전불이행,건조,맑음,교차로 - 교차로부근,승합,남,62세,상해없음,승용,여,55세,중상
2022101700100094,2022년 10월 17일 08시,월요일,부산광역시 해운대구 재송동,중상사고,0,1,0,0,차대차 - 측면충돌,중앙선침범,건조,맑음,교차로 - 교차로안,승용,남,57세,상해없음,이륜,남,46세,중상
2022101700100138,2022년 10월 17일 09시,월요일,부산광역시 수영구 민락동,중상사고,0,3,1,0,차대차 - 측면충돌,안전운전불이행,건조,맑음,교차로 - 교차로안,승용,남,50세,상해없음,승합,여,51세,경상
2022101700100139,2022년 10월 17일 09시,월요일,부산광역시 동래구 명장동,중상사고,0,1,0,0,차대사람 - 차도통행중,보행자보호의무위반,건조,맑음,단일로 - 기타,화물,남,69세,상해없음,보행자,여,72세,중상
2022101700100181,2022년 10월 17일 10시,월요일,부산광역시 서구 부민동2가,경상사고,0,0,1,0,차대사람 - 횡단중,신호위반,건조,맑음,교차로 - 교차로부근,원동기,남,22세,상해없음,보행자,여,20세,경상
2022101700100182,2022년 10월 17일 10시,월요일,부산광역시 강서구 강동동,중상사고,0,1,0,0,차대차 - 측면충돌,안전운전불이행,건조,맑음,교차로 - 교차로안,화물,남,64세,상해없음,자전거,남,67세,중상
2.0221E+15,2022년 10월 17일 11시,월요일,부산광역시 수영구 남천동,경상사고,0,0,1,0,차대사람 - 차도통행중,안전운전불이행,건조,맑음,교차로 - 교차로안,화물,남,40세,상해없음,보행자,남,76세,경상
2022101700100259,2022년 10월 17일 12시,월요일,부산광역시 사상구 괘법동,경상사고,0,0,1,0,차대차 - 후진중충돌,안전운전불이행,건조,맑음,단일로 - 기타,화물,남,55세,상해없음,이륜,남,30세,경상
2022101700100298,2022년 10월 17일 13시,월요일,부산광역시 동구 초량동,경상사고,0,0,2,0,차대차 - 측면충돌,안전거리미확보,건조,맑음,단일로 - 기타,화물,남,69세,상해없음,승용,남,39세,경상
2022101700100299,2022년 10월 17일 13시,월요일,부산광역시 수영구 남천동,중상사고,0,1,0,0,차대사람 - 횡단중,보행자보호의무위반,건조,맑음,기타 - 기타,승용,남,29세,상해없음,보행자,여,59세,중상
2.0221E+15,2022년 10월 17일 13시,월요일,부산광역시 금정구 부곡동,중상사고,0,1,1,0,차대차 - 측면충돌,안전운전불이행,건조,맑음,단일로 - 기타,승용,여,26세,상해없음,화물,남,48세,경상
2022101700100341,2022년 10월 17일 14시,월요일,부산광역시 중구 중앙동4가,경상사고,0,0,1,0,차대차 - 추돌,안전운전불이행,건조,맑음,교차로 - 교차로부근,승용,남,77세,상해없음,승용,남,45세,경상
2022101700100431,2022년 10월 17일 16시,월요일,부산광역시 수영구 광안동,경상사고,0,0,1,0,차대차 - 기타,안전운전불이행,건조,맑음,기타 - 기타,자전거,남,44세,경상,승용,여,56세,상해없음
2022101700100432,2022년 10월 17일 16시,월요일,부산광역시 북구 만덕동,경상사고,0,0,1,0,차대차 - 측면충돌,신호위반,건조,맑음,단일로 - 기타,승용,남,51세,상해없음,승용,여,68세,경상
2022101700100482,2022년 10월 17일 17시,월요일,부산광역시 수영구 민락동,경상사고,0,0,1,0,차대차 - 기타,교차로운행방법위반,건조,맑음,교차로 - 교차로안,승용,남,40세,상해없음,승합,남,57세,상해없음
2022101700100483,2022년 10월 17일 17시,월요일,부산광역시 해운대구 우동,경상사고,0,0,1,0,차대차 - 추돌,안전운전불이행,건조,맑음,단일로 - 기타,승용,여,65세,상해없음,승용,남,66세,경상
2022101700100484,2022년 10월 17일 17시,월요일,부산광역시 부산진구 개금동,중상사고,0,1,0,0,차량단독 - 기타,안전운전불이행,건조,맑음,단일로 - 기타,원동기,남,40세,중상,,,,
2022101700100485,2022년 10월 17일 17시,월요일,부산광역시 사상구 주례동,중상사고,0,1,0,0,차대차 - 추돌,안전운전불이행,건조,맑음,교차로 - 교차로안,승용,남,70세,상해없음,원동기,남,45세,중상
2022101700100486,2022년 10월 17일 17시,월요일,부산광역시 사상구 주례동,경상사고,0,0,1,0,차대차 - 추돌,안전운전불이행,건조,맑음,교차로 - 교차로부근,승합,남,30세,상해없음,승용,여,31세,경상
2022101700100544,2022년 10월 17일 18시,월요일,부산광역시 서구 토성동1가,경상사고,0,0,1,0,차대차 - 측면충돌,신호위반,건조,맑음,단일로 - 기타,원동기,남,35세,기타불명,원동기,남,44세,경상
2022101700100608,2022년 10월 17일 19시,월요일,부산광역시 수영구 광안동,부상신고사고,0,0,0,2,차대차 - 기타,안전운전불이행,건조,맑음,단일로 - 기타,승합,남,30세,상해없음,개인형이동수단(PM),여,25세,부상신고
2022101700100609,2022년 10월 17일 19시,월요일,부산광역시 영도구 신선동2가,경상사고,0,0,1,0,차대차 - 측면충돌,기타,건조,맑음,교차로 - 교차로안,승용,여,37세,상해없음,승용,여,54세,경상
2.0221E+15,2022년 10월 17일 19시,월요일,부산광역시 부산진구 양정동,중상사고,0,1,0,0,차대차 - 기타,교차로운행방법위반,건조,맑음,교차로 - 교차로안,승용,여,43세,상해없음,이륜,남,58세,중상
2022101700100644,2022년 10월 17일 20시,월요일,부산광역시 수영구 남천동,중상사고,0,3,1,0,차대사람 - 차도통행중,안전운전불이행,건조,맑음,단일로 - 기타,승용,여,70세,상해없음,보행자,남,57세,중상
2022101700100669,2022년 10월 17일 21시,월요일,부산광역시 북구 만덕동,경상사고,0,0,1,0,차대차 - 기타,안전거리미확보,건조,맑음,단일로 - 기타,승용,여,24세,상해없음,승용,여,28세,경상
2.0221E+15,2022년 10월 17일 21시,월요일,부산광역시 해운대구 우동,중상사고,0,1,0,0,차대차 - 기타,신호위반,건조,맑음,교차로 - 교차로안,승용,남,65세,상해없음,이륜,남,60세,중상
2022101700100694,2022년 10월 17일 22시,월요일,부산광역시 수영구 민락동,중상사고,0,1,0,0,차대차 - 기타,신호위반,건조,맑음,교차로 - 교차로안,승용,여,52세,상해없음,이륜,남,37세,중상
2022101700100712,2022년 10월 17일 23시,월요일,부산광역시 연제구 연산동,경상사고,0,0,2,0,차대차 - 추돌,안전운전불이행,건조,맑음,단일로 - 기타,승용,남,31세,상해없음,승용,남,62세,경상
2022101800100031,2022년 10월 18일 05시,화요일,부산광역시 연제구 연산동,경상사고,0,0,1,0,차대사람 - 횡단중,안전운전불이행,건조,맑음,기타 - 기타,승용,남,78세,상해없음,보행자,남,33세,경상
2022101800100088,2022년 10월 18일 08시,화요일,부산광역시 해운대구 우동,경상사고,0,0,1,0,차대차 - 추돌,안전운전불이행,건조,맑음,단일로 - 기타,승용,여,35세,상해없음,승합,남,66세,경상
2022101800100141,2022년 10월 18일 09시,화요일,부산광역시 기장군 정관읍,경상사고,0,0,1,0,차대차 - 추돌,안전운전불이행,건조,맑음,단일로 - 터널,화물,남,32세,상해없음,승용,여,57세,경상
2022101800100173,2022년 10월 18일 10시,화요일,부산광역시 서구 아미동1가,경상사고,0,0,1,0,차대차 - 추돌,안전거리미확보,건조,맑음,단일로 - 기타,승합,남,44세,상해없음,승용,여,28세,상해없음
2022101800100174,2022년 10월 18일 10시,화요일,부산광역시 강서구 송정동,경상사고,0,0,2,0,차대차 - 기타,안전운전불이행,건조,맑음,단일로 - 기타,화물,남,62세,기타불명,승용,여,33세,경상
2022101800100203,2022년 10월 18일 11시,화요일,부산광역시 동구 범일동,경상사고,0,0,3,0,차대차 - 측면충돌,안전운전불이행,건조,맑음,단일로 - 기타,승용,남,75세,경상,승용,여,32세,경상
2022101800100204,2022년 10월 18일 11시,화요일,부산광역시 동래구 낙민동,중상사고,0,1,0,0,차대사람 - 횡단중,신호위반,건조,맑음,단일로 - 기타,화물,남,48세,상해없음,보행자,여,66세,중상
2.0221E+15,2022년 10월 18일 12시,화요일,부산광역시 중구 동광동3가,경상사고,0,0,2,0,차대차 - 측면충돌,교차로운행방법위반,건조,맑음,교차로 - 교차로부근,승합,남,43세,상해없음,승용,여,45세,경상
2022101800100262,2022년 10월 18일 13시,화요일,부산광역시 강서구 성북동,중상사고,0,1,0,0,차대사람 - 횡단중,안전운전불이행,건조,맑음,기타 - 기타,화물,남,55세,상해없음,보행자,남,63세,중상
2022101800100318,2022년 10월 18일 14시,화요일,부산광역시 남구 대연동,중상사고,0,1,0,0,차대차 - 측면충돌,기타,건조,맑음,단일로 - 기타,승용,여,46세,상해없음,이륜,남,40세,중상
2022101800100319,2022년 10월 18일 14시,화요일,부산광역시 부산진구 당감동,경상사고,0,0,1,0,차대사람 - 기타,안전운전불이행,건조,맑음,단일로 - 기타,화물,남,55세,상해없음,보행자,남,44세,경상
2.0221E+15,2022년 10월 18일 14시,화요일,부산광역시 수영구 수영동,경상사고,0,0,1,0,차대사람 - 길가장자리구역통행중,안전운전불이행,건조,맑음,단일로 - 기타,자전거,남,51세,상해없음,보행자,여,78세,경상
2022101800100359,2022년 10월 18일 15시,화요일,부산광역시 영도구 동삼동,경상사고,0,0,1,0,차대사람 - 기타,보행자보호의무위반,건조,맑음,교차로 - 교차로부근,승용,여,30세,상해없음,보행자,여,58세,경상
2.0221E+15,2022년 10월 18일 15시,화요일,부산광역시 해운대구 석대동,중상사고,0,4,3,1,차대차 - 추돌,기타,건조,맑음,단일로 - 기타,승용,남,71세,부상신고,승용,여,67세,중상
2022101800100361,2022년 10월 18일 15시,화요일,부산광역시 부산진구 개금동,경상사고,0,0,3,0,차대차 - 기타,안전거리미확보,건조,맑음,기타 - 기타,승용,남,74세,상해없음,승용,남,29세,상해없음
2022101800100362,2022년 10월 18일 15시,화요일,부산광역시 연제구 거제동,경상사고,0,0,1,0,차대차 - 측면충돌,교차로운행방법위반,건조,맑음,교차로 - 교차로횡단보도내,승용,남,27세,상해없음,자전거,남,8세,경상
2022101800100408,2022년 10월 18일 16시,화요일,부산광역시 수영구 망미동,경상사고,0,0,1,1,차대차 - 추돌,안전운전불이행,건조,맑음,기타 - 기타,승용,여,57세,부상신고,승용,남,73세,경상
2022101800100409,2022년 10월 18일 16시,화요일,부산광역시 강서구 대저1동,경상사고,0,0,1,0,차대사람 - 횡단중,보행자보호의무위반,건조,맑음,교차로 - 교차로횡단보도내,화물,남,49세,상해없음,보행자,여,33세,경상
2.0221E+15,2022년 10월 18일 16시,화요일,부산광역시 강서구 천성동,경상사고,0,0,2,0,차대차 - 추돌,안전운전불이행,건조,맑음,단일로 - 교량,승용,여,59세,상해없음,승용,남,32세,경상
2022101800100411,2022년 10월 18일 16시,화요일,부산광역시 강서구 대저2동,경상사고,0,0,2,0,차대차 - 측면충돌,안전운전불이행,건조,맑음,단일로 - 기타,승용,남,65세,상해없음,승용,남,33세,경상
2.0221E+15,2022년 10월 18일 17시,화요일,부산광역시 중구 동광동3가,경상사고,0,0,1,0,차대사람 - 보도통행중,기타,건조,맑음,단일로 - 기타,이륜,남,24세,상해없음,보행자,여,22세,경상
2022101800100461,2022년 10월 18일 17시,화요일,부산광역시 수영구 광안동,경상사고,0,0,1,0,차대차 - 측면충돌,안전운전불이행,건조,맑음,단일로 - 기타,이륜,남,32세,경상,승용,여,40세,상해없음
2022101800100501,2022년 10월 18일 18시,화요일,부산광역시 수영구 민락동,경상사고,0,0,1,0,차대차 - 추돌,안전운전불이행,건조,맑음,단일로 - 기타,승용,여,28세,상해없음,승용,남,64세,경상
2022101800100502,2022년 10월 18일 18시,화요일,부산광역시 연제구 거제동,경상사고,0,0,1,0,차대차 - 기타,신호위반,건조,맑음,단일로 - 기타,승용,여,48세,상해없음,승용,여,37세,경상
2022101800100601,2022년 10월 18일 20시,화요일,부산광역시 서구 서대신동2가,경상사고,0,0,1,0,차대차 - 측면충돌,안전거리미확보,건조,맑음,단일로 - 기타,승합,남,49세,상해없음,승용,여,34세,경상
2022101800100602,2022년 10월 18일 20시,화요일,부산광역시 동래구 온천동,경상사고,0,0,1,0,차대사람 - 횡단중,안전운전불이행,건조,맑음,단일로 - 기타,승용,남,76세,상해없음,보행자,남,77세,경상
2022101800100603,2022년 10월 18일 20시,화요일,부산광역시 금정구 노포동,경상사고,0,0,1,1,차대차 - 추돌,안전거리미확보,건조,맑음,단일로 - 기타,화물,남,56세,상해없음,승용,남,69세,부상신고
2022101900100002,2022년 10월 19일 00시,수요일,부산광역시 북구 구포동,경상사고,0,0,1,0,차대사람 - 차도통행중,안전운전불이행,건조,맑음,기타 - 기타,원동기,남,26세,상해없음,보행자,여,71세,경상
2022101900100003,2022년 10월 19일 00시,수요일,부산광역시 동래구 명륜동,중상사고,0,1,2,0,차대차 - 기타,안전운전불이행,건조,맑음,교차로 - 교차로안,승용,남,23세,상해없음,승용,남,60세,경상
2.0221E+15,2022년 10월 19일 01시,수요일,부산광역시 부산진구 양정동,중상사고,0,1,0,0,차대사람 - 횡단중,보행자보호의무위반,건조,맑음,단일로 - 기타,승용,남,66세,상해없음,보행자,남,55세,중상
2022101900100049,2022년 10월 19일 07시,수요일,부산광역시 동래구 명장동,경상사고,0,0,1,0,차대차 - 측면충돌,안전운전불이행,건조,맑음,단일로 - 기타,승용,여,62세,상해없음,이륜,남,35세,경상
2022101900100088,2022년 10월 19일 08시,수요일,부산광역시 남구 용당동,경상사고,0,0,1,0,차대차 - 측면충돌,안전운전불이행,건조,맑음,단일로 - 기타,특수,남,53세,상해없음,승용,여,65세,경상
2022101900100089,2022년 10월 19일 08시,수요일,부산광역시 부산진구 개금동,경상사고,0,0,1,0,차대차 - 기타,안전거리미확보,건조,맑음,단일로 - 기타,승용,남,59세,상해없음,승용,남,25세,경상
2022101900100139,2022년 10월 19일 09시,수요일,부산광역시 해운대구 송정동,경상사고,0,0,2,0,차대차 - 기타,안전운전불이행,건조,맑음,단일로 - 기타,건설기계,남,70세,상해없음,승용,여,64세,경상
2022101900100209,2022년 10월 19일 11시,수요일,부산광역시 해운대구 반여동,경상사고,0,0,1,0,차대차 - 측면충돌,교차로운행방법위반,건조,맑음,교차로 - 교차로안,승용,남,71세,상해없음,승용,남,54세,경상
2022101900100241,2022년 10월 19일 12시,수요일,부산광역시 서구 부용동2가,경상사고,0,0,1,0,차대차 - 정면충돌,안전운전불이행,건조,맑음,교차로 - 교차로안,승용,남,62세,상해없음,이륜,남,40세,경상
2022101900100242,2022년 10월 19일 12시,수요일,부산광역시 부산진구 개금동,경상사고,0,0,1,0,차대차 - 추돌,안전거리미확보,건조,맑음,교차로 - 교차로부근,승용,여,35세,상해없음,승용,여,51세,경상
2022101900100243,2022년 10월 19일 12시,수요일,부산광역시 사하구 신평동,중상사고,0,1,0,0,차대차 - 기타,안전운전불이행,건조,맑음,교차로 - 교차로부근,승용,남,68세,상해없음,이륜,남,52세,중상
2022101900100277,2022년 10월 19일 13시,수요일,부산광역시 영도구 남항동1가,경상사고,0,0,1,0,차대차 - 추돌,안전운전불이행,건조,맑음,단일로 - 지하차도(도로)내,이륜,남,48세,기타불명,이륜,남,27세,경상
2022101900100278,2022년 10월 19일 13시,수요일,부산광역시 해운대구 우동,중상사고,0,1,0,0,차대사람 - 기타,안전운전불이행,건조,맑음,교차로 - 교차로안,승용,남,27세,상해없음,보행자,여,61세,중상
2022101900100318,2022년 10월 19일 14시,수요일,부산광역시 해운대구 석대동,중상사고,0,1,1,0,차대차 - 추돌,안전운전불이행,건조,맑음,단일로 - 기타,건설기계,남,65세,상해없음,승용,여,38세,경상
2022101900100319,2022년 10월 19일 14시,수요일,부산광역시 부산진구 양정동,경상사고,0,0,1,0,차대차 - 추돌,안전거리미확보,건조,맑음,단일로 - 기타,화물,남,23세,상해없음,승용,여,55세,경상
2.0221E+15,2022년 10월 19일 14시,수요일,부산광역시 연제구 연산동,중상사고,0,1,0,0,차대차 - 추돌,신호위반,건조,맑음,교차로 - 교차로안,승용,여,63세,상해없음,이륜,남,44세,중상
2022101900100356,2022년 10월 19일 15시,수요일,부산광역시 연제구 연산동,경상사고,0,0,2,0,차대차 - 추돌,신호위반,건조,맑음,교차로 - 교차로안,승용,여,33세,상해없음,승용,남,62세,경상
2022101900100386,2022년 10월 19일 16시,수요일,부산광역시 수영구 민락동,중상사고,0,1,0,0,차대사람 - 횡단중,보행자보호의무위반,건조,맑음,교차로 - 교차로안,화물,남,47세,상해없음,보행자,남,72세,중상