사고번호,사고일시,요일,시군구,사고내용,사망자수,중상자수,경상자수,부상신고자수,사고유형,법규위반,노면상태,기상상태,도로형태,가해운전자 차종,가해운전자 성별,가해운전자 연령,가해운전자 상해정도,피해운전자 차종,피해운전자 성별,피해운전자 연령,피해운전자 상해정도
2.0221E+15,2022년 10월 26일 04시,수요일,부산광역시 동구 초량동,경상사고,0,0,1,0,차대차 - 후진중충돌,안전운전불이행,건조,맑음,교차로 - 교차로부근,승용,남,30세,상해없음,이륜,남,26세,경상
2022102600100068,2022년 10월 26일 07시,수요일,부산광역시 북구 덕천동,경상사고,0,0,1,0,차대사람 - 기타,안전운전불이행,건조,맑음,기타 - 기타,승용,여,61세,기타불명,보행자,남,76세,경상
2022102600100069,2022년 10월 26일 07시,수요일,부산광역시 사하구 구평동,경상사고,0,0,1,0,차대차 - 기타,안전거리미확보,건조,맑음,단일로 - 기타,승용,남,65세,상해없음,이륜,남,31세,경상
2022102600100098,2022년 10월 26일 08시,수요일,부산광역시 서구 아미동1가,경상사고,0,0,2,0,차대차 - 측면충돌,교차로운행방법위반,건조,맑음,교차로 - 교차로안,화물,남,50세,상해없음,승용,여,24세,경상
2022102600100099,2022년 10월 26일 08시,수요일,부산광역시 부산진구 초읍동,경상사고,0,0,1,0,차대차 - 기타,안전거리미확보,건조,맑음,기타 - 기타,승용,남,62세,상해없음,승용,남,43세,경상
2.0221E+15,2022년 10월 26일 08시,수요일,부산광역시 사하구 하단동,경상사고,0,0,1,0,차대차 - 측면충돌,교차로운행방법위반,건조,맑음,교차로 - 교차로안,승용,여,41세,상해없음,승용,여,48세,경상
2022102600100142,2022년 10월 26일 09시,수요일,부산광역시 해운대구 반여동,중상사고,0,1,0,0,차대사람 - 차도통행중,안전운전불이행,건조,맑음,교차로 - 교차로안,승용,여,56세,상해없음,보행자,여,69세,중상
2022102600100143,2022년 10월 26일 09시,수요일,부산광역시 부산진구 부암동,경상사고,0,0,2,0,차대차 - 측면충돌,안전거리미확보,건조,맑음,교차로 - 교차로안,승용,여,50세,상해없음,승용,남,34세,경상
2022102600100144,2022년 10월 26일 09시,수요일,부산광역시 사상구 괘법동,경상사고,0,0,1,0,차대차 - 측면충돌,안전운전불이행,건조,맑음,단일로 - 기타,승용,남,73세,상해없음,승용,남,62세,상해없음
2022102600100183,2022년 10월 26일 10시,수요일,부산광역시 서구 동대신동3가,중상사고,0,1,1,0,차대차 - 측면충돌,안전거리미확보,건조,맑음,단일로 - 기타,승용,여,47세,상해없음,승용,여,38세,중상
2022102600100207,2022년 10월 26일 11시,수요일,부산광역시 기장군 정관읍,경상사고,0,0,2,0,차대차 - 기타,직진우회전진행방해,건조,맑음,교차로 - 교차로안,승용,여,57세,경상,승용,여,42세,경상
2022102600100228,2022년 10월 26일 12시,수요일,부산광역시 중구 대청동2가,경상사고,0,0,1,1,차대차 - 측면충돌,안전운전불이행,건조,맑음,교차로 - 교차로부근,승합,남,64세,상해없음,승용,남,36세,경상
2022102600100229,2022년 10월 26일 12시,수요일,부산광역시 금정구 부곡동,중상사고,0,1,1,0,차대차 - 기타,기타,건조,맑음,교차로 - 교차로안,화물,남,78세,중상,승용,남,58세,경상
2022102600100259,2022년 10월 26일 13시,수요일,부산광역시 중구 중앙동2가,경상사고,0,0,2,0,차대사람 - 보도통행중,기타,건조,맑음,단일로 - 기타,이륜,남,74세,상해없음,보행자,남,51세,경상
2.0221E+15,2022년 10월 26일 14시,수요일,부산광역시 동래구 온천동,경상사고,0,0,2,0,차대차 - 측면충돌,안전거리미확보,건조,맑음,교차로 - 교차로부근,건설기계,남,65세,상해없음,승용,남,71세,경상
2022102600100291,2022년 10월 26일 14시,수요일,부산광역시 사하구 신평동,중상사고,0,1,0,0,차대차 - 추돌,안전운전불이행,건조,맑음,단일로 - 기타,승용,남,71세,상해없음,승합,남,58세,상해없음
2022102600100357,2022년 10월 26일 16시,수요일,부산광역시 부산진구 부전동,경상사고,0,0,2,0,차대차 - 측면충돌,안전거리미확보,건조,맑음,단일로 - 기타,승용,남,38세,상해없음,승합,남,63세,경상
2022102600100358,2022년 10월 26일 16시,수요일,부산광역시 사상구 주례동,중상사고,0,1,0,0,차대차 - 측면충돌,차로위반,건조,맑음,단일로 - 기타,승용,여,33세,상해없음,승용,남,29세,중상
2022102600100396,2022년 10월 26일 17시,수요일,부산광역시 부산진구 부암동,경상사고,0,0,1,0,차량단독 - 기타,안전운전불이행,건조,맑음,단일로 - 기타,승용,남,68세,상해없음,,,,
2022102600100397,2022년 10월 26일 17시,수요일,부산광역시 기장군 정관읍,중상사고,0,1,0,0,차대차 - 측면충돌,안전거리미확보,건조,맑음,교차로 - 교차로부근,승용,남,39세,상해없음,이륜,남,39세,중상
2022102600100445,2022년 10월 26일 18시,수요일,부산광역시 해운대구 재송동,경상사고,0,0,1,0,차대차 - 측면충돌,교차로운행방법위반,건조,맑음,교차로 - 교차로안,승용,남,41세,상해없음,승용,여,36세,경상
2022102600100446,2022년 10월 26일 18시,수요일,부산광역시 수영구 망미동,경상사고,0,0,1,0,차대차 - 추돌,안전운전불이행,건조,맑음,단일로 - 기타,승용,남,57세,상해없음,이륜,남,43세,경상
2022102600100501,2022년 10월 26일 19시,수요일,부산광역시 동구 초량동,경상사고,0,0,1,0,차량단독 - 기타,기타,건조,맑음,단일로 - 기타,승합,남,43세,상해없음,,,,
2022102600100502,2022년 10월 26일 19시,수요일,부산광역시 수영구 광안동,경상사고,0,0,1,0,차대사람 - 기타,안전운전불이행,건조,맑음,단일로 - 기타,승용,남,65세,상해없음,보행자,여,63세,경상
2022102600100503,2022년 10월 26일 19시,수요일,부산광역시 영도구 영선동4가,중상사고,0,1,0,0,차대차 - 기타,중앙선침범,건조,맑음,단일로 - 기타,이륜,남,38세,기타불명,승용,남,33세,기타불명
2022102600100545,2022년 10월 26일 20시,수요일,부산광역시 남구 대연동,중상사고,0,1,1,0,차대사람 - 길가장자리구역통행중,안전운전불이행,건조,맑음,단일로 - 기타,승용,남,34세,상해없음,보행자,남,50세,경상
2022102600100546,2022년 10월 26일 20시,수요일,부산광역시 동래구 사직동,경상사고,0,0,1,0,차대차 - 측면충돌,안전운전불이행,건조,맑음,교차로 - 교차로부근,화물,남,36세,상해없음,승용,남,27세,상해없음
2022102600100576,2022년 10월 26일 21시,수요일,부산광역시 동래구 안락동,경상사고,0,0,3,0,차대차 - 추돌,안전운전불이행,건조,맑음,단일로 - 기타,화물,남,54세,상해없음,승용,남,52세,경상
2022102600100577,2022년 10월 26일 21시,수요일,부산광역시 부산진구 개금동,중상사고,0,3,2,0,차대차 - 추돌,불법유턴,건조,맑음,단일로 - 기타,승용,남,39세,중상,승용,남,18세,경상
2022102600100608,2022년 10월 26일 22시,수요일,부산광역시 동래구 온천동,경상사고,0,0,1,0,차대사람 - 횡단중,안전운전불이행,건조,맑음,교차로 - 교차로부근,승용,남,21세,기타불명,보행자,남,16세,경상
2022102600100625,2022년 10월 26일 23시,수요일,부산광역시 부산진구 개금동,경상사고,0,0,1,0,차량단독 - 기타,안전운전불이행,건조,맑음,단일로 - 기타,승용,남,67세,상해없음,,,,
2022102700100004,2022년 10월 27일 00시,목요일,부산광역시 해운대구 재송동,중상사고,0,2,0,0,차대차 - 추돌,안전운전불이행,건조,맑음,교차로 - 교차로부근,승용,남,29세,상해없음,승용,남,66세,상해없음
2022102700100005,2022년 10월 27일 00시,목요일,부산광역시 사상구 주례동,중상사고,0,1,0,0,차량단독 - 공작물충돌,안전운전불이행,건조,맑음,기타 - 기타,이륜,남,38세,중상,,,,
2022102700100021,2022년 10월 27일 02시,목요일,부산광역시 부산진구 개금동,중상사고,0,1,1,0,차대차 - 기타,안전운전불이행,건조,맑음,단일로 - 기타,승용,남,57세,상해없음,승용,남,65세,중상
2022102700100032,2022년 10월 27일 05시,목요일,부산광역시 동래구 온천동,경상사고,0,0,1,0,차대차 - 추돌,안전운전불이행,건조,맑음,단일로 - 기타,승용,여,65세,상해없음,승용,여,48세,경상
2022102700100063,2022년 10월 27일 07시,목요일,부산광역시 해운대구 반송동,중상사고,0,1,0,0,차대사람 - 차도통행중,기타,건조,맑음,기타 - 기타,화물,남,67세,상해없음,보행자,남,71세,중상
2022102700100104,2022년 10월 27일 08시,목요일,부산광역시 부산진구 양정동,경상사고,0,0,2,0,차대차 - 측면충돌,신호위반,건조,맑음,교차로 - 교차로안,승용,남,76세,기타불명,승용,여,30세,경상
2022102700100147,2022년 10월 27일 09시,목요일,부산광역시 북구 화명동,중상사고,0,1,0,0,차대사람 - 기타,안전운전불이행,건조,맑음,주차장 - 주차장,승용,남,20세,상해없음,보행자,남,68세,중상
2022102700100189,2022년 10월 27일 10시,목요일,부산광역시 동구 좌천동,경상사고,0,0,1,0,차대차 - 측면충돌,기타,건조,맑음,단일로 - 기타,승용,남,72세,상해없음,자전거,남,78세,경상
2.0221E+15,2022년 10월 27일 10시,목요일,부산광역시 부산진구 개금동,중상사고,0,1,0,0,차대사람 - 기타,신호위반,건조,맑음,교차로 - 교차로안,승용,남,69세,상해없음,보행자,여,74세,중상
2022102700100191,2022년 10월 27일 10시,목요일,부산광역시 사하구 장림동,경상사고,0,0,1,0,차대차 - 추돌,안전운전불이행,건조,맑음,단일로 - 기타,승용,남,57세,상해없음,승용,남,58세,경상
2022102700100192,2022년 10월 27일 10시,목요일,부산광역시 수영구 망미동,중상사고,0,1,0,0,차대사람 - 기타,안전운전불이행,건조,맑음,기타 - 기타,자전거,남,61세,상해없음,보행자,여,82세,중상
2022102700100193,2022년 10월 27일 10시,목요일,부산광역시 사상구 주례동,중상사고,0,1,0,0,차대사람 - 횡단중,안전운전불이행,건조,맑음,단일로 - 기타,화물,남,39세,상해없음,보행자,여,60세,중상
2022102700100229,2022년 10월 27일 11시,목요일,부산광역시 동구 수정동,중상사고,0,1,1,0,차대차 - 추돌,안전운전불이행,건조,맑음,단일로 - 기타,승용,남,64세,상해없음,승합,남,35세,경상
2.0221E+15,2022년 10월 27일 11시,목요일,부산광역시 남구 문현동,경상사고,0,0,1,0,차대차 - 기타,안전운전불이행,건조,맑음,단일로 - 지하차도(도로)내,화물,남,76세,상해없음,승용,여,49세,경상
2022102700100231,2022년 10월 27일 11시,목요일,부산광역시 동래구 안락동,경상사고,0,0,1,0,차대차 - 측면충돌,안전거리미확보,건조,맑음,단일로 - 기타,승용,남,35세,기타불명,승용,남,63세,경상
2022102700100257,2022년 10월 27일 12시,목요일,부산광역시 동구 초량동,경상사고,0,0,2,0,차대차 - 측면충돌,교차로운행방법위반,건조,맑음,교차로 - 교차로안,승용,여,58세,경상,승용,남,73세,경상
2022102700100294,2022년 10월 27일 13시,목요일,부산광역시 동래구 명장동,부상신고사고,0,0,0,1,차대사람 - 기타,안전운전불이행,건조,맑음,교차로 - 교차로부근,화물,남,26세,상해없음,보행자,남,66세,부상신고
2.0221E+15,2022년 10월 27일 14시,목요일,부산광역시 수영구 민락동,경상사고,0,0,1,0,차대사람 - 기타,안전운전불이행,건조,맑음,단일로 - 기타,승용,남,37세,상해없음,보행자,여,50세,경상
2022102700100366,2022년 10월 27일 15시,목요일,부산광역시 남구 문현동,중상사고,0,1,0,0,차대사람 - 보도통행중,보행자보호의무위반,건조,맑음,단일로 - 기타,승용,남,55세,상해없음,보행자,남,9세,중상
2022102700100412,2022년 10월 27일 16시,목요일,부산광역시 수영구 광안동,경상사고,0,0,1,0,차대사람 - 차도통행중,안전운전불이행,건조,맑음,단일로 - 기타,자전거,기타불명,미분류,기타불명,보행자,남,21세,경상
2022102700100441,2022년 10월 27일 17시,목요일,부산광역시 중구 대청동3가,부상신고사고,0,0,0,1,차대차 - 추돌,안전운전불이행,건조,맑음,교차로 - 교차로부근,이륜,남,17세,부상신고,승용,여,54세,상해없음
2022102700100442,2022년 10월 27일 17시,목요일,부산광역시 남구 용호동,부상신고사고,0,0,0,1,차량단독 - 공작물충돌,안전운전불이행,건조,맑음,교차로 - 교차로부근,이륜,남,80세,부상신고,,,,
2022102700100443,2022년 10월 27일 17시,목요일,부산광역시 동래구 사직동,경상사고,0,0,1,0,차대차 - 측면충돌,교차로운행방법위반,건조,맑음,단일로 - 기타,승용,남,72세,상해없음,화물,남,66세,경상
2022102700100444,2022년 10월 27일 17시,목요일,부산광역시 부산진구 양정동,경상사고,0,0,1,0,차대차 - 기타,신호위반,건조,맑음,교차로 - 교차로안,승용,남,65세,상해없음,이륜,남,25세,경상
2022102700100445,2022년 10월 27일 17시,목요일,부산광역시 부산진구 부전동,경상사고,0,0,1,0,차대사람 - 차도통행중,안전운전불이행,건조,맑음,교차로 - 교차로안,화물,남,19세,상해없음,보행자,남,31세,경상
2022102700100446,2022년 10월 27일 17시,목요일,부산광역시 금정구 구서동,부상신고사고,0,0,0,1,차대차 - 기타,교차로운행방법위반,건조,맑음,교차로 - 교차로안,승용,남,60세,상해없음,이륜,남,41세,부상신고
2022102700100447,2022년 10월 27일 17시,목요일,부산광역시 금정구 남산동,경상사고,0,0,1,0,차대사람 - 횡단중,보행자보호의무위반,건조,맑음,교차로 - 교차로안,승용,여,71세,상해없음,보행자,남,12세,경상
2022102700100448,2022년 10월 27일 17시,목요일,부산광역시 사하구 장림동,경상사고,0,0,1,0,차대사람 - 횡단중,안전운전불이행,건조,맑음,단일로 - 기타,승용,남,59세,기타불명,보행자,여,10세,경상
2022102700100504,2022년 10월 27일 18시,목요일,부산광역시 동구 초량동,중상사고,0,1,0,0,차대차 - 기타,안전운전불이행,건조,맑음,기타 - 기타,승용,여,54세,상해없음,이륜,여,25세,중상
2022102700100505,2022년 10월 27일 18시,목요일,부산광역시 동래구 온천동,경상사고,0,0,1,0,차대차 - 기타,안전운전불이행,건조,맑음,단일로 - 기타,승용,여,59세,상해없음,자전거,남,11세,경상
2022102700100506,2022년 10월 27일 18시,목요일,부산광역시 강서구 강동동,경상사고,0,0,1,0,차대사람 - 기타,안전운전불이행,건조,맑음,단일로 - 기타,이륜,남,30세,상해없음,보행자,남,82세,경상
2022102700100507,2022년 10월 27일 18시,목요일,부산광역시 기장군 기장읍,경상사고,0,0,4,0,차대차 - 기타,안전운전불이행,건조,맑음,교차로 - 교차로안,화물,남,61세,경상,승용,남,62세,경상
2022102700100563,2022년 10월 27일 19시,목요일,부산광역시 동구 수정동,중상사고,0,1,0,0,차대사람 - 기타,신호위반,건조,맑음,교차로 - 교차로횡단보도내,이륜,남,57세,상해없음,보행자,남,47세,중상
2022102700100564,2022년 10월 27일 19시,목요일,부산광역시 금정구 장전동,경상사고,0,0,1,0,차대사람 - 횡단중,보행자보호의무위반,건조,맑음,교차로 - 교차로횡단보도내,이륜,남,32세,상해없음,보행자,남,58세,경상
2022102700100604,2022년 10월 27일 20시,목요일,부산광역시 동구 범일동,경상사고,0,0,1,0,차대차 - 기타,안전운전불이행,건조,맑음,교차로 - 교차로안,승용,남,46세,경상,화물,남,64세,상해없음
2022102700100629,2022년 10월 27일 21시,목요일,부산광역시 남구 대연동,경상사고,0,0,1,0,차대사람 - 횡단중,보행자보호의무위반,건조,맑음,단일로 - 기타,승용,여,29세,상해없음,보행자,남,66세,경상
2.0221E+15,2022년 10월 27일 21시,목요일,부산광역시 연제구 연산동,경상사고,0,0,1,0,차대사람 - 기타,안전운전불이행,건조,맑음,단일로 - 기타,승용,남,48세,상해없음,보행자,남,53세,경상
2022102700100651,2022년 10월 27일 22시,목요일,부산광역시 해운대구 우동,중상사고,0,1,0,0,차대사람 - 횡단중,안전운전불이행,건조,맑음,단일로 - 기타,승합,남,69세,상해없음,보행자,여,70세,중상
2022102700100652,2022년 10월 27일 22시,목요일,부산광역시 부산진구 개금동,중상사고,0,1,0,0,차대사람 - 횡단중,안전운전불이행,건조,맑음,단일로 - 기타,이륜,남,20세,상해없음,보행자,남,58세,중상
2022102800100003,2022년 10월 28일 00시,금요일,부산광역시 부산진구 부전동,경상사고,0,0,1,0,차대차 - 기타,안전운전불이행,건조,맑음,단일로 - 기타,승용,남,42세,기타불명,승용,남,63세,경상
2022102800100004,2022년 10월 28일 00시,금요일,부산광역시 수영구 수영동,경상사고,0,0,1,0,차대차 - 추돌,안전운전불이행,건조,맑음,교차로 - 교차로안,승용,남,63세,상해없음,이륜,남,38세,경상
2022102800100042,2022년 10월 28일 06시,금요일,부산광역시 남구 대연동,중상사고,0,1,0,0,차대사람 - 횡단중,신호위반,건조,맑음,교차로 - 교차로부근,승용,남,68세,상해없음,보행자,여,28세,중상
2022102800100043,2022년 10월 28일 06시,금요일,부산광역시 강서구 지사동,중상사고,0,1,0,0,차대사람 - 횡단중,보행자보호의무위반,건조,맑음,교차로 - 교차로부근,승용,남,66세,상해없음,보행자,남,69세,중상
2022102800100065,2022년 10월 28일 07시,금요일,부산광역시 금정구 금사동,경상사고,0,0,1,0,차대차 - 측면충돌,교차로운행방법위반,건조,맑음,교차로 - 교차로안,승용,남,60세,상해없음,승용,남,61세,경상
2022102800100096,2022년 10월 28일 08시,금요일,부산광역시 동구 초량동,중상사고,0,1,1,0,차대차 - 측면충돌,기타,건조,맑음,단일로 - 기타,이륜,남,40세,중상,승용,남,48세,경상
2022102800100097,2022년 10월 28일 08시,금요일,부산광역시 동구 범일동,중상사고,0,1,0,0,차대사람 - 기타,안전운전불이행,건조,맑음,단일로 - 기타,승용,남,63세,상해없음,보행자,남,30세,중상
2022102800100098,2022년 10월 28일 08시,금요일,부산광역시 동래구 온천동,경상사고,0,0,1,0,차대차 - 측면충돌,안전거리미확보,건조,맑음,단일로 - 기타,승용,여,50세,상해없음,승용,남,49세,경상
2022102800100099,2022년 10월 28일 08시,금요일,부산광역시 해운대구 우동,경상사고,0,0,1,0,차대사람 - 횡단중,보행자보호의무위반,건조,맑음,교차로 - 교차로안,승용,남,75세,기타불명,보행자,남,9세,경상
2.0221E+15,2022년 10월 28일 08시,금요일,부산광역시 해운대구 송정동,중상사고,0,1,0,0,차대사람 - 횡단중,보행자보호의무위반,건조,맑음,교차로 - 교차로횡단보도내,승용,여,63세,상해없음,보행자,남,73세,중상
2022102800100101,2022년 10월 28일 08시,금요일,부산광역시 부산진구 전포동,경상사고,0,0,1,0,차대사람 - 횡단중,보행자보호의무위반,건조,기타,교차로 - 교차로횡단보도내,화물,남,34세,상해없음,보행자,여,28세,경상
2022102800100102,2022년 10월 28일 08시,금요일,부산광역시 부산진구 당감동,중상사고,0,1,0,0,차대사람 - 횡단중,보행자보호의무위반,건조,맑음,교차로 - 교차로횡단보도내,화물,남,71세,상해없음,보행자,여,71세,중상
2022102800100143,2022년 10월 28일 09시,금요일,부산광역시 영도구 남항동3가,중상사고,0,1,0,0,차대사람 - 기타,안전운전불이행,건조,맑음,교차로 - 교차로안,화물,남,55세,상해없음,보행자,여,75세,중상
2022102800100144,2022년 10월 28일 09시,금요일,부산광역시 부산진구 당감동,경상사고,0,0,1,0,차대차 - 추돌,안전거리미확보,건조,맑음,단일로 - 터널,승용,남,48세,상해없음,승용,남,30세,경상
2022102800100145,2022년 10월 28일 09시,금요일,부산광역시 연제구 연산동,경상사고,0,0,1,0,차대차 - 기타,안전운전불이행,건조,맑음,단일로 - 기타,승용,남,62세,상해없음,이륜,남,47세,경상
2022102800100183,2022년 10월 28일 10시,금요일,부산광역시 중구 중앙동4가,경상사고,0,0,1,0,차대차 - 측면충돌,차로위반,건조,맑음,교차로 - 교차로안,승용,남,66세,상해없음,이륜,남,47세,경상
2022102800100184,2022년 10월 28일 10시,금요일,부산광역시 사하구 감천동,경상사고,0,0,1,0,차대차 - 측면충돌,안전운전불이행,건조,맑음,단일로 - 기타,화물,남,38세,상해없음,승용,남,48세,경상
2022102800100257,2022년 10월 28일 12시,금요일,부산광역시 동래구 명장동,중상사고,0,1,0,0,차대차 - 기타,안전운전불이행,건조,맑음,교차로 - 교차로부근,자전거,남,54세,중상,승용,여,43세,상해없음
2022102800100258,2022년 10월 28일 12시,금요일,부산광역시 해운대구 재송동,경상사고,0,0,1,0,차대사람 - 횡단중,보행자보호의무위반,건조,맑음,단일로 - 기타,이륜,남,22세,상해없음,보행자,남,7세,경상
2022102800100259,2022년 10월 28일 12시,금요일,부산광역시 기장군 철마면,사망사고,1,0,0,0,차대사람 - 기타,안전운전불이행,건조,맑음,기타 - 기타,화물,남,69세,상해없음,보행자,여,80세,사망
2022102800100292,2022년 10월 28일 13시,금요일,부산광역시 동구 범일동,경상사고,0,0,4,0,차대차 - 측면충돌,안전거리미확보,건조,맑음,단일로 - 기타,승용,남,53세,상해없음,승용,남,29세,경상
2022102800100293,2022년 10월 28일 13시,금요일,부산광역시 남구 용호동,중상사고,0,1,0,0,차대사람 - 기타,안전운전불이행,건조,맑음,단일로 - 기타,화물,남,55세,상해없음,보행자,여,81세,중상
2022102800100294,2022년 10월 28일 13시,금요일,부산광역시 남구 용호동,중상사고,0,1,0,0,차대차 - 기타,안전운전불이행,건조,맑음,단일로 - 기타,승용,여,65세,상해없음,이륜,남,59세,중상
2022102800100295,2022년 10월 28일 13시,금요일,부산광역시 동래구 온천동,사망사고,1,0,0,0,차대사람 - 횡단중,안전운전불이행,건조,맑음,교차로 - 교차로부근,특수,남,27세,상해없음,보행자,여,78세,사망
2022102800100296,2022년 10월 28일 13시,금요일,부산광역시 해운대구 우동,중상사고,0,1,0,0,차대사람 - 횡단중,보행자보호의무위반,건조,맑음,단일로 - 기타,이륜,남,82세,상해없음,보행자,남,78세,중상
2022102800100297,2022년 10월 28일 13시,금요일,부산광역시 부산진구 범천동,경상사고,0,0,2,0,차대차 - 측면충돌,안전운전불이행,건조,맑음,단일로 - 기타,승용,남,73세,상해없음,승용,남,32세,경상
2022102800100298,2022년 10월 28일 13시,금요일,부산광역시 수영구 망미동,경상사고,0,0,1,0,차대사람 - 기타,안전운전불이행,건조,맑음,단일로 - 기타,승용,여,25세,상해없음,보행자,여,63세,경상
2022102800100374,2022년 10월 28일 15시,금요일,부산광역시 중구 부평동1가,경상사고,0,0,1,0,차대사람 - 기타,안전운전불이행,건조,맑음,단일로 - 기타,승용,남,42세,상해없음,보행자,남,64세,경상
2022102800100376,2022년 10월 28일 15시,금요일,부산광역시 서구 동대신동2가,중상사고,0,1,0,0,차대사람 - 기타,안전운전불이행,건조,맑음,단일로 - 기타,원동기,남,59세,상해없음,보행자,여,73세,중상
2022102800100377,2022년 10월 28일 15시,금요일,부산광역시 남구 문현동,경상사고,0,0,1,0,차대사람 - 기타,보행자보호의무위반,건조,맑음,기타 - 기타,승용,여,36세,상해없음,보행자,남,44세,경상
2022102800100378,2022년 10월 28일 15시,금요일,부산광역시 부산진구 가야동,경상사고,0,0,1,0,차대차 - 기타,안전거리미확보,건조,맑음,교차로 - 교차로부근,승용,남,59세,상해없음,이륜,남,55세,경상
2022102800100379,2022년 10월 28일 15시,금요일,부산광역시 부산진구 양정동,경상사고,0,0,1,0,차대차 - 기타,안전운전불이행,건조,맑음,단일로 - 기타,승용,남,48세,상해없음,승용,여,43세,경상
2.0221E+15,2022년 10월 28일 15시,금요일,부산광역시 금정구 장전동,경상사고,0,0,1,0,차대사람 - 차도통행중,안전운전불이행,건조,맑음,교차로 - 교차로부근,승합,남,60세,상해없음,보행자,남,33세,경상
2022102800100381,2022년 10월 28일 15시,금요일,부산광역시 연제구 거제동,경상사고,0,0,1,0,차대차 - 추돌,안전운전불이행,건조,맑음,단일로 - 기타,특수,남,52세,상해없음,승용,여,31세,경상
2022102800100382,2022년 10월 28일 15시,금요일,부산광역시 기장군 기장읍,경상사고,0,0,1,0,차대차 - 기타,교차로운행방법위반,건조,맑음,교차로 - 교차로부근,승용,여,59세,상해없음,승용,남,55세,경상
2022102800100431,2022년 10월 28일 16시,금요일,부산광역시 남구 대연동,경상사고,0,0,1,0,차대차 - 측면충돌,안전운전불이행,건조,맑음,교차로 - 교차로안,건설기계,남,65세,기타불명,승용,여,60세,경상
2022102800100432,2022년 10월 28일 16시,금요일,부산광역시 해운대구 재송동,중상사고,0,1,0,0,차대차 - 기타,중앙선침범,건조,맑음,단일로 - 기타,승용,남,53세,상해없음,이륜,남,26세,중상
2022102800100433,2022년 10월 28일 16시,금요일,부산광역시 금정구 구서동,경상사고,0,0,2,0,차대차 - 측면충돌,안전운전불이행,건조,맑음,단일로 - 지하차도(도로)내,승용,여,52세,상해없음,이륜,남,40세,경상
2022102800100474,2022년 10월 28일 17시,금요일,부산광역시 해운대구 좌동,경상사고,0,0,1,0,차대차 - 측면충돌,안전거리미확보,건조,맑음,교차로 - 교차로안,승용,남,45세,상해없음,승용,여,27세,경상
2022102800100475,2022년 10월 28일 17시,금요일,부산광역시 부산진구 부암동,경상사고,0,0,1,0,차대사람 - 기타,안전운전불이행,건조,맑음,단일로 - 기타,승용,여,54세,상해없음,보행자,남,44세,경상
2.0221E+15,2022년 10월 28일 18시,금요일,부산광역시 수영구 광안동,경상사고,0,0,1,0,차대차 - 기타,교차로운행방법위반,건조,맑음,단일로 - 기타,승용,남,25세,상해없음,개인형이동수단(PM),남,15세,경상
2022102800100531,2022년 10월 28일 18시,금요일,부산광역시 부산진구 당감동,경상사고,0,0,1,0,차대차 - 추돌,안전운전불이행,건조,맑음,단일로 - 기타,원동기,남,25세,상해없음,승용,여,28세,경상
2022102800100532,2022년 10월 28일 18시,금요일,부산광역시 금정구 노포동,경상사고,0,0,1,0,차대사람 - 기타,신호위반,건조,맑음,단일로 - 기타,승합,남,60세,상해없음,보행자,여,20세,경상
2022102800100533,2022년 10월 28일 18시,금요일,부산광역시 사하구 감천동,부상신고사고,0,0,0,1,차대차 - 측면충돌,안전거리미확보,건조,맑음,단일로 - 기타,화물,남,67세,상해없음,승용,남,37세,부상신고
2022102800100534,2022년 10월 28일 18시,금요일,부산광역시 강서구 신호동,중상사고,0,1,0,0,차대차 - 측면충돌,안전거리미확보,젖음/습기,맑음,단일로 - 기타,승합,남,60세,상해없음,이륜,남,24세,중상
2022102800100617,2022년 10월 28일 19시,금요일,부산광역시 동구 범일동,경상사고,0,0,3,1,차대차 - 추돌,중앙선침범,젖음/습기,비,단일로 - 고가도로위,승용,남,28세,부상신고,승합,남,51세,경상
2022102800100618,2022년 10월 28일 19시,금요일,부산광역시 남구 우암동,경상사고,0,0,1,0,차대사람 - 횡단중,안전운전불이행,건조,맑음,교차로 - 교차로부근,승용,남,56세,상해없음,보행자,남,32세,경상
2022102800100619,2022년 10월 28일 19시,금요일,부산광역시 북구 구포동,부상신고사고,0,0,0,1,차대차 - 측면충돌,안전운전불이행,건조,맑음,교차로 - 교차로안,승용,남,57세,상해없음,이륜,남,42세,부상신고
2.0221E+15,2022년 10월 28일 19시,금요일,부산광역시 부산진구 연지동,부상신고사고,0,0,0,1,차대차 - 측면충돌,안전운전불이행,건조,맑음,단일로 - 기타,이륜,남,20세,부상신고,승합,남,59세,상해없음
2022102800100621,2022년 10월 28일 19시,금요일,부산광역시 연제구 연산동,경상사고,0,0,1,0,차대차 - 추돌,안전운전불이행,젖음/습기,맑음,단일로 - 기타,승용,여,40세,상해없음,승용,여,44세,경상
2022102800100622,2022년 10월 28일 19시,금요일,부산광역시 기장군 정관읍,중상사고,0,1,0,0,차대차 - 기타,중앙선침범,건조,맑음,교차로 - 교차로부근,원동기,남,70세,상해없음,원동기,남,49세,중상