사고번호,사고일시,요일,시군구,사고내용,사망자수,중상자수,경상자수,부상신고자수,사고유형,법규위반,노면상태,기상상태,도로형태,가해운전자 차종,가해운전자 성별,가해운전자 연령,가해운전자 상해정도,피해운전자 차종,피해운전자 성별,피해운전자 연령,피해운전자 상해정도
2.0221E+15,2022년 10월 28일 20시,금요일,부산광역시 수영구 남천동,경상사고,0,0,3,1,차대차 - 측면충돌,신호위반,젖음/습기,비,교차로 - 교차로안,승용,남,20세,상해없음,승용,남,33세,경상
2022102800100671,2022년 10월 28일 20시,금요일,부산광역시 수영구 남천동,경상사고,0,0,1,0,차대차 - 기타,안전거리미확보,건조,맑음,단일로 - 기타,승용,남,43세,기타불명,승합,남,66세,상해없음
2022102800100672,2022년 10월 28일 20시,금요일,부산광역시 남구 감만동,경상사고,0,0,1,0,차대사람 - 기타,안전운전불이행,젖음/습기,비,단일로 - 기타,승용,남,53세,상해없음,보행자,여,56세,경상
2022102800100673,2022년 10월 28일 20시,금요일,부산광역시 기장군 정관읍,경상사고,0,0,1,0,차대차 - 추돌,안전운전불이행,건조,맑음,교차로 - 교차로부근,승용,여,44세,상해없음,승용,남,30세,경상
2022102800100705,2022년 10월 28일 21시,금요일,부산광역시 동구 수정동,경상사고,0,0,2,0,차대차 - 추돌,안전운전불이행,젖음/습기,흐림,단일로 - 기타,이륜,남,20세,상해없음,승용,남,65세,경상
2022102800100706,2022년 10월 28일 21시,금요일,부산광역시 동구 좌천동,중상사고,0,1,0,0,차대차 - 기타,기타,젖음/습기,흐림,교차로 - 교차로안,승용,남,70세,상해없음,이륜,남,64세,중상
2022102800100707,2022년 10월 28일 21시,금요일,부산광역시 동래구 온천동,경상사고,0,0,2,0,차대차 - 추돌,안전운전불이행,건조,맑음,주차장 - 주차장,승용,남,43세,상해없음,승용,남,27세,경상
2022102900100041,2022년 10월 29일 04시,토요일,부산광역시 부산진구 부전동,경상사고,0,0,2,0,차대차 - 기타,안전거리미확보,건조,맑음,단일로 - 기타,승용,남,65세,상해없음,승용,여,57세,상해없음
2022102900100067,2022년 10월 29일 07시,토요일,부산광역시 사하구 하단동,경상사고,0,0,1,0,차대차 - 측면충돌,안전거리미확보,건조,맑음,단일로 - 기타,승용,남,51세,상해없음,승용,여,63세,경상
2022102900100077,2022년 10월 29일 08시,토요일,부산광역시 영도구 영선동4가,경상사고,0,0,1,0,차대사람 - 기타,안전운전불이행,건조,맑음,단일로 - 기타,승합,남,54세,상해없음,보행자,남,29세,경상
2022102900100078,2022년 10월 29일 08시,토요일,부산광역시 부산진구 가야동,경상사고,0,0,1,0,차대사람 - 기타,안전운전불이행,건조,맑음,단일로 - 기타,승용,여,78세,상해없음,보행자,여,65세,경상
2022102900100133,2022년 10월 29일 10시,토요일,부산광역시 중구 남포동5가,경상사고,0,0,1,0,차대차 - 정면충돌,안전운전불이행,건조,맑음,단일로 - 기타,이륜,남,54세,상해없음,승용,남,29세,경상
2022102900100134,2022년 10월 29일 10시,토요일,부산광역시 해운대구 반여동,중상사고,0,1,0,0,차대사람 - 차도통행중,안전운전불이행,건조,맑음,교차로 - 교차로안,승용,남,26세,상해없음,보행자,남,60세,중상
2022102900100135,2022년 10월 29일 10시,토요일,부산광역시 부산진구 범천동,중상사고,0,1,1,0,차대차 - 측면충돌,안전운전불이행,건조,맑음,교차로 - 교차로부근,승용,여,33세,경상,승용,여,52세,중상
2022102900100174,2022년 10월 29일 11시,토요일,부산광역시 부산진구 부전동,경상사고,0,0,1,0,차대차 - 기타,신호위반,건조,맑음,교차로 - 교차로안,승용,여,50세,상해없음,이륜,남,27세,경상
2022102900100175,2022년 10월 29일 11시,토요일,부산광역시 사상구 주례동,중상사고,0,1,0,0,차대사람 - 기타,안전운전불이행,건조,맑음,교차로 - 교차로안,승용,남,63세,상해없음,보행자,여,67세,중상
2022102900100223,2022년 10월 29일 12시,토요일,부산광역시 부산진구 부전동,중상사고,0,1,0,0,차대차 - 추돌,안전거리미확보,건조,맑음,단일로 - 기타,이륜,남,19세,상해없음,이륜,남,44세,중상
2022102900100257,2022년 10월 29일 13시,토요일,부산광역시 수영구 남천동,중상사고,0,1,1,0,차대차 - 측면충돌,신호위반,건조,맑음,교차로 - 교차로부근,이륜,남,45세,중상,이륜,남,25세,경상
2022102900100258,2022년 10월 29일 13시,토요일,부산광역시 강서구 녹산동,경상사고,0,0,2,0,차대차 - 기타,불법유턴,건조,맑음,단일로 - 기타,승용,남,61세,상해없음,승용,남,47세,경상
2022102900100259,2022년 10월 29일 13시,토요일,부산광역시 기장군 일광읍,중상사고,0,1,0,0,차대차 - 측면충돌,안전운전불이행,건조,맑음,기타 - 기타,승용,남,33세,상해없음,이륜,남,77세,중상
2022102900100292,2022년 10월 29일 14시,토요일,부산광역시 중구 부평동2가,경상사고,0,0,1,0,차대사람 - 길가장자리구역통행중,안전운전불이행,건조,맑음,단일로 - 기타,승용,여,24세,기타불명,보행자,여,47세,경상
2022102900100293,2022년 10월 29일 14시,토요일,부산광역시 서구 동대신동1가,경상사고,0,0,5,0,차대차 - 기타,안전운전불이행,건조,맑음,교차로 - 교차로부근,승용,여,36세,경상,승용,여,36세,경상
2022102900100294,2022년 10월 29일 14시,토요일,부산광역시 동래구 안락동,중상사고,0,1,0,0,차대차 - 기타,중앙선침범,건조,맑음,단일로 - 기타,이륜,남,24세,상해없음,이륜,남,22세,중상
2022102900100295,2022년 10월 29일 14시,토요일,부산광역시 부산진구 부암동,경상사고,0,0,1,0,차대차 - 기타,안전운전불이행,건조,맑음,교차로 - 교차로안,이륜,여,36세,경상,승용,남,60세,상해없음
2022102900100296,2022년 10월 29일 14시,토요일,부산광역시 사하구 하단동,사망사고,1,0,1,0,차대차 - 기타,차로위반,건조,맑음,단일로 - 지하차도(도로)내,건설기계,남,61세,상해없음,승용,남,35세,상해없음
2022102900100337,2022년 10월 29일 15시,토요일,부산광역시 부산진구 부전동,경상사고,0,0,1,0,차대차 - 기타,불법유턴,건조,기타,교차로 - 교차로횡단보도내,이륜,남,27세,기타불명,이륜,남,23세,경상
2022102900100371,2022년 10월 29일 16시,토요일,부산광역시 동래구 명륜동,경상사고,0,0,1,0,차대차 - 후진중충돌,안전운전불이행,건조,맑음,단일로 - 지하차도(도로)내,승용,남,38세,상해없음,이륜,남,36세,경상
2022102900100372,2022년 10월 29일 16시,토요일,부산광역시 사상구 감전동,중상사고,0,1,1,0,차대차 - 측면충돌,신호위반,건조,맑음,교차로 - 교차로안,승용,남,49세,상해없음,승용,남,58세,경상
2022102900100412,2022년 10월 29일 17시,토요일,부산광역시 북구 화명동,경상사고,0,0,1,0,차대사람 - 기타,안전운전불이행,건조,맑음,단일로 - 기타,승용,남,67세,상해없음,보행자,남,49세,경상
2022102900100413,2022년 10월 29일 17시,토요일,부산광역시 강서구 성북동,경상사고,0,0,1,0,차대차 - 측면충돌,안전운전불이행,건조,맑음,단일로 - 기타,기타불명,기타불명,미분류,기타불명,승용,남,40세,경상
2022102900100451,2022년 10월 29일 18시,토요일,부산광역시 수영구 남천동,중상사고,0,1,0,0,차대차 - 기타,안전거리미확보,건조,맑음,단일로 - 기타,승용,남,42세,상해없음,이륜,남,19세,중상
2022102900100452,2022년 10월 29일 18시,토요일,부산광역시 강서구 명지동,경상사고,0,0,2,0,차대차 - 기타,신호위반,건조,맑음,교차로 - 교차로안,승합,남,33세,상해없음,승용,여,51세,경상
2022102900100497,2022년 10월 29일 19시,토요일,부산광역시 남구 대연동,경상사고,0,0,1,0,차대차 - 측면충돌,안전운전불이행,건조,맑음,교차로 - 교차로부근,승용,남,79세,상해없음,이륜,남,39세,경상
2022102900100498,2022년 10월 29일 19시,토요일,부산광역시 부산진구 부전동,경상사고,0,0,1,0,차대사람 - 길가장자리구역통행중,안전운전불이행,건조,맑음,기타 - 기타,기타불명,기타불명,미분류,기타불명,보행자,남,33세,경상
2022102900100536,2022년 10월 29일 20시,토요일,부산광역시 동구 범일동,경상사고,0,0,5,0,차대차 - 측면충돌,안전거리미확보,건조,맑음,교차로 - 교차로부근,승합,남,70세,상해없음,승용,남,33세,경상
2022102900100537,2022년 10월 29일 20시,토요일,부산광역시 서구 서대신동2가,경상사고,0,0,2,0,차대차 - 측면충돌,안전거리미확보,건조,맑음,교차로 - 교차로부근,승용,남,26세,상해없음,승용,남,32세,경상
2022102900100538,2022년 10월 29일 20시,토요일,부산광역시 서구 암남동,경상사고,0,0,1,0,차대사람 - 기타,기타,건조,맑음,단일로 - 지하차도(도로)내,승용,남,61세,상해없음,보행자,여,59세,경상
2022102900100539,2022년 10월 29일 20시,토요일,부산광역시 부산진구 전포동,경상사고,0,0,1,0,차대차 - 측면충돌,신호위반,건조,맑음,교차로 - 교차로부근,승용,남,73세,상해없음,승용,남,26세,경상
2022102900100613,2022년 10월 29일 22시,토요일,부산광역시 남구 대연동,경상사고,0,0,1,0,차대차 - 기타,안전거리미확보,건조,맑음,단일로 - 기타,승용,남,69세,상해없음,승합,남,67세,상해없음
2022102900100614,2022년 10월 29일 22시,토요일,부산광역시 동래구 온천동,경상사고,0,0,2,0,차대차 - 측면충돌,차로위반,건조,맑음,단일로 - 지하차도(도로)내,승용,남,41세,상해없음,승용,남,59세,경상
2022102900100615,2022년 10월 29일 22시,토요일,부산광역시 부산진구 부전동,경상사고,0,0,1,0,차대차 - 측면충돌,신호위반,건조,맑음,교차로 - 교차로안,승용,남,26세,상해없음,이륜,남,23세,경상
2022102900100642,2022년 10월 29일 23시,토요일,부산광역시 해운대구 우동,중상사고,0,1,0,0,차대차 - 측면충돌,신호위반,건조,맑음,교차로 - 교차로부근,이륜,남,38세,중상,승합,남,60세,상해없음
2022102900100643,2022년 10월 29일 23시,토요일,부산광역시 사하구 당리동,중상사고,0,1,0,0,차대사람 - 기타,안전운전불이행,건조,맑음,단일로 - 기타,승용,남,66세,상해없음,보행자,남,48세,중상
2022103000100002,2022년 10월 30일 00시,일요일,부산광역시 부산진구 전포동,부상신고사고,0,0,0,1,차대차 - 기타,신호위반,건조,맑음,교차로 - 교차로안,이륜,남,59세,부상신고,승용,남,62세,상해없음
2022103000100031,2022년 10월 30일 02시,일요일,부산광역시 연제구 거제동,경상사고,0,0,2,0,차대차 - 추돌,안전운전불이행,건조,맑음,기타 - 기타,승용,남,30세,상해없음,승용,남,73세,상해없음
2022103000100043,2022년 10월 30일 03시,일요일,부산광역시 부산진구 부전동,경상사고,0,0,1,1,차대차 - 기타,신호위반,건조,맑음,교차로 - 교차로안,이륜,남,38세,부상신고,승용,남,24세,경상
2022103000100077,2022년 10월 30일 07시,일요일,부산광역시 부산진구 부전동,경상사고,0,0,1,0,차대사람 - 기타,안전운전불이행,건조,맑음,단일로 - 기타,승용,남,19세,상해없음,보행자,남,49세,경상
2022103000100105,2022년 10월 30일 09시,일요일,부산광역시 북구 구포동,중상사고,0,1,0,0,차대사람 - 기타,기타,건조,맑음,단일로 - 기타,승용,남,55세,상해없음,보행자,여,80세,중상
2022103000100125,2022년 10월 30일 10시,일요일,부산광역시 동래구 복천동,중상사고,0,1,0,0,차대사람 - 기타,안전운전불이행,건조,맑음,단일로 - 기타,승용,남,73세,상해없음,보행자,여,80세,중상
2022103000100215,2022년 10월 30일 13시,일요일,부산광역시 사하구 하단동,경상사고,0,0,1,0,차대차 - 측면충돌,신호위반,건조,맑음,교차로 - 교차로안,승용,남,68세,상해없음,이륜,남,27세,경상
2022103000100216,2022년 10월 30일 13시,일요일,부산광역시 수영구 수영동,경상사고,0,0,1,0,차대차 - 추돌,교차로운행방법위반,건조,맑음,교차로 - 교차로안,승용,남,72세,상해없음,승용,남,33세,상해없음
2022103000100245,2022년 10월 30일 14시,일요일,부산광역시 동구 범일동,경상사고,0,0,2,0,차대차 - 측면충돌,안전운전불이행,건조,맑음,교차로 - 교차로안,승용,여,50세,상해없음,승용,남,31세,경상
2022103000100246,2022년 10월 30일 14시,일요일,부산광역시 부산진구 전포동,경상사고,0,0,1,0,차대차 - 기타,안전운전불이행,건조,맑음,교차로 - 교차로안,이륜,남,65세,상해없음,이륜,남,35세,경상
2022103000100247,2022년 10월 30일 14시,일요일,부산광역시 금정구 장전동,경상사고,0,0,1,0,차대차 - 측면충돌,안전운전불이행,건조,맑음,교차로 - 교차로안,승용,남,19세,상해없음,원동기,남,26세,경상
2022103000100248,2022년 10월 30일 14시,일요일,부산광역시 기장군 기장읍,경상사고,0,0,1,0,차대차 - 측면충돌,안전거리미확보,건조,맑음,단일로 - 기타,승용,남,45세,상해없음,승용,남,63세,경상
2022103000100298,2022년 10월 30일 16시,일요일,부산광역시 해운대구 우동,경상사고,0,0,1,0,차대차 - 기타,차로위반,건조,맑음,단일로 - 기타,승용,남,53세,상해없음,승용,여,36세,상해없음
2022103000100299,2022년 10월 30일 16시,일요일,부산광역시 사하구 장림동,경상사고,0,0,1,0,차대차 - 기타,안전운전불이행,건조,맑음,교차로 - 교차로부근,승용,남,42세,상해없음,승합,남,41세,경상
2022103000100358,2022년 10월 30일 18시,일요일,부산광역시 수영구 광안동,경상사고,0,0,2,0,차대차 - 기타,신호위반,건조,맑음,교차로 - 교차로안,이륜,남,31세,경상,이륜,남,49세,경상
2022103000100359,2022년 10월 30일 18시,일요일,부산광역시 금정구 부곡동,중상사고,0,1,0,0,차대차 - 기타,중앙선침범,건조,맑음,단일로 - 기타,승용,여,49세,상해없음,이륜,남,36세,중상
2.0221E+15,2022년 10월 30일 18시,일요일,부산광역시 금정구 구서동,경상사고,0,0,2,0,차대차 - 기타,직진우회전진행방해,건조,맑음,교차로 - 교차로안,승용,남,48세,상해없음,승용,여,62세,경상
2022103000100389,2022년 10월 30일 19시,일요일,부산광역시 사하구 하단동,경상사고,0,0,2,0,차대차 - 기타,신호위반,건조,맑음,교차로 - 교차로부근,승용,남,46세,상해없음,승용,남,45세,경상
2022103000100409,2022년 10월 30일 20시,일요일,부산광역시 남구 대연동,경상사고,0,0,2,0,차대차 - 기타,안전운전불이행,건조,맑음,교차로 - 교차로안,승용,남,33세,상해없음,승용,남,57세,상해없음
2022103000100424,2022년 10월 30일 21시,일요일,부산광역시 서구 동대신동2가,중상사고,0,1,0,0,차대차 - 측면충돌,안전거리미확보,건조,맑음,교차로 - 교차로부근,승용,남,27세,상해없음,이륜,남,26세,중상
2022103100100009,2022년 10월 31일 02시,월요일,부산광역시 연제구 연산동,경상사고,0,0,1,0,차대사람 - 보도통행중,기타,건조,맑음,단일로 - 기타,이륜,남,26세,상해없음,보행자,여,51세,경상
2022103100100074,2022년 10월 31일 08시,월요일,부산광역시 동구 범일동,중상사고,0,1,0,0,차대사람 - 차도통행중,안전운전불이행,건조,맑음,단일로 - 기타,화물,남,57세,상해없음,보행자,여,76세,중상
2022103100100075,2022년 10월 31일 08시,월요일,부산광역시 동래구 명륜동,중상사고,0,1,0,0,차대사람 - 횡단중,보행자보호의무위반,건조,맑음,교차로 - 교차로안,화물,남,54세,상해없음,보행자,남,75세,중상
2022103100100076,2022년 10월 31일 08시,월요일,부산광역시 부산진구 가야동,경상사고,0,0,1,0,차대차 - 기타,차로위반,건조,맑음,단일로 - 기타,승용,남,37세,상해없음,승합,남,61세,상해없음
2022103100100121,2022년 10월 31일 09시,월요일,부산광역시 북구 구포동,경상사고,0,0,1,0,차대차 - 기타,안전거리미확보,건조,맑음,단일로 - 기타,승용,여,36세,상해없음,승용,남,26세,경상
2022103100100122,2022년 10월 31일 09시,월요일,부산광역시 사하구 구평동,경상사고,0,0,2,0,차대차 - 기타,안전거리미확보,건조,맑음,단일로 - 기타,화물,남,69세,경상,승용,여,63세,경상
2022103100100123,2022년 10월 31일 09시,월요일,부산광역시 강서구 대저1동,중상사고,0,1,0,0,차대차 - 측면충돌,기타,건조,맑음,단일로 - 기타,화물,남,74세,상해없음,승용,남,38세,중상
2022103100100187,2022년 10월 31일 11시,월요일,부산광역시 부산진구 연지동,경상사고,0,0,2,0,차대차 - 후진중충돌,안전운전불이행,건조,맑음,단일로 - 기타,화물,남,66세,경상,승용,여,63세,경상
2022103100100224,2022년 10월 31일 12시,월요일,부산광역시 남구 용호동,경상사고,0,0,1,0,차대차 - 추돌,안전운전불이행,건조,맑음,교차로 - 교차로안,승합,남,48세,상해없음,승용,여,72세,경상
2022103100100225,2022년 10월 31일 12시,월요일,부산광역시 동래구 명륜동,경상사고,0,0,1,0,차대사람 - 보도통행중,보행자보호의무위반,건조,맑음,교차로 - 교차로횡단보도내,승용,여,69세,상해없음,보행자,남,63세,경상
2022103100100226,2022년 10월 31일 12시,월요일,부산광역시 사하구 감천동,중상사고,0,1,0,0,차대차 - 측면충돌,교차로운행방법위반,건조,맑음,교차로 - 교차로안,승용,남,55세,상해없음,이륜,남,61세,중상
2022103100100227,2022년 10월 31일 12시,월요일,부산광역시 사하구 장림동,경상사고,0,0,1,0,차대차 - 기타,안전운전불이행,건조,맑음,단일로 - 지하차도(도로)내,화물,남,61세,기타불명,승용,남,49세,경상
2022103100100294,2022년 10월 31일 14시,월요일,부산광역시 남구 대연동,중상사고,0,1,0,0,차대차 - 추돌,안전운전불이행,건조,맑음,단일로 - 기타,승용,남,48세,기타불명,승용,여,34세,중상
2022103100100295,2022년 10월 31일 14시,월요일,부산광역시 연제구 연산동,중상사고,0,1,0,0,차대차 - 추돌,안전운전불이행,건조,맑음,단일로 - 기타,자전거,남,68세,중상,승합,남,64세,상해없음
2022103100100331,2022년 10월 31일 15시,월요일,부산광역시 남구 대연동,경상사고,0,0,1,0,차대차 - 기타,안전운전불이행,건조,맑음,단일로 - 지하차도(도로)내,승합,남,66세,상해없음,승용,남,56세,경상
2022103100100332,2022년 10월 31일 15시,월요일,부산광역시 동래구 온천동,중상사고,0,1,0,0,차대사람 - 횡단중,보행자보호의무위반,건조,맑음,교차로 - 교차로횡단보도내,승용,남,82세,상해없음,보행자,여,75세,중상
2022103100100333,2022년 10월 31일 15시,월요일,부산광역시 강서구 명지동,중상사고,0,1,2,0,차대차 - 기타,안전거리미확보,건조,맑음,교차로 - 교차로부근,승용,남,33세,상해없음,승용,남,43세,경상
2022103100100372,2022년 10월 31일 16시,월요일,부산광역시 수영구 민락동,중상사고,0,1,0,0,차대차 - 추돌,안전운전불이행,건조,맑음,교차로 - 교차로안,화물,남,49세,상해없음,원동기,남,22세,중상
2022103100100373,2022년 10월 31일 16시,월요일,부산광역시 사하구 괴정동,경상사고,0,0,1,0,차대차 - 추돌,안전운전불이행,건조,맑음,단일로 - 기타,승용,여,60세,상해없음,승용,여,47세,경상
2022103100100409,2022년 10월 31일 17시,월요일,부산광역시 서구 동대신동3가,경상사고,0,0,1,0,차대차 - 측면충돌,신호위반,건조,맑음,교차로 - 교차로안,승용,여,55세,상해없음,이륜,남,63세,경상
2.0221E+15,2022년 10월 31일 17시,월요일,부산광역시 기장군 기장읍,경상사고,0,0,1,0,차대차 - 기타,안전운전불이행,건조,맑음,단일로 - 기타,승용,남,60세,상해없음,승용,여,40세,경상
2022103100100452,2022년 10월 31일 18시,월요일,부산광역시 동구 범일동,경상사고,0,0,5,4,차대차 - 측면충돌,신호위반,건조,맑음,단일로 - 기타,승용,남,40세,상해없음,승합,남,48세,경상
2022103100100453,2022년 10월 31일 18시,월요일,부산광역시 수영구 남천동,중상사고,0,1,0,0,차대사람 - 횡단중,보행자보호의무위반,건조,맑음,단일로 - 기타,승용,남,60세,상해없음,보행자,여,50세,중상
2022103100100454,2022년 10월 31일 18시,월요일,부산광역시 해운대구 재송동,경상사고,0,0,2,0,차대차 - 측면충돌,신호위반,건조,맑음,교차로 - 교차로부근,승용,남,69세,상해없음,승용,여,36세,경상
2022103100100455,2022년 10월 31일 18시,월요일,부산광역시 부산진구 당감동,중상사고,0,1,0,0,차대차 - 정면충돌,안전운전불이행,건조,맑음,교차로 - 교차로안,화물,남,51세,상해없음,이륜,남,28세,중상
2022103100100456,2022년 10월 31일 18시,월요일,부산광역시 강서구 명지동,경상사고,0,0,1,0,차대사람 - 횡단중,보행자보호의무위반,건조,맑음,교차로 - 교차로횡단보도내,승용,남,48세,상해없음,보행자,남,7세,경상
2022103100100457,2022년 10월 31일 18시,월요일,부산광역시 강서구 송정동,경상사고,0,0,2,0,차대차 - 정면충돌,신호위반,건조,맑음,교차로 - 교차로안,승용,여,49세,상해없음,화물,남,58세,경상
2022103100100514,2022년 10월 31일 19시,월요일,부산광역시 수영구 수영동,경상사고,0,0,1,0,차대차 - 측면충돌,안전운전불이행,건조,맑음,교차로 - 교차로안,승용,남,69세,상해없음,승용,남,40세,경상
2022103100100548,2022년 10월 31일 20시,월요일,부산광역시 동래구 온천동,중상사고,0,1,0,0,차대사람 - 차도통행중,안전운전불이행,건조,맑음,교차로 - 교차로안,화물,남,63세,상해없음,보행자,남,23세,중상
2022103100100572,2022년 10월 31일 21시,월요일,부산광역시 부산진구 양정동,경상사고,0,0,1,0,차대차 - 추돌,안전운전불이행,건조,맑음,교차로 - 교차로안,승용,여,44세,상해없음,승용,남,63세,경상
2022110100100004,2022년 11월 1일 00시,화요일,부산광역시 동구 수정동,경상사고,0,0,2,0,차대차 - 측면충돌,중앙선침범,건조,맑음,단일로 - 기타,승용,남,40세,상해없음,승용,여,42세,경상
2022110100100029,2022년 11월 1일 03시,화요일,부산광역시 북구 구포동,경상사고,0,0,3,0,차대차 - 기타,안전운전불이행,건조,맑음,교차로 - 교차로안,승용,남,33세,상해없음,승용,남,60세,경상
2.02211E+15,2022년 11월 1일 03시,화요일,부산광역시 동래구 안락동,경상사고,0,0,2,0,차대차 - 측면충돌,안전운전불이행,건조,맑음,단일로 - 기타,승용,남,28세,상해없음,승용,남,66세,경상
2022110100100033,2022년 11월 1일 04시,화요일,부산광역시 사하구 당리동,중상사고,0,1,0,0,차대사람 - 횡단중,신호위반,건조,맑음,단일로 - 기타,승용,남,69세,상해없음,보행자,여,66세,중상
2022110100100034,2022년 11월 1일 04시,화요일,부산광역시 강서구 대저1동,경상사고,0,0,1,0,차대차 - 추돌,안전운전불이행,건조,맑음,단일로 - 기타,건설기계,남,52세,상해없음,화물,남,61세,경상
2022110100100059,2022년 11월 1일 07시,화요일,부산광역시 동구 초량동,경상사고,0,0,2,0,차대차 - 추돌,안전운전불이행,건조,맑음,단일로 - 기타,승용,여,30세,상해없음,승용,여,36세,경상
2022110100100081,2022년 11월 1일 08시,화요일,부산광역시 금정구 부곡동,경상사고,0,0,1,1,차대차 - 측면충돌,신호위반,건조,맑음,교차로 - 교차로안,이륜,남,79세,상해없음,화물,남,53세,경상
2022110100100082,2022년 11월 1일 08시,화요일,부산광역시 금정구 부곡동,경상사고,0,0,1,0,차대차 - 측면충돌,안전운전불이행,건조,맑음,교차로 - 교차로안,승용,남,33세,상해없음,승용,남,68세,경상
2022110100100083,2022년 11월 1일 08시,화요일,부산광역시 사하구 장림동,경상사고,0,0,1,0,차대차 - 후진중충돌,안전운전불이행,건조,맑음,단일로 - 기타,승용,여,75세,상해없음,승용,남,39세,경상
2022110100100084,2022년 11월 1일 08시,화요일,부산광역시 강서구 송정동,경상사고,0,0,3,0,차대차 - 추돌,안전거리미확보,건조,맑음,교차로 - 교차로부근,승용,남,31세,상해없음,승용,남,45세,경상
2022110100100121,2022년 11월 1일 09시,화요일,부산광역시 남구 대연동,경상사고,0,0,2,0,차대차 - 기타,안전거리미확보,건조,맑음,단일로 - 기타,승용,여,42세,상해없음,승용,남,27세,경상
2022110100100174,2022년 11월 1일 11시,화요일,부산광역시 동래구 명장동,중상사고,0,1,0,0,차대차 - 추돌,안전운전불이행,건조,맑음,단일로 - 기타,승용,남,28세,상해없음,승용,여,44세,중상
2022110100100175,2022년 11월 1일 11시,화요일,부산광역시 사하구 다대동,부상신고사고,0,0,0,1,차대차 - 정면충돌,중앙선침범,건조,맑음,단일로 - 기타,이륜,남,25세,부상신고,승용,남,77세,상해없음
2.02211E+15,2022년 11월 1일 12시,화요일,부산광역시 중구 대청동4가,중상사고,0,1,1,0,차대차 - 정면충돌,안전운전불이행,건조,맑음,교차로 - 교차로부근,이륜,남,69세,상해없음,이륜,남,69세,중상
2022110100100211,2022년 11월 1일 12시,화요일,부산광역시 중구 광복동2가,경상사고,0,0,1,0,차대사람 - 보도통행중,기타,건조,맑음,단일로 - 기타,이륜,남,17세,상해없음,보행자,남,28세,경상
2022110100100212,2022년 11월 1일 12시,화요일,부산광역시 해운대구 우동,중상사고,0,1,0,0,차대차 - 측면충돌,신호위반,건조,맑음,교차로 - 교차로안,화물,남,71세,상해없음,이륜,남,68세,중상
2.02211E+15,2022년 11월 1일 14시,화요일,부산광역시 서구 서대신동3가,사망사고,1,0,0,0,차대차 - 추돌,안전운전불이행,건조,맑음,단일로 - 터널,이륜,남,78세,사망,승용,남,51세,상해없음
2022110100100281,2022년 11월 1일 14시,화요일,부산광역시 연제구 연산동,경상사고,0,0,1,0,차대차 - 기타,안전운전불이행,건조,맑음,기타 - 기타,이륜,남,70세,상해없음,자전거,여,55세,경상
2022110100100282,2022년 11월 1일 14시,화요일,부산광역시 수영구 망미동,중상사고,0,1,0,0,차량단독 - 기타,안전운전불이행,건조,맑음,단일로 - 기타,승합,남,64세,상해없음,,,,
2022110100100283,2022년 11월 1일 14시,화요일,부산광역시 강서구 대저1동,경상사고,0,0,1,0,차대차 - 추돌,안전운전불이행,건조,맑음,교차로 - 교차로부근,승용,남,43세,상해없음,화물,남,58세,경상
2022110100100313,2022년 11월 1일 15시,화요일,부산광역시 사상구 괘법동,경상사고,0,0,1,0,차대사람 - 횡단중,보행자보호의무위반,건조,맑음,단일로 - 기타,승용,여,54세,상해없음,보행자,여,19세,경상
2022110100100355,2022년 11월 1일 16시,화요일,부산광역시 중구 남포동2가,중상사고,0,1,0,0,차대사람 - 횡단중,안전운전불이행,건조,맑음,단일로 - 기타,화물,남,55세,상해없음,보행자,남,75세,중상
2022110100100356,2022년 11월 1일 16시,화요일,부산광역시 남구 용당동,중상사고,0,1,2,0,차대차 - 측면충돌,신호위반,건조,맑음,교차로 - 교차로부근,승용,남,미분류,상해없음,승용,남,59세,상해없음
2022110100100399,2022년 11월 1일 17시,화요일,부산광역시 중구 대청동2가,경상사고,0,0,1,0,차대차 - 기타,안전운전불이행,건조,맑음,교차로 - 교차로부근,승용,남,58세,상해없음,승합,남,47세,상해없음
2.02211E+15,2022년 11월 1일 17시,화요일,부산광역시 남구 대연동,경상사고,0,0,2,0,차대차 - 기타,안전거리미확보,건조,맑음,단일로 - 기타,승용,남,65세,경상,이륜,남,59세,경상
2022110100100401,2022년 11월 1일 17시,화요일,부산광역시 부산진구 부암동,중상사고,0,1,0,0,차대차 - 기타,안전운전불이행,건조,맑음,교차로 - 교차로부근,자전거,남,47세,중상,승합,여,59세,상해없음
2022110100100402,2022년 11월 1일 17시,화요일,부산광역시 강서구 명지동,경상사고,0,0,2,0,차대차 - 측면충돌,안전운전불이행,건조,맑음,단일로 - 기타,승용,남,59세,상해없음,승용,남,68세,경상
2022110100100518,2022년 11월 1일 19시,화요일,부산광역시 동래구 사직동,중상사고,0,1,0,0,차대사람 - 횡단중,보행자보호의무위반,건조,맑음,단일로 - 기타,승용,남,39세,상해없음,보행자,여,70세,중상