사고번호,사고일시,요일,시군구,사고내용,사망자수,중상자수,경상자수,부상신고자수,사고유형,법규위반,노면상태,기상상태,도로형태,가해운전자 차종,가해운전자 성별,가해운전자 연령,가해운전자 상해정도,피해운전자 차종,피해운전자 성별,피해운전자 연령,피해운전자 상해정도
2.02211E+15,2022년 11월 1일 19시,화요일,부산광역시 연제구 연산동,중상사고,0,1,0,0,차대차 - 측면충돌,중앙선침범,건조,맑음,단일로 - 기타,건설기계,남,54세,상해없음,이륜,남,34세,중상
2022110100100521,2022년 11월 1일 19시,화요일,부산광역시 연제구 연산동,부상신고사고,0,0,0,1,차대차 - 기타,안전거리미확보,건조,맑음,교차로 - 교차로안,승용,남,57세,상해없음,승용,남,27세,부상신고
2022110100100584,2022년 11월 1일 21시,화요일,부산광역시 중구 대청동4가,경상사고,0,0,1,0,차대차 - 추돌,안전운전불이행,건조,맑음,단일로 - 기타,이륜,남,42세,상해없음,승용,남,68세,경상
2022110100100604,2022년 11월 1일 22시,화요일,부산광역시 금정구 구서동,경상사고,0,0,1,0,차대차 - 측면충돌,안전운전불이행,건조,맑음,교차로 - 교차로안,승용,남,45세,상해없음,이륜,남,22세,경상
2022110100100616,2022년 11월 1일 23시,화요일,부산광역시 연제구 연산동,경상사고,0,0,1,0,차대차 - 추돌,안전운전불이행,건조,맑음,교차로 - 교차로부근,이륜,여,62세,상해없음,이륜,남,34세,경상
2022110100100617,2022년 11월 1일 23시,화요일,부산광역시 연제구 연산동,경상사고,0,0,2,0,차대차 - 추돌,안전운전불이행,건조,맑음,단일로 - 기타,이륜,남,21세,상해없음,승용,남,66세,경상
2022110200100013,2022년 11월 2일 02시,수요일,부산광역시 연제구 연산동,경상사고,0,0,1,0,차대차 - 기타,중앙선침범,건조,맑음,교차로 - 교차로부근,승용,남,58세,상해없음,승용,남,54세,경상
2022110200100041,2022년 11월 2일 06시,수요일,부산광역시 부산진구 부암동,경상사고,0,0,2,0,차대차 - 기타,안전거리미확보,건조,맑음,교차로 - 교차로안,승용,남,46세,경상,화물,남,66세,경상
2022110200100069,2022년 11월 2일 07시,수요일,부산광역시 중구 보수동3가,중상사고,0,1,0,0,차대차 - 측면충돌,안전운전불이행,건조,맑음,단일로 - 기타,승용,남,47세,상해없음,승용,여,45세,상해없음
2022110200100087,2022년 11월 2일 08시,수요일,부산광역시 동구 좌천동,중상사고,0,1,0,0,차대차 - 기타,신호위반,건조,맑음,단일로 - 기타,승용,여,45세,상해없음,승합,남,60세,상해없음
2022110200100088,2022년 11월 2일 08시,수요일,부산광역시 부산진구 전포동,경상사고,0,0,1,0,차대차 - 기타,안전운전불이행,건조,기타,교차로 - 교차로부근,승용,남,49세,상해없음,승용,남,28세,경상
2022110200100089,2022년 11월 2일 08시,수요일,부산광역시 부산진구 개금동,경상사고,0,0,1,0,차대차 - 추돌,안전거리미확보,건조,맑음,단일로 - 고가도로위,승용,남,40세,상해없음,승용,남,39세,경상
2.02211E+15,2022년 11월 2일 08시,수요일,부산광역시 사하구 장림동,경상사고,0,0,2,0,차대차 - 기타,안전운전불이행,건조,맑음,교차로 - 교차로부근,승용,남,72세,상해없음,승용,여,38세,경상
2022110200100091,2022년 11월 2일 08시,수요일,부산광역시 연제구 거제동,경상사고,0,0,1,0,차대사람 - 횡단중,보행자보호의무위반,건조,맑음,단일로 - 기타,승용,여,37세,상해없음,보행자,남,14세,경상
2022110200100092,2022년 11월 2일 08시,수요일,부산광역시 연제구 연산동,경상사고,0,0,1,0,차대사람 - 횡단중,기타,건조,맑음,교차로 - 교차로횡단보도내,승용,남,55세,상해없음,보행자,여,26세,경상
2022110200100093,2022년 11월 2일 08시,수요일,부산광역시 기장군 기장읍,중상사고,0,1,0,0,차대사람 - 기타,안전운전불이행,건조,맑음,기타 - 기타,승합,여,43세,상해없음,보행자,여,25세,중상
2022110200100145,2022년 11월 2일 09시,수요일,부산광역시 해운대구 우동,경상사고,0,0,1,0,차대차 - 측면충돌,안전거리미확보,건조,맑음,단일로 - 고가도로위,승용,여,48세,상해없음,특수,남,61세,경상
2022110200100146,2022년 11월 2일 09시,수요일,부산광역시 수영구 망미동,경상사고,0,0,1,0,차대사람 - 기타,안전운전불이행,건조,맑음,단일로 - 기타,승용,남,64세,상해없음,보행자,남,48세,경상
2022110200100177,2022년 11월 2일 10시,수요일,부산광역시 금정구 장전동,중상사고,0,1,0,0,차대사람 - 기타,보행자보호의무위반,건조,맑음,교차로 - 교차로횡단보도내,승용,여,56세,상해없음,보행자,여,78세,중상
2022110200100178,2022년 11월 2일 10시,수요일,부산광역시 사상구 모라동,중상사고,0,1,0,0,차대차 - 기타,안전운전불이행,건조,맑음,단일로 - 터널,이륜,남,70세,중상,화물,남,58세,상해없음
2022110200100179,2022년 11월 2일 10시,수요일,부산광역시 기장군 일광읍,경상사고,0,0,1,0,차대차 - 추돌,안전운전불이행,건조,맑음,단일로 - 기타,화물,남,27세,기타불명,건설기계,남,53세,경상
2022110200100202,2022년 11월 2일 11시,수요일,부산광역시 서구 아미동2가,경상사고,0,0,1,0,차대차 - 측면충돌,안전거리미확보,건조,맑음,단일로 - 기타,화물,남,38세,상해없음,승용,남,75세,상해없음
2022110200100203,2022년 11월 2일 11시,수요일,부산광역시 남구 용호동,경상사고,0,0,1,0,차대차 - 기타,안전운전불이행,건조,맑음,단일로 - 기타,승용,남,66세,상해없음,승용,여,63세,경상
2022110200100204,2022년 11월 2일 11시,수요일,부산광역시 동래구 온천동,경상사고,0,0,1,0,차대사람 - 차도통행중,중앙선침범,건조,맑음,단일로 - 기타,이륜,남,48세,상해없음,보행자,남,33세,경상
2022110200100205,2022년 11월 2일 11시,수요일,부산광역시 금정구 부곡동,경상사고,0,0,1,0,차대차 - 기타,중앙선침범,건조,맑음,교차로 - 교차로부근,승용,여,56세,상해없음,이륜,남,37세,경상
2022110200100232,2022년 11월 2일 12시,수요일,부산광역시 연제구 거제동,중상사고,0,1,0,0,차대차 - 기타,안전운전불이행,건조,맑음,단일로 - 기타,이륜,남,19세,상해없음,자전거,남,18세,중상
2022110200100255,2022년 11월 2일 13시,수요일,부산광역시 북구 화명동,중상사고,0,1,0,0,차대사람 - 횡단중,신호위반,건조,맑음,교차로 - 교차로횡단보도내,승용,남,23세,상해없음,보행자,여,49세,중상
2022110200100256,2022년 11월 2일 13시,수요일,부산광역시 해운대구 반여동,중상사고,0,1,0,0,차대차 - 기타,안전운전불이행,건조,맑음,단일로 - 기타,승용,여,76세,상해없음,이륜,남,29세,중상
2022110200100291,2022년 11월 2일 14시,수요일,부산광역시 수영구 남천동,경상사고,0,0,1,0,차대차 - 추돌,안전운전불이행,건조,맑음,단일로 - 기타,승용,여,26세,상해없음,승용,남,37세,경상
2022110200100325,2022년 11월 2일 15시,수요일,부산광역시 동구 초량동,경상사고,0,0,1,0,차대차 - 추돌,기타,건조,맑음,교차로 - 교차로부근,승용,남,62세,상해없음,승합,남,37세,경상
2022110200100326,2022년 11월 2일 15시,수요일,부산광역시 수영구 민락동,경상사고,0,0,1,0,차대차 - 측면충돌,안전운전불이행,건조,맑음,교차로 - 교차로안,승용,남,34세,상해없음,승용,남,45세,상해없음
2022110200100364,2022년 11월 2일 16시,수요일,부산광역시 동래구 사직동,경상사고,0,0,1,0,차대사람 - 차도통행중,안전운전불이행,건조,맑음,단일로 - 기타,승용,남,43세,상해없음,보행자,남,63세,경상
2022110200100365,2022년 11월 2일 16시,수요일,부산광역시 금정구 회동동,중상사고,0,1,0,0,차대차 - 기타,안전운전불이행,건조,맑음,기타 - 기타,화물,남,54세,상해없음,승용,남,28세,중상
2022110200100366,2022년 11월 2일 16시,수요일,부산광역시 사하구 하단동,경상사고,0,0,2,0,차대차 - 측면충돌,안전거리미확보,건조,맑음,단일로 - 기타,화물,남,43세,상해없음,승용,남,38세,경상
2022110200100411,2022년 11월 2일 17시,수요일,부산광역시 수영구 남천동,경상사고,0,0,1,0,차대차 - 기타,안전거리미확보,건조,맑음,단일로 - 기타,승용,남,69세,상해없음,이륜,남,23세,경상
2022110200100412,2022년 11월 2일 17시,수요일,부산광역시 북구 구포동,경상사고,0,0,2,0,차대차 - 기타,기타,건조,맑음,단일로 - 기타,화물,남,45세,경상,승용,남,56세,경상
2022110200100413,2022년 11월 2일 17시,수요일,부산광역시 영도구 동삼동,경상사고,0,0,2,0,차대차 - 추돌,안전운전불이행,건조,맑음,교차로 - 교차로부근,이륜,남,21세,상해없음,승용,여,37세,경상
2022110200100414,2022년 11월 2일 17시,수요일,부산광역시 사하구 신평동,경상사고,0,0,1,0,차대차 - 기타,안전운전불이행,건조,맑음,단일로 - 기타,승용,남,60세,상해없음,이륜,남,43세,경상
2022110200100415,2022년 11월 2일 17시,수요일,부산광역시 기장군 정관읍,경상사고,0,0,3,0,차대차 - 추돌,안전운전불이행,건조,맑음,단일로 - 고가도로위,화물,남,60세,경상,승용,여,68세,경상
2022110200100452,2022년 11월 2일 18시,수요일,부산광역시 수영구 민락동,경상사고,0,0,1,0,차대차 - 추돌,안전운전불이행,건조,맑음,교차로 - 교차로부근,이륜,남,60세,경상,승용,여,36세,상해없음
2022110200100453,2022년 11월 2일 18시,수요일,부산광역시 남구 대연동,중상사고,0,1,0,0,차대사람 - 기타,안전운전불이행,건조,맑음,단일로 - 기타,이륜,남,22세,상해없음,보행자,남,18세,중상
2022110200100454,2022년 11월 2일 18시,수요일,부산광역시 북구 덕천동,경상사고,0,0,2,0,차대차 - 기타,안전거리미확보,건조,맑음,단일로 - 기타,승용,여,36세,경상,승용,남,58세,경상
2022110200100455,2022년 11월 2일 18시,수요일,부산광역시 강서구 대저1동,경상사고,0,0,1,0,차대차 - 기타,교차로운행방법위반,건조,맑음,단일로 - 기타,승용,남,38세,상해없음,승용,여,64세,경상
2022110200100554,2022년 11월 2일 20시,수요일,부산광역시 수영구 남천동,경상사고,0,0,1,0,차대사람 - 기타,중앙선침범,건조,맑음,교차로 - 교차로부근,승용,여,24세,상해없음,보행자,남,73세,경상
2022110200100572,2022년 11월 2일 21시,수요일,부산광역시 금정구 부곡동,경상사고,0,0,1,0,차대차 - 측면충돌,안전거리미확보,건조,맑음,단일로 - 기타,승용,남,41세,상해없음,승합,남,63세,경상
2022110200100573,2022년 11월 2일 21시,수요일,부산광역시 강서구 신호동,사망사고,1,0,0,0,차량단독 - 공작물충돌,안전운전불이행,건조,맑음,교차로 - 교차로안,이륜,남,27세,사망,,,,
2022110200100594,2022년 11월 2일 22시,수요일,부산광역시 기장군 일광읍,경상사고,0,0,3,0,차대차 - 측면충돌,안전운전불이행,건조,맑음,단일로 - 기타,승용,남,32세,상해없음,승용,여,32세,경상
2022110200100613,2022년 11월 2일 23시,수요일,부산광역시 해운대구 송정동,경상사고,0,0,2,0,차대차 - 정면충돌,신호위반,건조,맑음,교차로 - 교차로안,이륜,남,26세,경상,승용,남,47세,경상
2022110300100026,2022년 11월 3일 04시,목요일,부산광역시 해운대구 중동,경상사고,0,0,2,0,차대차 - 측면충돌,안전운전불이행,건조,맑음,단일로 - 기타,승용,남,37세,상해없음,화물,남,61세,경상
2022110300100039,2022년 11월 3일 06시,목요일,부산광역시 동래구 복천동,경상사고,0,0,1,0,차대차 - 측면충돌,중앙선침범,건조,맑음,단일로 - 지하차도(도로)내,자전거,남,24세,상해없음,원동기,남,28세,경상
2022110300100149,2022년 11월 3일 10시,목요일,부산광역시 서구 동대신동3가,경상사고,0,0,1,0,차대사람 - 기타,안전운전불이행,건조,맑음,단일로 - 기타,승용,남,68세,상해없음,보행자,남,33세,경상
2.02211E+15,2022년 11월 3일 10시,목요일,부산광역시 금정구 부곡동,경상사고,0,0,1,0,차대사람 - 기타,보행자보호의무위반,건조,맑음,단일로 - 기타,승용,남,28세,상해없음,보행자,여,73세,경상
2022110300100178,2022년 11월 3일 11시,목요일,부산광역시 영도구 신선동2가,중상사고,0,2,0,0,차대사람 - 기타,안전운전불이행,건조,맑음,단일로 - 기타,승용,남,62세,상해없음,보행자,여,58세,중상
2022110300100179,2022년 11월 3일 11시,목요일,부산광역시 해운대구 재송동,중상사고,0,1,1,1,차대차 - 기타,직진우회전진행방해,건조,맑음,교차로 - 교차로안,승용,여,35세,경상,이륜,남,64세,중상
2.02211E+15,2022년 11월 3일 11시,목요일,부산광역시 부산진구 양정동,경상사고,0,0,1,0,차대차 - 추돌,안전거리미확보,건조,맑음,교차로 - 교차로부근,이륜,남,31세,기타불명,승용,남,35세,경상
2022110300100181,2022년 11월 3일 11시,목요일,부산광역시 금정구 장전동,중상사고,0,1,0,0,차대차 - 기타,안전운전불이행,건조,맑음,기타 - 기타,승용,여,48세,상해없음,이륜,남,52세,중상
2022110300100182,2022년 11월 3일 11시,목요일,부산광역시 강서구 대저2동,경상사고,0,0,1,0,차대차 - 추돌,안전운전불이행,건조,맑음,교차로 - 교차로부근,승용,남,55세,상해없음,승용,남,57세,경상
2022110300100183,2022년 11월 3일 11시,목요일,부산광역시 사상구 감전동,경상사고,0,0,1,0,차대차 - 기타,신호위반,건조,맑음,단일로 - 기타,승합,남,33세,상해없음,화물,남,41세,경상
2022110300100221,2022년 11월 3일 12시,목요일,부산광역시 수영구 망미동,중상사고,0,1,0,0,차대사람 - 길가장자리구역통행중,안전운전불이행,건조,맑음,교차로 - 교차로안,승용,남,60세,상해없음,보행자,남,75세,중상
2022110300100247,2022년 11월 3일 13시,목요일,부산광역시 금정구 장전동,경상사고,0,0,1,0,차대차 - 측면충돌,차로위반,건조,맑음,교차로 - 교차로부근,승용,여,63세,상해없음,화물,남,39세,경상
2022110300100274,2022년 11월 3일 14시,목요일,부산광역시 사상구 감전동,경상사고,0,0,1,0,차대차 - 측면충돌,안전거리미확보,건조,맑음,교차로 - 교차로부근,화물,남,53세,상해없음,승용,여,49세,경상
2.02211E+15,2022년 11월 3일 15시,목요일,부산광역시 강서구 명지동,중상사고,0,1,1,0,차대차 - 기타,안전운전불이행,건조,맑음,단일로 - 기타,승용,남,56세,상해없음,승용,남,56세,중상
2022110300100341,2022년 11월 3일 16시,목요일,부산광역시 동래구 안락동,경상사고,0,0,1,0,차대사람 - 횡단중,안전운전불이행,건조,맑음,교차로 - 교차로안,승용,여,38세,상해없음,보행자,여,65세,경상
2022110300100342,2022년 11월 3일 16시,목요일,부산광역시 동래구 안락동,중상사고,0,1,0,0,차량단독 - 공작물충돌,안전운전불이행,건조,맑음,기타 - 기타,승합,남,45세,상해없음,,,,
2022110300100343,2022년 11월 3일 16시,목요일,부산광역시 사하구 감천동,경상사고,0,0,1,0,차대사람 - 길가장자리구역통행중,안전운전불이행,건조,맑음,단일로 - 지하차도(도로)내,승용,여,41세,상해없음,보행자,여,17세,경상
2022110300100376,2022년 11월 3일 17시,목요일,부산광역시 북구 구포동,경상사고,0,0,1,1,차대차 - 기타,안전운전불이행,건조,맑음,단일로 - 기타,승용,남,78세,기타불명,승용,남,43세,경상
2022110300100377,2022년 11월 3일 17시,목요일,부산광역시 사하구 하단동,경상사고,0,0,1,0,차대사람 - 횡단중,안전운전불이행,건조,맑음,단일로 - 기타,승용,남,29세,상해없음,보행자,남,9세,경상
2022110300100378,2022년 11월 3일 17시,목요일,부산광역시 사하구 장림동,경상사고,0,0,1,0,차대차 - 기타,안전운전불이행,건조,맑음,교차로 - 교차로부근,특수,남,68세,상해없음,승용,남,31세,경상
2022110300100379,2022년 11월 3일 17시,목요일,부산광역시 강서구 송정동,중상사고,0,1,0,0,차대차 - 기타,안전운전불이행,건조,맑음,교차로 - 교차로부근,승용,남,24세,상해없음,승용,남,46세,중상
2.02211E+15,2022년 11월 3일 17시,목요일,부산광역시 기장군 일광읍,경상사고,0,0,4,0,차대차 - 측면충돌,신호위반,건조,맑음,단일로 - 기타,승용,남,70세,상해없음,승용,남,38세,경상
2022110300100416,2022년 11월 3일 18시,목요일,부산광역시 부산진구 양정동,경상사고,0,0,1,0,차대차 - 추돌,안전거리미확보,건조,맑음,단일로 - 기타,승용,남,56세,상해없음,승용,여,41세,경상
2022110300100417,2022년 11월 3일 18시,목요일,부산광역시 강서구 죽동동,중상사고,0,1,0,0,차대차 - 기타,신호위반,건조,맑음,교차로 - 교차로안,승용,남,25세,상해없음,승용,여,47세,중상
2022110300100511,2022년 11월 3일 20시,목요일,부산광역시 금정구 구서동,경상사고,0,0,1,0,차대사람 - 기타,안전운전불이행,건조,맑음,기타 - 기타,이륜,남,50세,상해없음,보행자,여,35세,경상
2022110300100512,2022년 11월 3일 20시,목요일,부산광역시 강서구 대저2동,경상사고,0,0,1,0,차대차 - 기타,안전운전불이행,건조,맑음,단일로 - 기타,승용,남,74세,상해없음,승용,여,30세,경상
2022110300100569,2022년 11월 3일 23시,목요일,부산광역시 수영구 광안동,경상사고,0,0,1,0,차대차 - 측면충돌,안전운전불이행,건조,맑음,단일로 - 기타,승용,남,56세,상해없음,승용,여,34세,경상
2.02211E+15,2022년 11월 3일 23시,목요일,부산광역시 영도구 동삼동,경상사고,0,0,2,0,차대차 - 정면충돌,안전운전불이행,건조,맑음,교차로 - 교차로안,승용,남,48세,상해없음,이륜,남,48세,경상
2022110400100021,2022년 11월 4일 02시,금요일,부산광역시 해운대구 반송동,경상사고,0,0,4,0,차대차 - 기타,안전운전불이행,건조,맑음,교차로 - 교차로안,승용,남,67세,상해없음,승용,남,60세,상해없음
2022110400100024,2022년 11월 4일 03시,금요일,부산광역시 북구 덕천동,중상사고,0,1,0,0,차대사람 - 기타,안전운전불이행,건조,맑음,단일로 - 기타,승용,남,61세,상해없음,보행자,남,83세,중상
2022110400100026,2022년 11월 4일 04시,금요일,부산광역시 금정구 부곡동,경상사고,0,0,2,0,차대차 - 기타,신호위반,건조,맑음,교차로 - 교차로안,승합,남,46세,상해없음,승용,남,70세,경상
2022110400100056,2022년 11월 4일 07시,금요일,부산광역시 강서구 명지동,경상사고,0,0,2,0,차대차 - 측면충돌,불법유턴,건조,맑음,단일로 - 기타,승용,여,73세,기타불명,승용,남,39세,경상
2022110400100057,2022년 11월 4일 07시,금요일,부산광역시 기장군 장안읍,경상사고,0,0,1,0,차대차 - 추돌,안전운전불이행,건조,맑음,교차로 - 교차로안,승용,남,54세,상해없음,승용,남,66세,경상
2022110400100087,2022년 11월 4일 08시,금요일,부산광역시 서구 서대신동1가,경상사고,0,0,1,0,차대사람 - 횡단중,신호위반,건조,맑음,단일로 - 기타,승용,여,27세,상해없음,보행자,여,38세,경상
2022110400100088,2022년 11월 4일 08시,금요일,부산광역시 영도구 청학동,중상사고,0,1,1,0,차대차 - 측면충돌,교차로운행방법위반,건조,맑음,교차로 - 교차로부근,승용,남,71세,경상,이륜,남,52세,중상
2022110400100089,2022년 11월 4일 08시,금요일,부산광역시 부산진구 당감동,중상사고,0,1,0,0,차대사람 - 횡단중,보행자보호의무위반,건조,맑음,단일로 - 기타,승용,여,38세,상해없음,보행자,여,71세,중상
2.02211E+15,2022년 11월 4일 08시,금요일,부산광역시 연제구 거제동,경상사고,0,0,1,0,차대사람 - 횡단중,보행자보호의무위반,건조,맑음,교차로 - 교차로안,화물,남,59세,상해없음,보행자,남,77세,경상
2022110400100146,2022년 11월 4일 09시,금요일,부산광역시 동구 초량동,경상사고,0,0,4,0,차대차 - 추돌,안전거리미확보,건조,맑음,단일로 - 기타,승용,남,45세,상해없음,승용,여,50세,경상
2022110400100147,2022년 11월 4일 09시,금요일,부산광역시 북구 금곡동,중상사고,0,1,0,0,차대사람 - 기타,기타,건조,맑음,교차로 - 교차로부근,승합,남,42세,상해없음,보행자,남,91세,중상
2022110400100148,2022년 11월 4일 09시,금요일,부산광역시 금정구 장전동,경상사고,0,0,1,0,차대사람 - 기타,안전운전불이행,건조,맑음,단일로 - 기타,승용,남,26세,상해없음,보행자,여,22세,경상
2022110400100184,2022년 11월 4일 10시,금요일,부산광역시 서구 서대신동3가,중상사고,0,2,5,0,차대사람 - 기타,안전운전불이행,건조,맑음,단일로 - 기타,승용,남,59세,상해없음,보행자,여,41세,중상
2022110400100185,2022년 11월 4일 10시,금요일,부산광역시 수영구 민락동,경상사고,0,0,1,0,차대차 - 추돌,안전운전불이행,건조,맑음,교차로 - 교차로부근,승용,남,42세,상해없음,승용,여,31세,경상
2022110400100186,2022년 11월 4일 10시,금요일,부산광역시 사하구 하단동,경상사고,0,0,1,0,차대차 - 기타,안전운전불이행,건조,맑음,단일로 - 기타,화물,남,65세,상해없음,화물,남,34세,경상
2022110400100226,2022년 11월 4일 11시,금요일,부산광역시 수영구 광안동,중상사고,0,1,0,0,차대차 - 측면충돌,안전운전불이행,건조,맑음,교차로 - 교차로안,승용,남,22세,상해없음,이륜,남,23세,중상
2022110400100227,2022년 11월 4일 11시,금요일,부산광역시 남구 용호동,경상사고,0,0,1,0,차대차 - 측면충돌,안전운전불이행,건조,맑음,교차로 - 교차로안,승용,여,63세,상해없음,자전거,남,45세,경상
2022110400100228,2022년 11월 4일 11시,금요일,부산광역시 동래구 사직동,중상사고,0,1,0,0,차대차 - 측면충돌,신호위반,건조,맑음,단일로 - 기타,승용,여,41세,상해없음,승용,남,35세,중상
2022110400100229,2022년 11월 4일 11시,금요일,부산광역시 부산진구 전포동,경상사고,0,0,2,0,차대차 - 기타,안전거리미확보,건조,맑음,단일로 - 기타,건설기계,남,49세,경상,승용,남,51세,경상
2022110400100271,2022년 11월 4일 12시,금요일,부산광역시 남구 용호동,경상사고,0,0,1,0,차대사람 - 기타,안전운전불이행,건조,맑음,단일로 - 기타,승용,남,81세,상해없음,보행자,여,62세,경상
2022110400100346,2022년 11월 4일 14시,금요일,부산광역시 남구 대연동,경상사고,0,0,1,0,차대차 - 기타,안전운전불이행,건조,맑음,교차로 - 교차로안,승용,여,36세,상해없음,승용,여,58세,경상
2022110400100347,2022년 11월 4일 14시,금요일,부산광역시 부산진구 부전동,사망사고,1,0,0,0,차대사람 - 횡단중,보행자보호의무위반,건조,맑음,교차로 - 교차로횡단보도내,화물,남,44세,상해없음,보행자,여,86세,사망
2022110400100348,2022년 11월 4일 14시,금요일,부산광역시 부산진구 전포동,경상사고,0,0,2,0,차대차 - 추돌,안전운전불이행,건조,맑음,단일로 - 기타,승용,남,66세,상해없음,승용,남,77세,상해없음
2022110400100349,2022년 11월 4일 14시,금요일,부산광역시 부산진구 부전동,경상사고,0,0,2,0,차대차 - 기타,신호위반,건조,맑음,교차로 - 교차로안,승용,남,59세,기타불명,승용,남,63세,경상
2022110400100385,2022년 11월 4일 15시,금요일,부산광역시 해운대구 우동,경상사고,0,0,1,0,차대차 - 기타,안전운전불이행,건조,맑음,교차로 - 교차로부근,승용,남,59세,상해없음,승용,남,25세,경상
2022110400100386,2022년 11월 4일 15시,금요일,부산광역시 사하구 하단동,중상사고,0,1,0,0,차대사람 - 차도통행중,안전운전불이행,건조,맑음,단일로 - 기타,건설기계,남,67세,상해없음,보행자,남,82세,중상
2022110400100387,2022년 11월 4일 15시,금요일,부산광역시 연제구 거제동,경상사고,0,0,2,1,차대차 - 측면충돌,차로위반,건조,맑음,교차로 - 교차로안,승용,남,62세,기타불명,승용,남,37세,경상
2022110400100388,2022년 11월 4일 15시,금요일,부산광역시 기장군 기장읍,중상사고,0,1,0,0,차량단독 - 공작물충돌,안전운전불이행,건조,맑음,단일로 - 기타,승용,남,22세,중상,,,,
2022110400100433,2022년 11월 4일 16시,금요일,부산광역시 수영구 광안동,경상사고,0,0,1,0,차대사람 - 기타,안전운전불이행,건조,맑음,교차로 - 교차로안,승용,여,59세,상해없음,보행자,여,66세,경상
2022110400100435,2022년 11월 4일 16시,금요일,부산광역시 부산진구 양정동,경상사고,0,0,1,0,차대차 - 측면충돌,교차로운행방법위반,건조,맑음,교차로 - 교차로안,원동기,남,58세,경상,승용,남,73세,상해없음
2022110400100436,2022년 11월 4일 16시,금요일,부산광역시 금정구 구서동,경상사고,0,0,1,0,차대사람 - 횡단중,신호위반,건조,맑음,단일로 - 기타,승용,여,23세,상해없음,보행자,여,61세,경상
2022110400100437,2022년 11월 4일 16시,금요일,부산광역시 사상구 엄궁동,중상사고,0,1,0,0,차대차 - 기타,안전운전불이행,건조,맑음,단일로 - 기타,화물,남,55세,상해없음,자전거,남,75세,중상
2022110400100487,2022년 11월 4일 17시,금요일,부산광역시 사하구 다대동,경상사고,0,0,4,0,차대차 - 추돌,안전운전불이행,건조,맑음,단일로 - 기타,승용,여,62세,상해없음,승용,남,43세,경상
2022110400100488,2022년 11월 4일 17시,금요일,부산광역시 연제구 연산동,경상사고,0,0,1,0,차량단독 - 기타,안전운전불이행,건조,맑음,교차로 - 교차로부근,승합,남,43세,상해없음,,,,
2022110400100489,2022년 11월 4일 17시,금요일,부산광역시 연제구 연산동,경상사고,0,0,1,0,차대차 - 기타,교차로운행방법위반,건조,맑음,교차로 - 교차로안,승용,남,68세,상해없음,이륜,남,22세,경상
2022110400100545,2022년 11월 4일 18시,금요일,부산광역시 남구 대연동,경상사고,0,0,2,0,차대차 - 측면충돌,안전운전불이행,건조,맑음,단일로 - 기타,승용,여,34세,상해없음,승용,남,61세,경상
2022110400100546,2022년 11월 4일 18시,금요일,부산광역시 동래구 온천동,경상사고,0,0,1,0,차대사람 - 횡단중,보행자보호의무위반,건조,맑음,단일로 - 기타,기타불명,기타불명,미분류,기타불명,보행자,여,34세,경상
2022110400100547,2022년 11월 4일 18시,금요일,부산광역시 기장군 일광읍,경상사고,0,0,1,0,차대차 - 기타,신호위반,건조,맑음,교차로 - 교차로안,승용,여,27세,상해없음,승용,여,27세,경상
2022110400100621,2022년 11월 4일 19시,금요일,부산광역시 수영구 수영동,경상사고,0,0,1,0,차대차 - 기타,안전운전불이행,건조,기타,단일로 - 기타,승합,남,53세,상해없음,승용,여,63세,경상
2022110400100622,2022년 11월 4일 19시,금요일,부산광역시 동래구 안락동,경상사고,0,0,1,0,차대차 - 측면충돌,안전운전불이행,건조,맑음,단일로 - 기타,화물,남,45세,상해없음,이륜,남,20세,경상
2022110400100623,2022년 11월 4일 19시,금요일,부산광역시 동래구 온천동,경상사고,0,0,1,0,차대차 - 측면충돌,안전거리미확보,건조,맑음,단일로 - 기타,승합,남,40세,상해없음,승용,여,43세,경상
2022110400100624,2022년 11월 4일 19시,금요일,부산광역시 금정구 구서동,경상사고,0,0,1,1,차대차 - 측면충돌,신호위반,건조,맑음,단일로 - 기타,승용,여,26세,상해없음,승용,남,45세,경상
2022110400100666,2022년 11월 4일 20시,금요일,부산광역시 남구 대연동,경상사고,0,0,1,0,차대차 - 추돌,안전거리미확보,건조,맑음,교차로 - 교차로부근,화물,남,49세,기타불명,승용,여,42세,경상
2022110400100667,2022년 11월 4일 20시,금요일,부산광역시 부산진구 범천동,중상사고,0,1,0,0,차대차 - 기타,안전거리미확보,건조,맑음,단일로 - 기타,승용,여,59세,상해없음,이륜,남,38세,중상
2022110400100732,2022년 11월 4일 22시,금요일,부산광역시 해운대구 반여동,중상사고,0,1,0,0,차대차 - 정면충돌,중앙선침범,건조,맑음,단일로 - 기타,승용,남,63세,기타불명,승용,남,23세,중상
2022110400100752,2022년 11월 4일 23시,금요일,부산광역시 사하구 장림동,경상사고,0,0,1,0,차대차 - 추돌,안전운전불이행,건조,맑음,교차로 - 교차로부근,승용,여,35세,상해없음,승용,남,28세,경상
2022110400100753,2022년 11월 4일 23시,금요일,부산광역시 사하구 다대동,경상사고,0,0,1,0,차대차 - 추돌,안전운전불이행,건조,맑음,교차로 - 교차로안,화물,남,55세,상해없음,승용,여,26세,경상