사고번호,사고일시,요일,시군구,사고내용,사망자수,중상자수,경상자수,부상신고자수,사고유형,법규위반,노면상태,기상상태,도로형태,가해운전자 차종,가해운전자 성별,가해운전자 연령,가해운전자 상해정도,피해운전자 차종,피해운전자 성별,피해운전자 연령,피해운전자 상해정도
2.02211E+15,2022년 11월 16일 22시,수요일,부산광역시 금정구 부곡동,경상사고,0,0,1,0,차대사람 - 기타,안전운전불이행,건조,맑음,기타 - 기타,승용,남,64세,기타불명,보행자,여,35세,경상
2022111700100005,2022년 11월 17일 00시,목요일,부산광역시 동래구 수안동,경상사고,0,0,1,0,차대차 - 추돌,안전운전불이행,건조,맑음,단일로 - 기타,승용,여,39세,상해없음,승용,여,39세,경상
2022111700100049,2022년 11월 17일 06시,목요일,부산광역시 중구 중앙동5가,경상사고,0,0,1,0,차대차 - 측면충돌,신호위반,건조,맑음,교차로 - 교차로안,승용,남,40세,상해없음,승용,여,23세,경상
2022111700100067,2022년 11월 17일 07시,목요일,부산광역시 금정구 회동동,경상사고,0,0,1,0,차대차 - 추돌,안전운전불이행,건조,맑음,단일로 - 지하차도(도로)내,승용,남,49세,상해없음,승용,여,49세,경상
2022111700100068,2022년 11월 17일 07시,목요일,부산광역시 연제구 연산동,경상사고,0,0,2,0,차대차 - 기타,신호위반,건조,맑음,단일로 - 기타,승용,남,38세,상해없음,화물,남,63세,경상
2022111700100119,2022년 11월 17일 09시,목요일,부산광역시 해운대구 중동,경상사고,0,0,1,0,차대차 - 기타,기타,건조,맑음,단일로 - 기타,승용,여,44세,상해없음,이륜,남,36세,경상
2022111700100149,2022년 11월 17일 10시,목요일,부산광역시 사상구 주례동,중상사고,0,1,0,0,차대차 - 기타,안전운전불이행,건조,맑음,단일로 - 기타,자전거,여,71세,중상,승합,남,47세,상해없음
2022111700100177,2022년 11월 17일 11시,목요일,부산광역시 기장군 정관읍,경상사고,0,0,1,0,차대차 - 측면충돌,신호위반,건조,맑음,교차로 - 교차로안,승용,여,46세,상해없음,승용,여,39세,경상
2022111700100178,2022년 11월 17일 11시,목요일,부산광역시 기장군 정관읍,사망사고,1,0,1,0,차대차 - 기타,안전운전불이행,건조,맑음,단일로 - 기타,승용,여,65세,사망,승용,여,45세,경상
2022111700100221,2022년 11월 17일 12시,목요일,부산광역시 서구 부용동2가,중상사고,0,1,0,0,차대사람 - 기타,안전운전불이행,건조,맑음,교차로 - 교차로안,화물,남,66세,상해없음,보행자,여,71세,중상
2022111700100251,2022년 11월 17일 13시,목요일,부산광역시 중구 부평동1가,경상사고,0,0,1,0,차대사람 - 횡단중,안전운전불이행,건조,맑음,단일로 - 기타,화물,남,32세,상해없음,보행자,여,65세,경상
2022111700100315,2022년 11월 17일 15시,목요일,부산광역시 부산진구 범천동,경상사고,0,0,2,0,차대차 - 측면충돌,안전거리미확보,건조,맑음,교차로 - 교차로부근,승용,여,47세,상해없음,승용,남,23세,경상
2022111700100345,2022년 11월 17일 16시,목요일,부산광역시 동구 초량동,경상사고,0,0,1,0,차대차 - 기타,안전운전불이행,건조,맑음,단일로 - 기타,승합,남,34세,경상,건설기계,남,34세,상해없음
2022111700100346,2022년 11월 17일 16시,목요일,부산광역시 해운대구 반여동,경상사고,0,0,1,0,차대차 - 추돌,안전운전불이행,건조,맑음,단일로 - 기타,승용,남,65세,상해없음,승용,여,32세,경상
2022111700100347,2022년 11월 17일 16시,목요일,부산광역시 수영구 망미동,경상사고,0,0,2,0,차대차 - 기타,안전운전불이행,건조,맑음,교차로 - 교차로안,승용,남,42세,상해없음,승용,남,23세,경상
2022111700100383,2022년 11월 17일 17시,목요일,부산광역시 동구 좌천동,경상사고,0,0,1,0,차대차 - 측면충돌,안전거리미확보,건조,맑음,단일로 - 기타,승용,남,66세,상해없음,승용,남,48세,경상
2022111700100384,2022년 11월 17일 17시,목요일,부산광역시 남구 대연동,경상사고,0,0,1,0,차대차 - 기타,안전거리미확보,건조,맑음,단일로 - 기타,건설기계,남,46세,상해없음,승용,남,41세,경상
2022111700100385,2022년 11월 17일 17시,목요일,부산광역시 부산진구 전포동,경상사고,0,0,1,0,차대사람 - 횡단중,보행자보호의무위반,건조,맑음,단일로 - 기타,이륜,남,68세,상해없음,보행자,남,43세,경상
2022111700100506,2022년 11월 17일 19시,목요일,부산광역시 동구 범일동,경상사고,0,0,2,0,차대차 - 기타,신호위반,건조,맑음,교차로 - 교차로안,승용,남,38세,상해없음,화물,남,50세,경상
2022111700100507,2022년 11월 17일 19시,목요일,부산광역시 수영구 광안동,경상사고,0,0,2,0,차대차 - 기타,신호위반,건조,맑음,단일로 - 기타,원동기,남,34세,경상,자전거,남,23세,경상
2022111700100508,2022년 11월 17일 19시,목요일,부산광역시 북구 덕천동,중상사고,0,1,0,0,차대사람 - 기타,안전운전불이행,건조,맑음,교차로 - 교차로안,승용,여,47세,상해없음,보행자,여,60세,중상
2022111700100509,2022년 11월 17일 19시,목요일,부산광역시 금정구 금사동,중상사고,0,1,1,0,차대차 - 기타,안전운전불이행,건조,맑음,교차로 - 교차로횡단보도내,승용,남,59세,중상,승용,남,40세,경상
2.02211E+15,2022년 11월 17일 19시,목요일,부산광역시 사상구 주례동,경상사고,0,0,1,0,차대차 - 측면충돌,기타,건조,맑음,단일로 - 기타,승용,남,39세,상해없음,승용,남,33세,경상
2.02211E+15,2022년 11월 17일 20시,목요일,부산광역시 북구 덕천동,경상사고,0,0,1,0,차대사람 - 기타,안전거리미확보,건조,맑음,단일로 - 기타,이륜,남,17세,기타불명,보행자,남,29세,경상
2022111700100551,2022년 11월 17일 20시,목요일,부산광역시 동래구 명장동,경상사고,0,0,1,0,차대차 - 측면충돌,안전운전불이행,건조,맑음,교차로 - 교차로부근,승용,남,77세,상해없음,이륜,남,35세,경상
2022111700100552,2022년 11월 17일 20시,목요일,부산광역시 부산진구 범천동,중상사고,0,1,0,0,차대사람 - 횡단중,보행자보호의무위반,건조,맑음,교차로 - 교차로부근,승용,남,68세,상해없음,보행자,남,22세,중상
2022111700100553,2022년 11월 17일 20시,목요일,부산광역시 사하구 하단동,경상사고,0,0,2,1,차대차 - 기타,안전운전불이행,건조,맑음,교차로 - 교차로부근,승용,여,53세,부상신고,승용,여,32세,경상
2022111700100597,2022년 11월 17일 22시,목요일,부산광역시 서구 동대신동2가,경상사고,0,0,1,0,차대차 - 측면충돌,안전운전불이행,건조,맑음,단일로 - 기타,승용,남,66세,상해없음,화물,남,24세,경상
2022111700100598,2022년 11월 17일 22시,목요일,부산광역시 남구 대연동,부상신고사고,0,0,0,1,차대사람 - 길가장자리구역통행중,안전운전불이행,건조,맑음,단일로 - 기타,승용,남,32세,상해없음,보행자,남,23세,부상신고
2022111700100599,2022년 11월 17일 22시,목요일,부산광역시 수영구 민락동,경상사고,0,0,2,0,차대차 - 추돌,안전운전불이행,건조,맑음,교차로 - 교차로안,승용,남,23세,상해없음,승용,남,34세,경상
2.02211E+15,2022년 11월 17일 22시,목요일,부산광역시 강서구 명지동,경상사고,0,0,2,0,차대차 - 기타,중앙선침범,건조,맑음,교차로 - 교차로부근,승용,여,26세,상해없음,승용,여,33세,경상
2022111800100027,2022년 11월 18일 03시,금요일,부산광역시 부산진구 범전동,중상사고,0,1,0,0,차대사람 - 횡단중,안전운전불이행,건조,맑음,단일로 - 기타,승용,남,63세,상해없음,보행자,여,78세,중상
2022111800100039,2022년 11월 18일 05시,금요일,부산광역시 동래구 온천동,중상사고,0,1,0,0,차대사람 - 횡단중,안전운전불이행,건조,맑음,단일로 - 기타,승용,여,31세,상해없음,보행자,남,62세,중상
2022111800100048,2022년 11월 18일 06시,금요일,부산광역시 동구 수정동,경상사고,0,0,1,0,차대차 - 측면충돌,안전거리미확보,건조,맑음,단일로 - 기타,승용,남,39세,상해없음,승용,남,26세,경상
2022111800100088,2022년 11월 18일 08시,금요일,부산광역시 해운대구 좌동,중상사고,0,1,0,0,차대사람 - 기타,안전운전불이행,건조,맑음,단일로 - 기타,승용,남,63세,상해없음,보행자,여,56세,중상
2022111800100123,2022년 11월 18일 09시,금요일,부산광역시 서구 암남동,경상사고,0,0,1,1,차대차 - 추돌,안전운전불이행,건조,맑음,교차로 - 교차로부근,승용,여,44세,상해없음,화물,남,34세,상해없음
2022111800100124,2022년 11월 18일 09시,금요일,부산광역시 부산진구 부암동,중상사고,0,1,0,0,차대사람 - 횡단중,보행자보호의무위반,건조,맑음,교차로 - 교차로횡단보도내,화물,남,65세,상해없음,보행자,남,70세,중상
2022111800100125,2022년 11월 18일 09시,금요일,부산광역시 부산진구 전포동,경상사고,0,0,1,0,차대차 - 기타,안전거리미확보,건조,맑음,기타 - 기타,승합,남,58세,상해없음,승용,남,61세,경상
2022111800100126,2022년 11월 18일 09시,금요일,부산광역시 기장군 일광읍,중상사고,0,1,1,0,차대차 - 측면충돌,신호위반,건조,맑음,교차로 - 교차로안,승용,남,30세,기타불명,승용,남,34세,중상
2022111800100188,2022년 11월 18일 11시,금요일,부산광역시 부산진구 범천동,경상사고,0,0,1,0,차대차 - 기타,교차로운행방법위반,건조,맑음,교차로 - 교차로부근,승용,남,57세,상해없음,승용,남,65세,상해없음
2022111800100189,2022년 11월 18일 11시,금요일,부산광역시 부산진구 부전동,경상사고,0,0,1,0,차대차 - 측면충돌,안전운전불이행,건조,맑음,단일로 - 기타,이륜,남,25세,상해없음,이륜,남,23세,경상
2.02211E+15,2022년 11월 18일 11시,금요일,부산광역시 연제구 거제동,경상사고,0,0,1,0,차대차 - 기타,안전운전불이행,기타,맑음,단일로 - 기타,승용,남,70세,상해없음,승용,남,44세,경상
2022111800100191,2022년 11월 18일 11시,금요일,부산광역시 사상구 삼락동,경상사고,0,0,1,0,차대차 - 기타,안전거리미확보,건조,맑음,단일로 - 기타,화물,남,34세,상해없음,승용,남,46세,경상
2022111800100192,2022년 11월 18일 11시,금요일,부산광역시 기장군 철마면,경상사고,0,0,1,0,차대차 - 기타,신호위반,건조,맑음,기타 - 기타,화물,남,47세,상해없음,승용,남,47세,경상
2022111800100254,2022년 11월 18일 13시,금요일,부산광역시 해운대구 반여동,경상사고,0,0,1,0,차대차 - 추돌,안전운전불이행,건조,맑음,단일로 - 기타,승용,남,50세,상해없음,화물,남,48세,경상
2022111800100255,2022년 11월 18일 13시,금요일,부산광역시 금정구 구서동,경상사고,0,0,1,0,차대차 - 측면충돌,안전운전불이행,건조,맑음,단일로 - 기타,승합,여,65세,상해없음,승용,여,30세,경상
2022111800100284,2022년 11월 18일 14시,금요일,부산광역시 동래구 명륜동,경상사고,0,0,1,0,차량단독 - 기타,안전운전불이행,건조,맑음,교차로 - 교차로부근,자전거,남,56세,경상,,,,
2022111800100285,2022년 11월 18일 14시,금요일,부산광역시 부산진구 범천동,경상사고,0,0,1,0,차대사람 - 기타,안전운전불이행,건조,맑음,교차로 - 교차로안,승용,여,40세,상해없음,보행자,남,64세,경상
2.02211E+15,2022년 11월 18일 15시,금요일,부산광역시 사상구 엄궁동,중상사고,0,1,0,0,차대사람 - 횡단중,안전운전불이행,건조,맑음,교차로 - 교차로안,화물,남,67세,상해없음,보행자,남,82세,중상
2022111800100421,2022년 11월 18일 17시,금요일,부산광역시 해운대구 우동,중상사고,0,1,0,0,차대사람 - 횡단중,기타,건조,맑음,단일로 - 기타,이륜,남,22세,상해없음,보행자,남,18세,중상
2022111800100422,2022년 11월 18일 17시,금요일,부산광역시 부산진구 범천동,부상신고사고,0,0,0,1,차대차 - 측면충돌,신호위반,건조,맑음,교차로 - 교차로안,이륜,남,38세,부상신고,승합,남,45세,상해없음
2022111800100423,2022년 11월 18일 17시,금요일,부산광역시 금정구 부곡동,중상사고,0,1,0,0,차대사람 - 기타,보행자보호의무위반,건조,맑음,단일로 - 기타,승용,남,70세,상해없음,보행자,여,78세,중상
2022111800100494,2022년 11월 18일 18시,금요일,부산광역시 수영구 민락동,중상사고,0,1,0,0,차대차 - 측면충돌,안전운전불이행,건조,맑음,교차로 - 교차로횡단보도내,이륜,남,20세,기타불명,자전거,남,70세,중상
2022111800100495,2022년 11월 18일 18시,금요일,부산광역시 동래구 온천동,경상사고,0,0,1,0,차대사람 - 횡단중,보행자보호의무위반,건조,맑음,교차로 - 교차로횡단보도내,자전거,남,59세,상해없음,보행자,여,62세,경상
2022111800100496,2022년 11월 18일 18시,금요일,부산광역시 사하구 장림동,경상사고,0,0,1,0,차대차 - 추돌,안전운전불이행,건조,맑음,단일로 - 기타,승용,남,42세,상해없음,승용,여,33세,경상
2022111800100497,2022년 11월 18일 18시,금요일,부산광역시 기장군 일광읍,경상사고,0,0,1,0,차대사람 - 기타,안전운전불이행,건조,맑음,단일로 - 기타,승용,남,62세,상해없음,보행자,남,62세,경상
2022111800100567,2022년 11월 18일 19시,금요일,부산광역시 해운대구 우동,경상사고,0,0,1,0,차대차 - 기타,차로위반,기타,맑음,단일로 - 기타,화물,남,40세,상해없음,승용,남,25세,경상
2022111800100568,2022년 11월 18일 19시,금요일,부산광역시 강서구 신호동,중상사고,0,1,0,0,차대차 - 추돌,안전운전불이행,건조,맑음,교차로 - 교차로부근,승용,남,48세,상해없음,이륜,남,23세,중상
2.02211E+15,2022년 11월 18일 20시,금요일,부산광역시 서구 암남동,경상사고,0,0,3,0,차대차 - 측면충돌,신호위반,건조,맑음,교차로 - 교차로안,승용,남,61세,상해없음,승용,남,30세,경상
2022111800100621,2022년 11월 18일 20시,금요일,부산광역시 부산진구 초읍동,경상사고,0,0,1,0,차대사람 - 기타,안전운전불이행,건조,맑음,단일로 - 기타,승합,남,64세,상해없음,보행자,남,79세,경상
2022111800100645,2022년 11월 18일 21시,금요일,부산광역시 동래구 명륜동,경상사고,0,0,1,0,차대차 - 기타,신호위반,건조,맑음,교차로 - 교차로안,승용,남,58세,상해없음,이륜,남,59세,경상
2022111800100681,2022년 11월 18일 23시,금요일,부산광역시 기장군 기장읍,중상사고,0,1,0,0,차대차 - 기타,신호위반,건조,맑음,교차로 - 교차로부근,승용,남,25세,상해없음,이륜,남,16세,중상
2022111900100022,2022년 11월 19일 01시,토요일,부산광역시 중구 남포동5가,경상사고,0,0,2,0,차대차 - 후진중충돌,안전운전불이행,건조,맑음,단일로 - 기타,승용,남,46세,상해없음,화물,남,27세,경상
2022111900100039,2022년 11월 19일 03시,토요일,부산광역시 동구 좌천동,경상사고,0,0,1,0,차대차 - 추돌,안전운전불이행,건조,맑음,단일로 - 기타,승용,남,31세,상해없음,승용,남,56세,경상
2022111900100106,2022년 11월 19일 09시,토요일,부산광역시 금정구 서동,경상사고,0,0,3,0,차대차 - 기타,직진우회전진행방해,건조,맑음,교차로 - 교차로안,승용,남,77세,경상,승용,남,44세,경상
2022111900100134,2022년 11월 19일 10시,토요일,부산광역시 남구 문현동,경상사고,0,0,1,0,차량단독 - 기타,안전운전불이행,건조,맑음,교차로 - 교차로안,이륜,남,29세,상해없음,,,,
2022111900100163,2022년 11월 19일 11시,토요일,부산광역시 금정구 청룡동,중상사고,0,2,0,0,차대사람 - 기타,안전운전불이행,건조,맑음,기타 - 기타,승용,여,60세,상해없음,보행자,여,42세,중상
2022111900100164,2022년 11월 19일 11시,토요일,부산광역시 강서구 명지동,경상사고,0,0,1,0,차대차 - 측면충돌,안전거리미확보,건조,맑음,단일로 - 기타,승용,남,65세,상해없음,승용,남,40세,경상
2022111900100165,2022년 11월 19일 11시,토요일,부산광역시 강서구 송정동,경상사고,0,0,2,0,차대차 - 측면충돌,안전운전불이행,건조,맑음,교차로 - 교차로안,화물,남,44세,상해없음,승용,남,50세,경상
2022111900100166,2022년 11월 19일 11시,토요일,부산광역시 강서구 송정동,경상사고,0,0,1,0,차대차 - 추돌,안전운전불이행,건조,맑음,교차로 - 교차로안,승용,남,48세,상해없음,승용,남,41세,경상
2022111900100167,2022년 11월 19일 11시,토요일,부산광역시 기장군 기장읍,경상사고,0,0,3,0,차대차 - 추돌,안전운전불이행,건조,맑음,단일로 - 기타,승용,남,29세,상해없음,승용,남,23세,경상
2022111900100197,2022년 11월 19일 12시,토요일,부산광역시 서구 초장동,중상사고,0,2,0,0,차대차 - 측면충돌,기타,건조,맑음,교차로 - 교차로안,이륜,남,60세,중상,이륜,남,72세,중상
2022111900100233,2022년 11월 19일 13시,토요일,부산광역시 부산진구 부암동,중상사고,0,1,0,0,차대사람 - 횡단중,안전운전불이행,건조,맑음,교차로 - 교차로안,화물,남,59세,상해없음,보행자,남,66세,중상
2022111900100234,2022년 11월 19일 13시,토요일,부산광역시 사상구 감전동,경상사고,0,0,2,0,차대차 - 추돌,안전운전불이행,건조,맑음,교차로 - 교차로부근,화물,남,55세,기타불명,승용,남,65세,경상
2022111900100266,2022년 11월 19일 14시,토요일,부산광역시 서구 남부민동,중상사고,0,1,0,0,차대차 - 측면충돌,안전운전불이행,건조,맑음,단일로 - 기타,자전거,남,85세,중상,승합,남,50세,상해없음
2022111900100306,2022년 11월 19일 15시,토요일,부산광역시 연제구 연산동,경상사고,0,0,1,0,차대사람 - 차도통행중,안전운전불이행,건조,맑음,교차로 - 교차로부근,승용,남,35세,상해없음,보행자,여,22세,경상
2022111900100336,2022년 11월 19일 16시,토요일,부산광역시 남구 대연동,부상신고사고,0,0,0,1,차대사람 - 횡단중,안전운전불이행,건조,맑음,교차로 - 교차로안,승용,남,40세,상해없음,보행자,남,77세,부상신고
2022111900100337,2022년 11월 19일 16시,토요일,부산광역시 남구 대연동,중상사고,0,1,1,0,차대차 - 측면충돌,안전운전불이행,건조,맑음,교차로 - 교차로안,승용,남,25세,경상,이륜,남,40세,중상
2022111900100338,2022년 11월 19일 16시,토요일,부산광역시 사상구 주례동,경상사고,0,0,1,0,차대차 - 추돌,안전운전불이행,건조,맑음,단일로 - 기타,승용,남,42세,기타불명,승용,남,62세,경상
2.02211E+15,2022년 11월 19일 17시,토요일,부산광역시 북구 만덕동,중상사고,0,1,0,0,차대차 - 측면충돌,차로위반,건조,맑음,단일로 - 기타,승용,남,27세,상해없음,승용,남,28세,중상
2022111900100381,2022년 11월 19일 17시,토요일,부산광역시 수영구 수영동,중상사고,0,1,0,0,차대차 - 측면충돌,직진우회전진행방해,젖음/습기,비,교차로 - 교차로안,승용,남,64세,상해없음,이륜,여,21세,중상
2022111900100433,2022년 11월 19일 18시,토요일,부산광역시 동래구 안락동,중상사고,0,1,0,0,차대사람 - 기타,안전운전불이행,젖음/습기,비,단일로 - 기타,승용,남,28세,상해없음,보행자,남,82세,중상
2022111900100434,2022년 11월 19일 18시,토요일,부산광역시 동래구 온천동,경상사고,0,0,4,0,차대차 - 기타,기타,젖음/습기,비,교차로 - 교차로안,승용,남,27세,경상,승용,남,23세,경상
2022111900100435,2022년 11월 19일 18시,토요일,부산광역시 사하구 장림동,경상사고,0,0,1,0,차대차 - 측면충돌,신호위반,건조,맑음,교차로 - 교차로안,화물,남,73세,상해없음,승용,남,33세,경상
2022111900100478,2022년 11월 19일 19시,토요일,부산광역시 동구 초량동,경상사고,0,0,2,0,차대사람 - 횡단중,보행자보호의무위반,건조,맑음,교차로 - 교차로횡단보도내,승용,남,60세,상해없음,보행자,남,35세,경상
2022111900100479,2022년 11월 19일 19시,토요일,부산광역시 동래구 사직동,사망사고,1,0,0,0,차대차 - 측면충돌,중앙선침범,젖음/습기,맑음,단일로 - 기타,승용,여,54세,상해없음,이륜,남,37세,사망
2.02211E+15,2022년 11월 19일 19시,토요일,부산광역시 동래구 안락동,경상사고,0,0,1,0,차대차 - 측면충돌,안전거리미확보,건조,맑음,단일로 - 기타,화물,남,56세,상해없음,이륜,남,48세,경상
2022111900100481,2022년 11월 19일 19시,토요일,부산광역시 해운대구 재송동,중상사고,0,1,0,0,차대사람 - 횡단중,안전운전불이행,건조,맑음,단일로 - 기타,승합,남,34세,상해없음,보행자,남,89세,중상
2022111900100482,2022년 11월 19일 19시,토요일,부산광역시 해운대구 우동,경상사고,0,0,2,0,차대차 - 추돌,교차로운행방법위반,건조,맑음,교차로 - 교차로안,승용,남,52세,상해없음,승용,남,59세,상해없음
2022111900100483,2022년 11월 19일 19시,토요일,부산광역시 사하구 괴정동,경상사고,0,0,1,0,차대차 - 측면충돌,교차로운행방법위반,건조,맑음,교차로 - 교차로안,승용,남,42세,상해없음,승용,남,27세,경상
2022111900100562,2022년 11월 19일 22시,토요일,부산광역시 연제구 거제동,경상사고,0,0,1,0,차대차 - 추돌,안전운전불이행,젖음/습기,비,단일로 - 기타,승용,여,51세,상해없음,승용,남,50세,경상
2022111900100587,2022년 11월 19일 23시,토요일,부산광역시 동구 좌천동,경상사고,0,0,1,0,차대차 - 측면충돌,안전운전불이행,건조,흐림,단일로 - 기타,승용,여,30세,상해없음,화물,남,53세,경상
2022111900100588,2022년 11월 19일 23시,토요일,부산광역시 수영구 광안동,경상사고,0,0,1,0,차대사람 - 길가장자리구역통행중,안전운전불이행,건조,맑음,단일로 - 기타,승용,여,63세,상해없음,보행자,남,28세,경상
2022112000100005,2022년 11월 20일 00시,일요일,부산광역시 동래구 안락동,경상사고,0,0,1,0,차대사람 - 횡단중,신호위반,건조,맑음,단일로 - 기타,이륜,남,16세,상해없음,보행자,여,24세,경상
2022112000100017,2022년 11월 20일 01시,일요일,부산광역시 부산진구 당감동,경상사고,0,0,2,1,차대차 - 기타,안전운전불이행,건조,기타,교차로 - 교차로안,이륜,남,21세,부상신고,승용,남,55세,상해없음
2022112000100043,2022년 11월 20일 05시,일요일,부산광역시 부산진구 부전동,중상사고,0,2,0,0,차대사람 - 길가장자리구역통행중,안전운전불이행,건조,맑음,단일로 - 기타,승용,남,27세,상해없음,보행자,여,31세,중상
2022112000100051,2022년 11월 20일 06시,일요일,부산광역시 연제구 거제동,부상신고사고,0,0,0,1,차대차 - 기타,신호위반,건조,맑음,교차로 - 교차로안,이륜,남,39세,부상신고,화물,남,32세,상해없음
2022112000100052,2022년 11월 20일 06시,일요일,부산광역시 사상구 삼락동,경상사고,0,0,1,0,차대차 - 측면충돌,안전운전불이행,건조,맑음,교차로 - 교차로안,승용,남,56세,상해없음,승용,남,56세,경상
2022112000100069,2022년 11월 20일 09시,일요일,부산광역시 강서구 명지동,경상사고,0,0,1,0,차대차 - 정면충돌,안전운전불이행,건조,맑음,교차로 - 교차로부근,승용,남,36세,상해없음,이륜,남,34세,경상
2022112000100089,2022년 11월 20일 10시,일요일,부산광역시 서구 서대신동1가,경상사고,0,0,1,0,차대사람 - 횡단중,신호위반,건조,맑음,단일로 - 기타,승용,남,85세,상해없음,보행자,여,65세,경상
2.02211E+15,2022년 11월 20일 10시,일요일,부산광역시 연제구 거제동,경상사고,0,0,1,0,차대차 - 기타,안전운전불이행,건조,맑음,단일로 - 기타,특수,남,57세,상해없음,자전거,남,58세,경상
2022112000100107,2022년 11월 20일 11시,일요일,부산광역시 기장군 기장읍,부상신고사고,0,0,0,1,차대차 - 추돌,안전거리미확보,건조,맑음,단일로 - 기타,승용,남,23세,상해없음,자전거,여,66세,부상신고
2022112000100132,2022년 11월 20일 12시,일요일,부산광역시 동구 초량동,경상사고,0,0,1,0,차대사람 - 기타,안전운전불이행,건조,맑음,단일로 - 기타,승용,남,28세,상해없음,보행자,여,28세,경상
2022112000100133,2022년 11월 20일 12시,일요일,부산광역시 남구 대연동,경상사고,0,0,1,0,차대차 - 측면충돌,안전거리미확보,건조,맑음,교차로 - 교차로부근,승용,여,51세,상해없음,승용,남,43세,경상
2022112000100134,2022년 11월 20일 12시,일요일,부산광역시 동래구 안락동,경상사고,0,0,2,0,차대차 - 기타,안전거리미확보,건조,맑음,단일로 - 기타,승용,여,56세,경상,승용,남,56세,경상
2022112000100167,2022년 11월 20일 13시,일요일,부산광역시 북구 만덕동,경상사고,0,0,1,0,차대사람 - 횡단중,안전운전불이행,건조,맑음,교차로 - 교차로부근,승용,남,35세,상해없음,보행자,남,22세,경상
2022112000100168,2022년 11월 20일 13시,일요일,부산광역시 해운대구 재송동,경상사고,0,0,2,0,차대차 - 기타,안전운전불이행,기타,맑음,기타 - 기타,자전거,남,27세,경상,자전거,남,6세,경상
2022112000100169,2022년 11월 20일 13시,일요일,부산광역시 강서구 대저2동,중상사고,0,1,1,0,차량단독 - 도로외이탈 - 추락,안전운전불이행,건조,맑음,단일로 - 기타,승용,남,67세,기타불명,,,,
2.02211E+15,2022년 11월 20일 13시,일요일,부산광역시 기장군 기장읍,경상사고,0,0,1,0,차대차 - 측면충돌,중앙선침범,건조,맑음,단일로 - 기타,승용,남,51세,경상,승용,남,78세,상해없음
2022112000100196,2022년 11월 20일 14시,일요일,부산광역시 동구 범일동,경상사고,0,0,1,0,차대차 - 기타,안전거리미확보,건조,맑음,단일로 - 기타,승용,남,48세,상해없음,승합,남,50세,경상
2022112000100227,2022년 11월 20일 15시,일요일,부산광역시 해운대구 재송동,경상사고,0,0,1,0,차대차 - 기타,교차로운행방법위반,건조,맑음,교차로 - 교차로안,이륜,남,27세,경상,승용,남,51세,상해없음
2022112000100255,2022년 11월 20일 16시,일요일,부산광역시 남구 문현동,경상사고,0,0,1,0,차대차 - 기타,신호위반,건조,맑음,교차로 - 교차로안,승용,여,62세,상해없음,이륜,남,29세,경상
2022112000100289,2022년 11월 20일 17시,일요일,부산광역시 서구 동대신동3가,경상사고,0,0,2,0,차대차 - 정면충돌,중앙선침범,건조,맑음,단일로 - 기타,승용,남,53세,상해없음,승합,남,45세,경상
2.02211E+15,2022년 11월 20일 17시,일요일,부산광역시 영도구 동삼동,경상사고,0,0,1,0,차대차 - 후진중충돌,안전운전불이행,건조,맑음,단일로 - 기타,화물,남,66세,상해없음,승용,남,35세,경상
2022112000100318,2022년 11월 20일 18시,일요일,부산광역시 북구 덕천동,중상사고,0,1,0,0,차대차 - 기타,안전운전불이행,건조,맑음,기타 - 기타,승용,남,73세,상해없음,승용,여,52세,중상
2022112000100319,2022년 11월 20일 18시,일요일,부산광역시 동래구 사직동,경상사고,0,0,2,0,차대차 - 측면충돌,안전운전불이행,건조,맑음,단일로 - 기타,이륜,남,48세,상해없음,승용,여,27세,경상
2.02211E+15,2022년 11월 20일 18시,일요일,부산광역시 금정구 구서동,경상사고,0,0,1,0,차대사람 - 기타,안전운전불이행,건조,맑음,기타 - 기타,승용,남,61세,상해없음,보행자,여,64세,경상
2022112000100321,2022년 11월 20일 18시,일요일,부산광역시 강서구 명지동,중상사고,0,1,0,0,차대사람 - 횡단중,보행자보호의무위반,건조,맑음,교차로 - 교차로횡단보도내,이륜,남,39세,상해없음,보행자,남,12세,중상
2022112000100393,2022년 11월 20일 20시,일요일,부산광역시 금정구 장전동,경상사고,0,0,1,0,차대차 - 기타,안전운전불이행,건조,맑음,교차로 - 교차로안,이륜,남,25세,상해없음,이륜,남,22세,경상
2022112000100431,2022년 11월 20일 22시,일요일,부산광역시 수영구 수영동,중상사고,0,1,0,0,차대사람 - 기타,안전운전불이행,건조,맑음,단일로 - 기타,승용,남,72세,상해없음,보행자,여,57세,중상
2.02211E+15,2022년 11월 21일 05시,월요일,부산광역시 남구 대연동,중상사고,0,1,0,0,차대사람 - 횡단중,안전운전불이행,건조,맑음,교차로 - 교차로부근,이륜,남,40세,상해없음,보행자,남,79세,중상
2.02211E+15,2022년 11월 21일 06시,월요일,부산광역시 서구 남부민동,중상사고,0,1,0,0,차대사람 - 기타,안전운전불이행,건조,맑음,단일로 - 기타,기타불명,여,44세,상해없음,보행자,여,77세,중상