사고번호,사고일시,요일,시군구,사고내용,사망자수,중상자수,경상자수,부상신고자수,사고유형,법규위반,노면상태,기상상태,도로형태,가해운전자 차종,가해운전자 성별,가해운전자 연령,가해운전자 상해정도,피해운전자 차종,피해운전자 성별,피해운전자 연령,피해운전자 상해정도
2022112100100031,2022년 11월 21일 06시,월요일,부산광역시 부산진구 가야동,중상사고,0,1,0,0,차대사람 - 횡단중,안전운전불이행,건조,맑음,교차로 - 교차로부근,승용,남,32세,상해없음,보행자,여,72세,중상
2022112100100032,2022년 11월 21일 06시,월요일,부산광역시 강서구 신호동,중상사고,0,1,0,0,차대차 - 측면충돌,신호위반,건조,맑음,교차로 - 교차로안,승용,남,49세,상해없음,이륜,남,46세,중상
2022112100100046,2022년 11월 21일 07시,월요일,부산광역시 사하구 다대동,경상사고,0,0,1,0,차대차 - 정면충돌,신호위반,건조,맑음,교차로 - 교차로안,승용,남,55세,상해없음,승용,남,59세,경상
2022112100100047,2022년 11월 21일 07시,월요일,부산광역시 사상구 덕포동,경상사고,0,0,1,0,차대차 - 측면충돌,안전운전불이행,건조,맑음,단일로 - 기타,자전거,남,66세,경상,승용,남,50세,상해없음
2022112100100048,2022년 11월 21일 07시,월요일,부산광역시 사상구 감전동,경상사고,0,0,1,0,차대차 - 측면충돌,안전운전불이행,건조,맑음,교차로 - 교차로부근,승용,남,61세,상해없음,승용,여,35세,경상
2022112100100076,2022년 11월 21일 08시,월요일,부산광역시 영도구 영선동2가,경상사고,0,0,1,0,차대사람 - 횡단중,보행자보호의무위반,건조,맑음,교차로 - 교차로횡단보도내,승용,여,53세,상해없음,보행자,남,50세,경상
2022112100100077,2022년 11월 21일 08시,월요일,부산광역시 해운대구 반여동,경상사고,0,0,1,0,차대차 - 측면충돌,안전운전불이행,건조,맑음,교차로 - 교차로부근,승용,남,45세,상해없음,승용,남,28세,경상
2022112100100078,2022년 11월 21일 08시,월요일,부산광역시 강서구 명지동,경상사고,0,0,1,0,차대차 - 측면충돌,안전운전불이행,건조,맑음,교차로 - 교차로부근,승용,여,23세,상해없음,자전거,남,20세,경상
2022112100100079,2022년 11월 21일 08시,월요일,부산광역시 기장군 일광읍,경상사고,0,0,1,0,차대차 - 추돌,안전운전불이행,건조,맑음,단일로 - 기타,승용,남,25세,상해없음,화물,남,38세,경상
2022112100100128,2022년 11월 21일 09시,월요일,부산광역시 동래구 온천동,중상사고,0,2,0,0,차대차 - 추돌,안전운전불이행,건조,맑음,단일로 - 지하차도(도로)내,화물,남,53세,상해없음,화물,남,40세,중상
2022112100100129,2022년 11월 21일 09시,월요일,부산광역시 연제구 연산동,중상사고,0,1,1,0,차대차 - 기타,안전운전불이행,건조,맑음,교차로 - 교차로안,승용,여,43세,중상,승용,남,66세,경상
2022112100100186,2022년 11월 21일 11시,월요일,부산광역시 연제구 연산동,중상사고,0,1,2,0,차대차 - 기타,안전운전불이행,건조,맑음,단일로 - 기타,승용,남,32세,상해없음,승용,남,38세,상해없음
2022112100100228,2022년 11월 21일 12시,월요일,부산광역시 동래구 명장동,경상사고,0,0,1,0,차대차 - 측면충돌,직진우회전진행방해,건조,맑음,교차로 - 교차로안,승용,여,53세,상해없음,승용,남,72세,경상
2022112100100229,2022년 11월 21일 12시,월요일,부산광역시 사하구 장림동,경상사고,0,0,1,0,차대차 - 측면충돌,안전운전불이행,건조,맑음,단일로 - 기타,승용,남,32세,상해없음,승용,남,57세,경상
2.02211E+15,2022년 11월 21일 12시,월요일,부산광역시 사상구 학장동,경상사고,0,0,1,0,차대차 - 측면충돌,차로위반,건조,맑음,교차로 - 교차로부근,승용,여,32세,상해없음,승용,남,65세,상해없음
2022112100100231,2022년 11월 21일 12시,월요일,부산광역시 기장군 기장읍,중상사고,0,1,0,0,차대사람 - 횡단중,보행자보호의무위반,건조,맑음,교차로 - 교차로횡단보도내,승합,남,32세,상해없음,보행자,남,75세,중상
2022112100100268,2022년 11월 21일 14시,월요일,부산광역시 해운대구 석대동,경상사고,0,0,1,0,차대차 - 측면충돌,교차로운행방법위반,건조,맑음,교차로 - 교차로안,화물,남,46세,상해없음,승용,남,44세,경상
2022112100100296,2022년 11월 21일 15시,월요일,부산광역시 서구 남부민동,경상사고,0,0,3,0,차대차 - 측면충돌,안전운전불이행,건조,맑음,단일로 - 기타,원동기,남,73세,경상,승용,남,27세,경상
2022112100100297,2022년 11월 21일 15시,월요일,부산광역시 사하구 구평동,경상사고,0,0,1,0,차대차 - 측면충돌,안전운전불이행,건조,맑음,교차로 - 교차로안,화물,남,47세,상해없음,승용,여,57세,경상
2022112100100337,2022년 11월 21일 16시,월요일,부산광역시 동구 좌천동,경상사고,0,0,2,0,차대차 - 추돌,안전거리미확보,건조,맑음,단일로 - 고가도로위,승용,남,67세,경상,승용,남,21세,상해없음
2022112100100377,2022년 11월 21일 17시,월요일,부산광역시 강서구 명지동,경상사고,0,0,1,0,차대차 - 측면충돌,안전거리미확보,젖음/습기,흐림,단일로 - 기타,승용,여,27세,상해없음,승합,남,32세,경상
2022112100100435,2022년 11월 21일 18시,월요일,부산광역시 남구 대연동,중상사고,0,1,2,0,차대차 - 추돌,안전운전불이행,건조,맑음,교차로 - 교차로안,승용,남,50세,상해없음,승용,남,68세,중상
2022112100100436,2022년 11월 21일 18시,월요일,부산광역시 북구 금곡동,중상사고,0,1,0,0,차대차 - 기타,신호위반,건조,맑음,교차로 - 교차로안,승용,남,45세,상해없음,이륜,남,37세,중상
2022112100100525,2022년 11월 21일 20시,월요일,부산광역시 동구 초량동,경상사고,0,0,2,0,차대차 - 측면충돌,안전거리미확보,건조,맑음,교차로 - 교차로부근,화물,남,68세,상해없음,승용,여,61세,경상
2022112100100576,2022년 11월 21일 23시,월요일,부산광역시 해운대구 좌동,경상사고,0,0,1,0,차대차 - 기타,신호위반,건조,맑음,교차로 - 교차로안,이륜,남,53세,상해없음,승용,남,57세,상해없음
2022112200100009,2022년 11월 22일 01시,화요일,부산광역시 해운대구 재송동,경상사고,0,0,4,0,차대차 - 측면충돌,신호위반,건조,맑음,교차로 - 교차로안,승용,남,31세,상해없음,승용,남,22세,경상
2022112200100041,2022년 11월 22일 06시,화요일,부산광역시 동래구 사직동,경상사고,0,0,1,0,차대차 - 추돌,안전운전불이행,건조,맑음,교차로 - 교차로부근,승합,남,59세,상해없음,승용,남,52세,경상
2022112200100052,2022년 11월 22일 07시,화요일,부산광역시 동래구 명장동,경상사고,0,0,1,0,차대차 - 측면충돌,교차로운행방법위반,건조,맑음,교차로 - 교차로안,승용,남,65세,상해없음,승용,여,36세,경상
2022112200100086,2022년 11월 22일 08시,화요일,부산광역시 동래구 사직동,경상사고,0,0,1,0,차대사람 - 기타,안전운전불이행,건조,흐림,단일로 - 기타,이륜,남,28세,상해없음,보행자,여,24세,경상
2022112200100087,2022년 11월 22일 08시,화요일,부산광역시 사상구 감전동,경상사고,0,0,1,0,차대차 - 측면충돌,안전운전불이행,건조,맑음,교차로 - 교차로안,승용,남,50세,상해없음,승용,여,35세,경상
2022112200100124,2022년 11월 22일 09시,화요일,부산광역시 연제구 연산동,경상사고,0,0,1,0,차대차 - 기타,안전운전불이행,건조,맑음,단일로 - 기타,화물,남,64세,상해없음,승용,여,60세,경상
2022112200100149,2022년 11월 22일 10시,화요일,부산광역시 사하구 장림동,중상사고,0,1,0,0,차량단독 - 기타,안전운전불이행,건조,맑음,단일로 - 기타,승합,남,64세,상해없음,,,,
2022112200100202,2022년 11월 22일 12시,화요일,부산광역시 부산진구 가야동,부상신고사고,0,0,0,2,차대차 - 측면충돌,직진우회전진행방해,건조,맑음,교차로 - 교차로안,이륜,남,29세,부상신고,이륜,남,80세,부상신고
2022112200100203,2022년 11월 22일 12시,화요일,부산광역시 금정구 장전동,중상사고,0,1,1,0,차대차 - 측면충돌,교차로운행방법위반,건조,맑음,교차로 - 교차로안,이륜,남,45세,중상,화물,남,29세,경상
2022112200100251,2022년 11월 22일 14시,화요일,부산광역시 남구 대연동,부상신고사고,0,0,0,1,차대사람 - 길가장자리구역통행중,안전운전불이행,건조,맑음,단일로 - 기타,승용,남,51세,상해없음,보행자,남,32세,부상신고
2022112200100252,2022년 11월 22일 14시,화요일,부산광역시 동래구 안락동,경상사고,0,0,1,0,차대차 - 측면충돌,직진우회전진행방해,건조,맑음,교차로 - 교차로안,승용,남,62세,상해없음,화물,남,53세,경상
2022112200100253,2022년 11월 22일 14시,화요일,부산광역시 금정구 부곡동,경상사고,0,0,1,1,차대차 - 기타,기타,건조,맑음,교차로 - 교차로안,승용,여,55세,부상신고,승용,남,35세,경상
2022112200100285,2022년 11월 22일 15시,화요일,부산광역시 서구 부민동1가,경상사고,0,0,3,0,차대차 - 측면충돌,교차로운행방법위반,건조,맑음,교차로 - 교차로안,승용,남,56세,상해없음,승용,남,27세,경상
2022112200100286,2022년 11월 22일 15시,화요일,부산광역시 강서구 범방동,중상사고,0,1,0,0,차대차 - 기타,안전거리미확보,건조,맑음,단일로 - 지하차도(도로)내,승용,여,29세,상해없음,화물,남,63세,중상
2022112200100352,2022년 11월 22일 17시,화요일,부산광역시 영도구 봉래동1가,경상사고,0,0,1,0,차대사람 - 차도통행중,안전운전불이행,젖음/습기,비,교차로 - 교차로부근,승용,남,50세,상해없음,보행자,남,51세,경상
2022112200100354,2022년 11월 22일 17시,화요일,부산광역시 부산진구 전포동,경상사고,0,0,1,0,차대차 - 추돌,안전운전불이행,젖음/습기,비,단일로 - 고가도로위,화물,남,26세,상해없음,승용,남,54세,경상
2022112200100355,2022년 11월 22일 17시,화요일,부산광역시 금정구 금사동,경상사고,0,0,1,0,차대차 - 측면충돌,신호위반,젖음/습기,비,단일로 - 터널,승용,남,34세,상해없음,승용,여,53세,상해없음
2022112200100356,2022년 11월 22일 17시,화요일,부산광역시 금정구 구서동,경상사고,0,0,2,0,차대차 - 기타,안전운전불이행,젖음/습기,비,교차로 - 교차로안,승용,남,42세,경상,승용,여,40세,경상
2022112200100417,2022년 11월 22일 18시,화요일,부산광역시 중구 부평동2가,경상사고,0,0,1,0,차대차 - 측면충돌,차로위반,건조,맑음,교차로 - 교차로부근,승용,여,75세,상해없음,승용,남,36세,경상
2022112200100418,2022년 11월 22일 18시,화요일,부산광역시 동래구 명륜동,경상사고,0,0,2,0,차대차 - 기타,신호위반,젖음/습기,비,교차로 - 교차로안,승용,남,55세,기타불명,승용,남,69세,기타불명
2022112200100419,2022년 11월 22일 18시,화요일,부산광역시 부산진구 부암동,경상사고,0,0,2,0,차대차 - 측면충돌,안전운전불이행,젖음/습기,비,단일로 - 기타,승용,여,54세,상해없음,승용,남,72세,경상
2.02211E+15,2022년 11월 22일 18시,화요일,부산광역시 금정구 남산동,경상사고,0,0,1,0,차량단독 - 기타,안전운전불이행,젖음/습기,비,단일로 - 기타,승합,남,52세,상해없음,,,,
2022112200100421,2022년 11월 22일 18시,화요일,부산광역시 사하구 괴정동,경상사고,0,0,1,0,차대차 - 추돌,안전운전불이행,젖음/습기,비,단일로 - 기타,승용,남,54세,상해없음,승용,남,31세,경상
2022112200100481,2022년 11월 22일 19시,화요일,부산광역시 동래구 사직동,중상사고,0,1,0,0,차대사람 - 횡단중,보행자보호의무위반,건조,맑음,교차로 - 교차로안,승용,남,51세,상해없음,보행자,여,16세,중상
2022112200100482,2022년 11월 22일 19시,화요일,부산광역시 동래구 온천동,경상사고,0,0,1,0,차대차 - 측면충돌,안전거리미확보,젖음/습기,흐림,단일로 - 터널,승용,여,33세,상해없음,승용,남,49세,경상
2022112200100483,2022년 11월 22일 19시,화요일,부산광역시 사하구 구평동,경상사고,0,0,1,0,차대차 - 추돌,교차로운행방법위반,건조,맑음,교차로 - 교차로안,승용,여,22세,경상,승용,남,54세,상해없음
2022112200100528,2022년 11월 22일 20시,화요일,부산광역시 부산진구 부전동,부상신고사고,0,0,0,1,차대차 - 기타,안전운전불이행,젖음/습기,비,단일로 - 기타,이륜,남,18세,부상신고,승용,남,53세,상해없음
2022112200100529,2022년 11월 22일 20시,화요일,부산광역시 부산진구 부전동,경상사고,0,0,1,0,차대차 - 기타,안전운전불이행,건조,맑음,기타 - 기타,승용,여,25세,상해없음,승합,남,43세,상해없음
2.02211E+15,2022년 11월 22일 20시,화요일,부산광역시 금정구 금사동,경상사고,0,0,1,0,차대차 - 기타,안전운전불이행,건조,맑음,기타 - 기타,승용,여,55세,상해없음,승용,남,63세,경상
2022112200100531,2022년 11월 22일 20시,화요일,부산광역시 금정구 부곡동,경상사고,0,0,1,0,차대차 - 기타,불법유턴,젖음/습기,비,단일로 - 기타,승용,남,53세,상해없음,원동기,여,48세,경상
2022112200100532,2022년 11월 22일 20시,화요일,부산광역시 사상구 주례동,중상사고,0,1,0,0,차대사람 - 기타,안전운전불이행,젖음/습기,비,단일로 - 기타,승용,남,64세,상해없음,보행자,남,37세,중상
2022112200100567,2022년 11월 22일 21시,화요일,부산광역시 연제구 거제동,경상사고,0,0,1,0,차대사람 - 횡단중,안전운전불이행,젖음/습기,흐림,교차로 - 교차로안,승용,남,62세,상해없음,보행자,여,58세,경상
2022112200100621,2022년 11월 22일 23시,화요일,부산광역시 부산진구 범천동,경상사고,0,0,1,0,차대차 - 추돌,안전운전불이행,젖음/습기,비,교차로 - 교차로부근,기타불명,기타불명,미분류,기타불명,승용,남,70세,경상
2022112300100001,2022년 11월 23일 00시,수요일,부산광역시 남구 문현동,중상사고,0,1,1,0,차대차 - 측면충돌,중앙선침범,건조,맑음,단일로 - 기타,승용,남,51세,상해없음,이륜,남,26세,중상
2022112300100027,2022년 11월 23일 06시,수요일,부산광역시 서구 동대신동3가,중상사고,0,1,0,0,차대사람 - 기타,신호위반,젖음/습기,맑음,교차로 - 교차로안,화물,남,42세,상해없음,보행자,남,66세,중상
2022112300100028,2022년 11월 23일 06시,수요일,부산광역시 강서구 송정동,경상사고,0,0,1,0,차대차 - 추돌,안전거리미확보,건조,맑음,단일로 - 기타,승용,남,55세,상해없음,승용,여,63세,경상
2022112300100029,2022년 11월 23일 06시,수요일,부산광역시 사상구 엄궁동,사망사고,1,0,0,0,차대차 - 기타,안전운전불이행,젖음/습기,비,교차로 - 교차로부근,이륜,남,63세,사망,건설기계,남,69세,상해없음
2.02211E+15,2022년 11월 23일 07시,수요일,부산광역시 수영구 광안동,중상사고,0,1,0,0,차대사람 - 기타,안전운전불이행,건조,맑음,교차로 - 교차로부근,화물,남,30세,상해없음,보행자,남,74세,중상
2022112300100216,2022년 11월 23일 13시,수요일,부산광역시 북구 만덕동,경상사고,0,0,1,0,차량단독 - 기타,안전운전불이행,건조,맑음,기타 - 기타,승합,남,46세,상해없음,,,,
2022112300100217,2022년 11월 23일 13시,수요일,부산광역시 부산진구 범천동,경상사고,0,0,1,0,차대차 - 기타,신호위반,건조,맑음,교차로 - 교차로안,승합,여,54세,상해없음,승용,여,55세,경상
2022112300100218,2022년 11월 23일 13시,수요일,부산광역시 사하구 장림동,경상사고,0,0,1,0,차대차 - 추돌,안전운전불이행,건조,맑음,단일로 - 기타,승용,여,37세,상해없음,승용,남,51세,경상
2022112300100243,2022년 11월 23일 14시,수요일,부산광역시 해운대구 좌동,경상사고,0,0,1,0,차대차 - 추돌,안전운전불이행,건조,맑음,단일로 - 기타,승용,남,57세,상해없음,승용,남,34세,경상
2022112300100279,2022년 11월 23일 15시,수요일,부산광역시 수영구 망미동,부상신고사고,0,0,0,1,차대사람 - 횡단중,보행자보호의무위반,건조,맑음,교차로 - 교차로횡단보도내,승용,여,63세,상해없음,보행자,여,79세,부상신고
2.02211E+15,2022년 11월 23일 15시,수요일,부산광역시 사상구 주례동,경상사고,0,0,1,0,차대차 - 정면충돌,교차로운행방법위반,건조,맑음,교차로 - 교차로안,이륜,남,25세,상해없음,자전거,여,58세,경상
2022112300100319,2022년 11월 23일 16시,수요일,부산광역시 남구 용호동,경상사고,0,0,2,0,차대차 - 기타,안전거리미확보,건조,맑음,단일로 - 기타,승용,남,20세,상해없음,승용,남,29세,경상
2.02211E+15,2022년 11월 23일 16시,수요일,부산광역시 남구 대연동,경상사고,0,0,1,0,차대차 - 기타,안전운전불이행,건조,맑음,교차로 - 교차로안,승용,남,70세,상해없음,이륜,남,19세,경상
2022112300100321,2022년 11월 23일 16시,수요일,부산광역시 북구 만덕동,경상사고,0,0,1,0,차대차 - 기타,안전운전불이행,건조,맑음,교차로 - 교차로안,승용,남,22세,상해없음,승용,남,55세,경상
2022112300100322,2022년 11월 23일 16시,수요일,부산광역시 영도구 동삼동,경상사고,0,0,1,0,차량단독 - 전도전복 - 전도,기타,건조,흐림,단일로 - 지하차도(도로)내,자전거,남,81세,경상,,,,
2022112300100323,2022년 11월 23일 16시,수요일,부산광역시 금정구 두구동,경상사고,0,0,1,0,차대차 - 추돌,안전운전불이행,건조,맑음,단일로 - 기타,승용,남,76세,상해없음,승용,남,43세,경상
2022112300100351,2022년 11월 23일 17시,수요일,부산광역시 사하구 하단동,경상사고,0,0,3,0,차대차 - 측면충돌,교차로운행방법위반,건조,맑음,교차로 - 교차로안,승용,여,53세,기타불명,승용,여,33세,경상
2022112300100401,2022년 11월 23일 18시,수요일,부산광역시 부산진구 가야동,경상사고,0,0,1,0,차대차 - 측면충돌,안전운전불이행,건조,맑음,교차로 - 교차로부근,승용,남,27세,기타불명,승용,여,41세,경상
2022112300100467,2022년 11월 23일 19시,수요일,부산광역시 해운대구 좌동,중상사고,0,1,0,0,차대차 - 기타,중앙선침범,건조,맑음,교차로 - 교차로부근,이륜,남,58세,상해없음,이륜,남,48세,중상
2022112300100501,2022년 11월 23일 20시,수요일,부산광역시 해운대구 우동,중상사고,0,1,1,0,차대차 - 기타,안전운전불이행,건조,맑음,단일로 - 기타,기타불명,기타불명,미분류,기타불명,승용,남,46세,경상
2022112300100502,2022년 11월 23일 20시,수요일,부산광역시 기장군 정관읍,중상사고,0,1,0,0,차대차 - 기타,안전운전불이행,건조,맑음,단일로 - 기타,승용,남,76세,상해없음,이륜,남,16세,중상
2.02211E+15,2022년 11월 23일 22시,수요일,부산광역시 남구 대연동,경상사고,0,0,1,0,차대사람 - 길가장자리구역통행중,안전운전불이행,건조,맑음,단일로 - 기타,승용,남,47세,상해없음,보행자,남,42세,경상
2022112300100551,2022년 11월 23일 22시,수요일,부산광역시 해운대구 반여동,중상사고,0,1,0,0,차대차 - 측면충돌,교차로운행방법위반,건조,맑음,교차로 - 교차로안,승용,남,46세,상해없음,개인형이동수단(PM),남,35세,중상
2022112300100552,2022년 11월 23일 22시,수요일,부산광역시 해운대구 좌동,경상사고,0,0,2,0,차대차 - 측면충돌,안전거리미확보,건조,맑음,단일로 - 기타,승용,여,27세,상해없음,이륜,남,22세,경상
2022112300100553,2022년 11월 23일 22시,수요일,부산광역시 금정구 회동동,경상사고,0,0,2,0,차대차 - 기타,직진우회전진행방해,건조,맑음,교차로 - 교차로안,화물,남,64세,상해없음,승용,남,53세,경상
2022112300100569,2022년 11월 23일 23시,수요일,부산광역시 사상구 주례동,중상사고,0,1,0,0,차대차 - 기타,차로위반,기타,맑음,교차로 - 교차로부근,승용,남,69세,상해없음,이륜,남,32세,중상
2022112400100002,2022년 11월 24일 00시,목요일,부산광역시 기장군 기장읍,경상사고,0,0,1,0,차대차 - 기타,신호위반,건조,맑음,교차로 - 교차로안,이륜,남,17세,상해없음,이륜,남,30세,경상
2022112400100024,2022년 11월 24일 04시,목요일,부산광역시 부산진구 부전동,중상사고,0,1,0,1,차대차 - 추돌,기타,건조,맑음,단일로 - 기타,이륜,남,24세,부상신고,이륜,남,60세,중상
2022112400100026,2022년 11월 24일 04시,목요일,부산광역시 수영구 망미동,중상사고,0,1,0,0,차대차 - 기타,안전운전불이행,건조,맑음,교차로 - 교차로부근,화물,여,50세,상해없음,화물,남,36세,중상
2.02211E+15,2022년 11월 24일 08시,목요일,부산광역시 중구 중앙동4가,중상사고,0,1,0,0,차대차 - 측면충돌,교차로운행방법위반,건조,맑음,교차로 - 교차로안,승용,남,69세,상해없음,자전거,남,34세,중상
2022112400100081,2022년 11월 24일 08시,목요일,부산광역시 중구 부평동2가,경상사고,0,0,1,0,차대차 - 측면충돌,안전거리미확보,건조,맑음,교차로 - 교차로부근,승용,여,38세,상해없음,승용,남,29세,경상
2022112400100082,2022년 11월 24일 08시,목요일,부산광역시 중구 중앙동5가,경상사고,0,0,1,0,차대차 - 측면충돌,차로위반,건조,맑음,단일로 - 기타,승용,남,33세,상해없음,승용,남,40세,경상
2022112400100083,2022년 11월 24일 08시,목요일,부산광역시 수영구 민락동,경상사고,0,0,1,0,차대사람 - 횡단중,안전운전불이행,건조,맑음,단일로 - 기타,승용,남,69세,상해없음,보행자,남,34세,경상
2022112400100084,2022년 11월 24일 08시,목요일,부산광역시 금정구 서동,사망사고,1,0,0,0,차대차 - 후진중충돌,기타,건조,맑음,단일로 - 기타,화물,남,56세,사망,화물,남,67세,상해없음
2022112400100133,2022년 11월 24일 09시,목요일,부산광역시 서구 서대신동1가,경상사고,0,0,2,0,차대차 - 측면충돌,교차로운행방법위반,건조,맑음,교차로 - 교차로안,승용,여,38세,상해없음,승용,남,40세,경상
2022112400100134,2022년 11월 24일 09시,목요일,부산광역시 부산진구 양정동,경상사고,0,0,3,0,차대차 - 기타,신호위반,건조,맑음,교차로 - 교차로안,승용,남,29세,상해없음,승합,남,54세,상해없음
2022112400100135,2022년 11월 24일 09시,목요일,부산광역시 사상구 주례동,경상사고,0,0,1,0,차대차 - 측면충돌,안전운전불이행,건조,맑음,단일로 - 기타,승용,남,52세,상해없음,승용,여,42세,경상
2022112400100168,2022년 11월 24일 10시,목요일,부산광역시 연제구 거제동,중상사고,0,1,0,0,차대차 - 추돌,안전운전불이행,건조,맑음,교차로 - 교차로부근,이륜,남,24세,중상,승용,여,67세,상해없음
2022112400100169,2022년 11월 24일 10시,목요일,부산광역시 연제구 연산동,경상사고,0,0,1,0,차대차 - 정면충돌,안전운전불이행,건조,맑음,교차로 - 교차로부근,화물,남,44세,상해없음,화물,남,37세,경상
2022112400100219,2022년 11월 24일 12시,목요일,부산광역시 연제구 거제동,중상사고,0,1,0,0,차대차 - 측면충돌,불법유턴,건조,맑음,단일로 - 기타,이륜,남,57세,중상,승합,남,23세,상해없음
2022112400100252,2022년 11월 24일 13시,목요일,부산광역시 중구 부평동3가,사망사고,1,0,0,0,차대사람 - 횡단중,안전운전불이행,건조,맑음,교차로 - 교차로부근,승합,남,27세,상해없음,보행자,여,80세,사망
2022112400100253,2022년 11월 24일 13시,목요일,부산광역시 연제구 연산동,경상사고,0,0,1,0,차대사람 - 횡단중,보행자보호의무위반,건조,맑음,교차로 - 교차로횡단보도내,승용,남,33세,상해없음,보행자,남,22세,경상
2.02211E+15,2022년 11월 24일 14시,목요일,부산광역시 수영구 남천동,중상사고,0,1,0,0,차대차 - 기타,안전운전불이행,건조,맑음,교차로 - 교차로안,화물,남,34세,상해없음,승용,남,37세,중상
2022112400100291,2022년 11월 24일 14시,목요일,부산광역시 사상구 학장동,경상사고,0,0,1,0,차대차 - 측면충돌,신호위반,건조,맑음,교차로 - 교차로안,원동기,남,51세,상해없음,승용,남,46세,경상
2022112400100292,2022년 11월 24일 14시,목요일,부산광역시 사상구 학장동,경상사고,0,0,1,0,차대사람 - 횡단중,신호위반,건조,맑음,교차로 - 교차로안,승용,남,82세,상해없음,보행자,남,11세,경상
2022112400100367,2022년 11월 24일 16시,목요일,부산광역시 부산진구 범천동,중상사고,0,1,0,0,차대차 - 측면충돌,교차로운행방법위반,건조,맑음,교차로 - 교차로안,승용,남,66세,상해없음,이륜,남,24세,중상
2022112400100368,2022년 11월 24일 16시,목요일,부산광역시 금정구 부곡동,중상사고,0,1,0,0,차대사람 - 길가장자리구역통행중,안전운전불이행,건조,맑음,교차로 - 교차로부근,승용,여,68세,상해없음,보행자,남,65세,중상
2022112400100458,2022년 11월 24일 18시,목요일,부산광역시 동구 범일동,경상사고,0,0,3,0,차대차 - 측면충돌,안전거리미확보,건조,맑음,단일로 - 기타,화물,남,63세,상해없음,승용,여,28세,경상
2022112400100459,2022년 11월 24일 18시,목요일,부산광역시 사하구 장림동,중상사고,0,1,0,0,차대사람 - 횡단중,보행자보호의무위반,건조,맑음,교차로 - 교차로횡단보도내,승용,남,33세,상해없음,보행자,남,69세,중상
2022112400100508,2022년 11월 24일 19시,목요일,부산광역시 북구 덕천동,경상사고,0,0,1,0,차대사람 - 기타,안전운전불이행,건조,맑음,단일로 - 기타,승합,남,42세,상해없음,보행자,여,45세,경상
2022112400100509,2022년 11월 24일 19시,목요일,부산광역시 사하구 하단동,경상사고,0,0,1,0,차대차 - 추돌,교차로운행방법위반,건조,맑음,교차로 - 교차로부근,승용,여,55세,상해없음,승용,여,55세,경상
2.02211E+15,2022년 11월 24일 19시,목요일,부산광역시 사하구 하단동,중상사고,0,1,3,0,차대차 - 추돌,안전운전불이행,건조,맑음,단일로 - 기타,승용,여,61세,상해없음,승용,남,75세,경상
2022112400100511,2022년 11월 24일 19시,목요일,부산광역시 강서구 명지동,경상사고,0,0,1,0,차대차 - 측면충돌,안전운전불이행,건조,맑음,교차로 - 교차로안,승용,남,28세,상해없음,이륜,남,37세,경상
2022112400100546,2022년 11월 24일 20시,목요일,부산광역시 수영구 민락동,경상사고,0,0,1,0,차대차 - 기타,안전운전불이행,건조,맑음,교차로 - 교차로안,이륜,남,47세,상해없음,이륜,남,36세,경상
2022112400100547,2022년 11월 24일 20시,목요일,부산광역시 해운대구 좌동,중상사고,0,1,0,0,차대사람 - 기타,신호위반,건조,맑음,교차로 - 교차로안,이륜,남,26세,상해없음,보행자,남,32세,중상
2022112400100579,2022년 11월 24일 21시,목요일,부산광역시 수영구 광안동,경상사고,0,0,4,0,차대차 - 측면충돌,안전운전불이행,건조,맑음,교차로 - 교차로부근,승용,남,70세,상해없음,승용,남,31세,경상
2.02211E+15,2022년 11월 24일 22시,목요일,부산광역시 부산진구 범천동,경상사고,0,0,1,0,차대차 - 측면충돌,신호위반,건조,맑음,교차로 - 교차로안,이륜,남,20세,상해없음,승용,남,60세,경상
2022112500100003,2022년 11월 25일 00시,금요일,부산광역시 부산진구 전포동,중상사고,0,1,0,0,차대사람 - 기타,안전운전불이행,건조,맑음,기타 - 기타,자전거,남,45세,상해없음,보행자,여,26세,중상
2022112500100004,2022년 11월 25일 00시,금요일,부산광역시 연제구 거제동,경상사고,0,0,2,0,차대차 - 기타,안전거리미확보,건조,맑음,단일로 - 기타,승용,남,64세,상해없음,이륜,남,28세,경상
2022112500100032,2022년 11월 25일 03시,금요일,부산광역시 사하구 하단동,경상사고,0,0,3,0,차대차 - 추돌,안전운전불이행,건조,맑음,교차로 - 교차로부근,승용,남,36세,상해없음,화물,남,51세,경상
2022112500100036,2022년 11월 25일 04시,금요일,부산광역시 부산진구 가야동,경상사고,0,0,1,1,차량단독 - 공작물충돌,안전운전불이행,건조,기타,단일로 - 기타,승용,남,64세,부상신고,,,,
2022112500100067,2022년 11월 25일 07시,금요일,부산광역시 중구 중앙동6가,경상사고,0,0,1,0,차대차 - 측면충돌,신호위반,건조,맑음,교차로 - 교차로부근,승용,남,73세,상해없음,승합,남,44세,경상