사고번호,사고일시,요일,시군구,사고내용,사망자수,중상자수,경상자수,부상신고자수,사고유형,법규위반,노면상태,기상상태,도로형태,가해운전자 차종,가해운전자 성별,가해운전자 연령,가해운전자 상해정도,피해운전자 차종,피해운전자 성별,피해운전자 연령,피해운전자 상해정도
2.02212E+15,2022년 12월 12일 17시,월요일,부산광역시 연제구 연산동,부상신고사고,0,0,0,1,차대사람 - 기타,안전운전불이행,젖음/습기,비,단일로 - 기타,화물,남,64세,상해없음,보행자,남,49세,부상신고
2022121200100341,2022년 12월 12일 17시,월요일,부산광역시 강서구 송정동,경상사고,0,0,1,0,차대차 - 측면충돌,안전운전불이행,건조,맑음,교차로 - 교차로부근,승용,남,46세,상해없음,승용,여,39세,경상
2022121200100399,2022년 12월 12일 18시,월요일,부산광역시 동래구 안락동,중상사고,0,1,0,0,차대사람 - 횡단중,안전운전불이행,젖음/습기,비,단일로 - 기타,화물,남,38세,상해없음,보행자,여,61세,중상
2.02212E+15,2022년 12월 12일 18시,월요일,부산광역시 동래구 사직동,중상사고,0,1,0,0,차대사람 - 횡단중,안전운전불이행,건조,맑음,교차로 - 교차로안,승용,여,71세,상해없음,보행자,남,8세,중상
2022121200100401,2022년 12월 12일 18시,월요일,부산광역시 부산진구 범천동,경상사고,0,0,1,0,차대사람 - 기타,보행자보호의무위반,건조,맑음,단일로 - 기타,승용,남,30세,상해없음,보행자,여,32세,경상
2022121200100402,2022년 12월 12일 18시,월요일,부산광역시 사하구 하단동,중상사고,0,1,0,0,차대차 - 정면충돌,신호위반,젖음/습기,비,교차로 - 교차로안,승용,남,27세,상해없음,이륜,남,43세,중상
2022121200100512,2022년 12월 12일 20시,월요일,부산광역시 동래구 수안동,경상사고,0,0,2,0,차대차 - 측면충돌,안전거리미확보,젖음/습기,비,교차로 - 교차로부근,화물,남,65세,상해없음,승용,남,20세,경상
2022121200100514,2022년 12월 12일 20시,월요일,부산광역시 부산진구 범천동,경상사고,0,0,1,2,차대차 - 추돌,신호위반,건조,맑음,단일로 - 기타,이륜,남,34세,부상신고,승용,여,58세,부상신고
2022121200100539,2022년 12월 12일 21시,월요일,부산광역시 부산진구 부전동,경상사고,0,0,1,0,차대차 - 기타,차로위반,건조,맑음,단일로 - 기타,승용,남,25세,상해없음,원동기,남,33세,경상
2.02212E+15,2022년 12월 12일 21시,월요일,부산광역시 사하구 다대동,중상사고,0,1,0,0,차대차 - 기타,안전운전불이행,젖음/습기,맑음,교차로 - 교차로안,이륜,남,42세,중상,승합,남,26세,상해없음
2022121200100542,2022년 12월 12일 21시,월요일,부산광역시 사상구 주례동,경상사고,0,0,1,0,차대차 - 기타,안전운전불이행,기타,기타,단일로 - 기타,이륜,남,28세,기타불명,승용,남,27세,경상
2022121300100031,2022년 12월 13일 05시,화요일,부산광역시 사하구 장림동,경상사고,0,0,1,0,차대차 - 측면충돌,신호위반,건조,맑음,교차로 - 교차로안,승용,남,62세,상해없음,자전거,남,68세,경상
2022121300100038,2022년 12월 13일 06시,화요일,부산광역시 남구 대연동,중상사고,0,1,0,0,차대사람 - 기타,안전운전불이행,건조,맑음,교차로 - 교차로안,승용,여,50세,상해없음,보행자,여,80세,중상
2022121300100039,2022년 12월 13일 06시,화요일,부산광역시 연제구 연산동,경상사고,0,0,1,0,차대차 - 추돌,안전운전불이행,건조,맑음,교차로 - 교차로부근,승용,여,42세,상해없음,승용,남,51세,경상
2022121300100117,2022년 12월 13일 09시,화요일,부산광역시 연제구 연산동,경상사고,0,0,1,0,차대사람 - 기타,안전운전불이행,건조,맑음,단일로 - 기타,승용,여,40세,상해없음,보행자,여,45세,경상
2022121300100139,2022년 12월 13일 10시,화요일,부산광역시 해운대구 중동,중상사고,0,1,0,0,차대차 - 측면충돌,교차로운행방법위반,건조,맑음,교차로 - 교차로부근,승용,남,73세,상해없음,승용,여,62세,중상
2022121300100167,2022년 12월 13일 11시,화요일,부산광역시 사하구 다대동,중상사고,0,1,0,0,차대사람 - 기타,안전운전불이행,건조,맑음,단일로 - 기타,승용,여,67세,기타불명,보행자,남,36세,중상
2022121300100198,2022년 12월 13일 12시,화요일,부산광역시 남구 문현동,경상사고,0,0,1,0,차대차 - 기타,안전운전불이행,건조,맑음,교차로 - 교차로안,승용,남,69세,상해없음,승용,남,27세,경상
2022121300100199,2022년 12월 13일 12시,화요일,부산광역시 사상구 덕포동,경상사고,0,0,1,0,차대사람 - 횡단중,보행자보호의무위반,건조,맑음,교차로 - 교차로횡단보도내,승용,남,57세,상해없음,보행자,여,52세,경상
2022121300100254,2022년 12월 13일 14시,화요일,부산광역시 수영구 남천동,부상신고사고,0,0,0,1,차대사람 - 길가장자리구역통행중,안전운전불이행,건조,흐림,단일로 - 기타,승용,여,62세,상해없음,보행자,남,53세,부상신고
2022121300100281,2022년 12월 13일 15시,화요일,부산광역시 남구 용호동,경상사고,0,0,1,0,차대사람 - 길가장자리구역통행중,안전운전불이행,건조,맑음,단일로 - 기타,화물,남,59세,상해없음,보행자,남,14세,경상
2022121300100282,2022년 12월 13일 15시,화요일,부산광역시 북구 만덕동,경상사고,0,0,1,0,차대차 - 기타,안전운전불이행,건조,맑음,교차로 - 교차로안,승용,남,49세,상해없음,승용,여,29세,경상
2022121300100283,2022년 12월 13일 15시,화요일,부산광역시 동래구 낙민동,경상사고,0,0,3,0,차대차 - 추돌,안전거리미확보,건조,맑음,단일로 - 기타,승용,남,74세,상해없음,승용,남,60세,경상
2022121300100305,2022년 12월 13일 16시,화요일,부산광역시 중구 중앙동6가,사망사고,1,0,0,0,차대사람 - 기타,기타,건조,맑음,단일로 - 기타,승합,남,40세,상해없음,보행자,여,63세,사망
2022121300100306,2022년 12월 13일 16시,화요일,부산광역시 금정구 서동,경상사고,0,0,2,0,차대차 - 기타,안전거리미확보,건조,맑음,단일로 - 기타,이륜,남,42세,경상,승용,남,37세,경상
2022121300100342,2022년 12월 13일 17시,화요일,부산광역시 해운대구 반송동,경상사고,0,0,1,0,차대차 - 측면충돌,중앙선침범,건조,맑음,단일로 - 기타,승용,남,25세,상해없음,이륜,남,39세,경상
2022121300100343,2022년 12월 13일 17시,화요일,부산광역시 해운대구 반여동,중상사고,0,1,0,0,차대사람 - 횡단중,보행자보호의무위반,건조,맑음,교차로 - 교차로부근,화물,남,70세,상해없음,보행자,여,61세,중상
2022121300100393,2022년 12월 13일 18시,화요일,부산광역시 동래구 명장동,경상사고,0,0,5,0,차대차 - 추돌,안전운전불이행,건조,맑음,단일로 - 기타,승용,여,38세,상해없음,승용,남,33세,경상
2022121300100394,2022년 12월 13일 18시,화요일,부산광역시 부산진구 초읍동,경상사고,0,0,3,0,차대차 - 측면충돌,교차로운행방법위반,건조,맑음,교차로 - 교차로안,승용,여,24세,경상,승합,남,54세,경상
2022121300100395,2022년 12월 13일 18시,화요일,부산광역시 연제구 연산동,중상사고,0,1,1,0,차대차 - 추돌,안전운전불이행,건조,맑음,단일로 - 기타,이륜,남,21세,상해없음,승용,남,68세,경상
2022121300100396,2022년 12월 13일 18시,화요일,부산광역시 연제구 거제동,경상사고,0,0,4,0,차대차 - 기타,안전거리미확보,건조,맑음,단일로 - 기타,승용,남,64세,경상,승합,남,64세,경상
2022121300100444,2022년 12월 13일 19시,화요일,부산광역시 강서구 성북동,경상사고,0,0,1,0,차량단독 - 기타,안전운전불이행,건조,맑음,단일로 - 기타,승용,여,42세,경상,,,,
2022121300100445,2022년 12월 13일 19시,화요일,부산광역시 강서구 명지동,경상사고,0,0,1,0,차대차 - 측면충돌,안전운전불이행,건조,맑음,단일로 - 기타,승용,남,53세,상해없음,이륜,남,31세,경상
2022121300100462,2022년 12월 13일 20시,화요일,부산광역시 남구 용호동,중상사고,0,1,0,0,차대차 - 기타,안전운전불이행,건조,맑음,교차로 - 교차로안,승용,남,43세,상해없음,이륜,남,26세,중상
2022121300100463,2022년 12월 13일 20시,화요일,부산광역시 부산진구 부암동,중상사고,0,1,0,0,차대차 - 기타,안전운전불이행,건조,맑음,교차로 - 교차로안,이륜,남,31세,상해없음,이륜,남,46세,중상
2022121300100488,2022년 12월 13일 21시,화요일,부산광역시 동구 좌천동,경상사고,0,0,2,0,차대차 - 측면충돌,안전거리미확보,건조,맑음,단일로 - 교량,승용,남,64세,상해없음,승용,남,46세,경상
2022121300100489,2022년 12월 13일 21시,화요일,부산광역시 금정구 금사동,중상사고,0,1,1,0,차대차 - 기타,신호위반,건조,맑음,교차로 - 교차로안,화물,남,62세,상해없음,승용,남,36세,경상
2.02212E+15,2022년 12월 13일 21시,화요일,부산광역시 강서구 녹산동,경상사고,0,0,2,0,차대차 - 기타,신호위반,건조,맑음,교차로 - 교차로안,승용,남,47세,기타불명,승용,남,66세,경상
2022121300100491,2022년 12월 13일 21시,화요일,부산광역시 기장군 일광읍,부상신고사고,0,0,0,2,차대차 - 추돌,안전거리미확보,건조,맑음,단일로 - 기타,승용,남,37세,상해없음,화물,남,58세,부상신고
2.02212E+15,2022년 12월 14일 02시,수요일,부산광역시 사하구 하단동,경상사고,0,0,2,0,차대차 - 추돌,안전운전불이행,건조,맑음,단일로 - 기타,승용,남,54세,상해없음,승용,여,28세,경상
2022121400100027,2022년 12월 14일 04시,수요일,부산광역시 사하구 장림동,경상사고,0,0,1,0,차대사람 - 기타,안전운전불이행,건조,맑음,단일로 - 기타,승용,남,57세,상해없음,보행자,남,49세,경상
2022121400100028,2022년 12월 14일 04시,수요일,부산광역시 사상구 괘법동,중상사고,0,1,0,0,차량단독 - 공작물충돌,안전운전불이행,건조,맑음,단일로 - 기타,승용,남,62세,기타불명,,,,
2022121400100042,2022년 12월 14일 06시,수요일,부산광역시 부산진구 부암동,경상사고,0,0,1,0,차대차 - 측면충돌,신호위반,건조,맑음,단일로 - 기타,화물,남,36세,상해없음,승용,남,29세,경상
2022121400100043,2022년 12월 14일 06시,수요일,부산광역시 강서구 명지동,경상사고,0,0,1,0,차대차 - 기타,안전운전불이행,건조,맑음,단일로 - 기타,승용,남,48세,상해없음,승용,남,40세,경상
2022121400100081,2022년 12월 14일 08시,수요일,부산광역시 서구 부민동1가,중상사고,0,1,0,0,차대사람 - 차도통행중,안전운전불이행,건조,맑음,단일로 - 기타,승합,남,68세,상해없음,보행자,여,58세,중상
2022121400100082,2022년 12월 14일 08시,수요일,부산광역시 금정구 남산동,경상사고,0,0,2,0,차대차 - 기타,중앙선침범,건조,맑음,기타 - 기타,이륜,남,66세,상해없음,승용,여,35세,경상
2022121400100083,2022년 12월 14일 08시,수요일,부산광역시 사하구 괴정동,중상사고,0,2,1,1,차대차 - 추돌,안전운전불이행,건조,맑음,교차로 - 교차로부근,승용,여,46세,상해없음,승용,남,83세,중상
2022121400100139,2022년 12월 14일 09시,수요일,부산광역시 해운대구 우동,중상사고,0,1,0,0,차대사람 - 횡단중,보행자보호의무위반,건조,맑음,단일로 - 기타,승용,여,55세,상해없음,보행자,남,76세,중상
2.02212E+15,2022년 12월 14일 09시,수요일,부산광역시 기장군 기장읍,경상사고,0,0,2,0,차대차 - 추돌,안전운전불이행,건조,맑음,교차로 - 교차로부근,승용,남,55세,상해없음,승용,여,52세,경상
2022121400100187,2022년 12월 14일 10시,수요일,부산광역시 수영구 남천동,중상사고,0,1,0,0,차대사람 - 차도통행중,안전운전불이행,건조,맑음,기타 - 기타,승용,남,67세,상해없음,보행자,남,26세,중상
2022121400100188,2022년 12월 14일 10시,수요일,부산광역시 강서구 송정동,중상사고,0,1,0,0,차대차 - 측면충돌,신호위반,건조,맑음,교차로 - 교차로안,화물,남,67세,상해없음,승용,여,34세,중상
2022121400100248,2022년 12월 14일 12시,수요일,부산광역시 중구 중앙동4가,경상사고,0,0,2,0,차대차 - 측면충돌,신호위반,건조,맑음,교차로 - 교차로안,승합,남,56세,상해없음,승용,남,69세,경상
2022121400100249,2022년 12월 14일 12시,수요일,부산광역시 남구 대연동,경상사고,0,0,1,0,차대사람 - 기타,안전운전불이행,건조,맑음,단일로 - 기타,원동기,남,27세,상해없음,보행자,여,62세,경상
2022121400100288,2022년 12월 14일 13시,수요일,부산광역시 금정구 부곡동,경상사고,0,0,1,0,차대사람 - 횡단중,보행자보호의무위반,건조,맑음,교차로 - 교차로안,화물,남,58세,상해없음,보행자,남,34세,경상
2022121400100358,2022년 12월 14일 15시,수요일,부산광역시 서구 암남동,중상사고,0,1,4,0,차대차 - 정면충돌,중앙선침범,건조,맑음,단일로 - 기타,승용,남,59세,상해없음,승합,남,49세,경상
2.02212E+15,2022년 12월 14일 16시,수요일,부산광역시 해운대구 우동,중상사고,0,1,0,0,차대사람 - 횡단중,보행자보호의무위반,건조,맑음,교차로 - 교차로안,승용,남,49세,상해없음,보행자,남,77세,중상
2022121400100401,2022년 12월 14일 16시,수요일,부산광역시 사하구 하단동,경상사고,0,0,1,0,차대차 - 기타,차로위반,건조,맑음,단일로 - 기타,화물,남,60세,상해없음,승용,여,25세,경상
2022121400100438,2022년 12월 14일 17시,수요일,부산광역시 동구 범일동,경상사고,0,0,2,0,차대차 - 기타,안전운전불이행,건조,맑음,단일로 - 기타,승용,남,63세,상해없음,승용,남,28세,경상
2022121400100439,2022년 12월 14일 17시,수요일,부산광역시 해운대구 반여동,경상사고,0,0,1,0,차대차 - 기타,안전운전불이행,기타,맑음,단일로 - 기타,승용,여,63세,상해없음,승용,남,58세,기타불명
2.02212E+15,2022년 12월 14일 17시,수요일,부산광역시 금정구 장전동,경상사고,0,0,1,0,차대차 - 추돌,안전거리미확보,건조,맑음,단일로 - 기타,승용,여,54세,상해없음,승용,남,58세,경상
2022121400100441,2022년 12월 14일 17시,수요일,부산광역시 사하구 감천동,중상사고,0,1,0,0,차대사람 - 횡단중,안전운전불이행,건조,맑음,단일로 - 기타,화물,여,62세,상해없음,보행자,여,60세,중상
2022121400100442,2022년 12월 14일 17시,수요일,부산광역시 강서구 신호동,중상사고,0,1,0,0,차대차 - 추돌,안전거리미확보,건조,맑음,단일로 - 기타,승용,남,58세,상해없음,이륜,남,42세,중상
2022121400100443,2022년 12월 14일 17시,수요일,부산광역시 사상구 주례동,경상사고,0,0,1,0,차대사람 - 기타,안전운전불이행,건조,맑음,단일로 - 기타,승용,여,20세,상해없음,보행자,남,26세,경상
2022121400100499,2022년 12월 14일 18시,수요일,부산광역시 북구 만덕동,경상사고,0,0,4,1,차대차 - 기타,안전운전불이행,건조,맑음,단일로 - 기타,승용,남,28세,상해없음,승용,남,50세,경상
2.02212E+15,2022년 12월 14일 18시,수요일,부산광역시 해운대구 반송동,중상사고,0,1,0,0,차대차 - 기타,교차로운행방법위반,건조,맑음,교차로 - 교차로안,이륜,남,29세,상해없음,이륜,남,29세,중상
2022121400100501,2022년 12월 14일 18시,수요일,부산광역시 해운대구 석대동,경상사고,0,0,4,0,차대차 - 기타,안전거리미확보,건조,맑음,단일로 - 기타,승용,남,52세,상해없음,승용,남,35세,경상
2022121400100502,2022년 12월 14일 18시,수요일,부산광역시 금정구 남산동,중상사고,0,1,0,0,차대사람 - 길가장자리구역통행중,안전운전불이행,건조,맑음,단일로 - 기타,승용,여,37세,상해없음,보행자,여,61세,중상
2022121400100503,2022년 12월 14일 18시,수요일,부산광역시 강서구 대저2동,경상사고,0,0,1,0,차대차 - 측면충돌,신호위반,건조,맑음,교차로 - 교차로부근,승용,남,50세,상해없음,승용,여,32세,경상
2022121400100564,2022년 12월 14일 19시,수요일,부산광역시 중구 중앙동5가,중상사고,0,1,0,0,차대차 - 기타,안전운전불이행,건조,맑음,교차로 - 교차로횡단보도내,승용,남,62세,상해없음,자전거,남,29세,중상
2022121400100565,2022년 12월 14일 19시,수요일,부산광역시 북구 화명동,중상사고,0,1,0,0,차대차 - 기타,직진우회전진행방해,건조,맑음,교차로 - 교차로안,원동기,남,39세,상해없음,원동기,남,34세,중상
2022121400100566,2022년 12월 14일 19시,수요일,부산광역시 부산진구 개금동,중상사고,0,1,0,0,차대사람 - 횡단중,안전운전불이행,건조,맑음,단일로 - 기타,승용,남,71세,상해없음,보행자,여,21세,중상
2022121400100567,2022년 12월 14일 19시,수요일,부산광역시 연제구 연산동,경상사고,0,0,1,0,차대차 - 기타,교차로운행방법위반,건조,맑음,교차로 - 교차로안,승용,남,63세,상해없음,승용,남,33세,경상
2022121400100568,2022년 12월 14일 19시,수요일,부산광역시 강서구 대저1동,경상사고,0,0,1,0,차대차 - 기타,안전운전불이행,건조,맑음,단일로 - 기타,승용,남,58세,상해없음,승용,남,40세,경상
2022121400100627,2022년 12월 14일 21시,수요일,부산광역시 남구 대연동,경상사고,0,0,1,0,차대차 - 측면충돌,안전운전불이행,건조,맑음,교차로 - 교차로부근,이륜,남,23세,경상,승용,남,29세,상해없음
2022121400100662,2022년 12월 14일 22시,수요일,부산광역시 사상구 주례동,경상사고,0,0,1,0,차대사람 - 횡단중,안전운전불이행,건조,맑음,교차로 - 교차로부근,화물,남,60세,기타불명,보행자,여,46세,경상
2022121400100679,2022년 12월 14일 23시,수요일,부산광역시 남구 대연동,경상사고,0,0,1,0,차대차 - 기타,기타,건조,맑음,교차로 - 교차로부근,승용,남,66세,상해없음,이륜,남,40세,경상
2.02212E+15,2022년 12월 14일 23시,수요일,부산광역시 동래구 사직동,경상사고,0,0,1,0,차대차 - 측면충돌,직진우회전진행방해,건조,맑음,교차로 - 교차로안,승용,남,51세,상해없음,승용,남,32세,경상
2022121500100006,2022년 12월 15일 00시,목요일,부산광역시 동래구 온천동,중상사고,0,1,0,0,차대사람 - 횡단중,신호위반,건조,맑음,교차로 - 교차로안,이륜,남,55세,상해없음,보행자,남,63세,중상
2022121500100007,2022년 12월 15일 00시,목요일,부산광역시 사상구 학장동,경상사고,0,0,3,0,차대차 - 추돌,안전운전불이행,건조,맑음,교차로 - 교차로부근,승용,남,35세,기타불명,승용,남,40세,경상
2022121500100044,2022년 12월 15일 05시,목요일,부산광역시 부산진구 부전동,경상사고,0,0,1,0,차량단독 - 기타,안전운전불이행,건조,맑음,교차로 - 교차로안,이륜,남,19세,상해없음,,,,
2022121500100077,2022년 12월 15일 07시,목요일,부산광역시 남구 문현동,경상사고,0,0,1,0,차대차 - 후진중충돌,안전운전불이행,건조,맑음,단일로 - 기타,화물,남,65세,상해없음,승용,남,33세,경상
2022121500100104,2022년 12월 15일 08시,목요일,부산광역시 서구 충무동1가,경상사고,0,0,1,0,차대차 - 추돌,안전거리미확보,건조,맑음,교차로 - 교차로안,승용,남,54세,상해없음,승용,여,36세,경상
2022121500100105,2022년 12월 15일 08시,목요일,부산광역시 부산진구 가야동,경상사고,0,0,1,0,차대차 - 측면충돌,기타,건조,맑음,단일로 - 기타,건설기계,남,60세,상해없음,승용,여,54세,경상
2022121500100106,2022년 12월 15일 08시,목요일,부산광역시 부산진구 가야동,중상사고,0,1,0,0,차대차 - 측면충돌,안전운전불이행,건조,맑음,단일로 - 기타,화물,남,50세,상해없음,승용,남,51세,중상
2022121500100107,2022년 12월 15일 08시,목요일,부산광역시 금정구 장전동,중상사고,0,1,0,0,차대사람 - 길가장자리구역통행중,안전운전불이행,건조,맑음,단일로 - 기타,승용,여,27세,상해없음,보행자,여,65세,중상
2022121500100167,2022년 12월 15일 10시,목요일,부산광역시 북구 구포동,경상사고,0,0,1,0,차대차 - 기타,안전거리미확보,건조,맑음,단일로 - 기타,승합,남,46세,상해없음,승용,남,34세,경상
2022121500100168,2022년 12월 15일 10시,목요일,부산광역시 금정구 노포동,경상사고,0,0,1,0,차대차 - 추돌,안전운전불이행,건조,맑음,교차로 - 교차로안,건설기계,남,50세,상해없음,승용,남,56세,경상
2022121500100193,2022년 12월 15일 11시,목요일,부산광역시 금정구 금사동,경상사고,0,0,1,0,차대차 - 기타,직진우회전진행방해,건조,맑음,교차로 - 교차로안,승용,남,27세,상해없음,화물,남,60세,경상
2022121500100194,2022년 12월 15일 11시,목요일,부산광역시 사상구 감전동,경상사고,0,0,1,0,차대차 - 측면충돌,안전운전불이행,건조,맑음,단일로 - 기타,화물,남,60세,상해없음,화물,남,53세,경상
2022121500100242,2022년 12월 15일 13시,목요일,부산광역시 동구 초량동,경상사고,0,0,1,0,차대차 - 측면충돌,안전운전불이행,건조,맑음,단일로 - 기타,승용,여,42세,상해없음,승용,남,71세,경상
2022121500100243,2022년 12월 15일 13시,목요일,부산광역시 사하구 괴정동,중상사고,0,1,0,0,차량단독 - 기타,안전운전불이행,건조,맑음,단일로 - 기타,승합,남,38세,상해없음,,,,
2022121500100327,2022년 12월 15일 15시,목요일,부산광역시 수영구 광안동,중상사고,0,1,0,0,차대차 - 기타,안전운전불이행,건조,맑음,단일로 - 기타,승용,남,29세,상해없음,승합,남,48세,상해없음
2022121500100365,2022년 12월 15일 16시,목요일,부산광역시 남구 대연동,경상사고,0,0,2,0,차대차 - 기타,신호위반,건조,맑음,교차로 - 교차로부근,이륜,남,15세,경상,승용,여,43세,상해없음
2022121500100395,2022년 12월 15일 17시,목요일,부산광역시 동구 초량동,부상신고사고,0,0,0,1,차량단독 - 기타,안전운전불이행,건조,맑음,단일로 - 기타,승합,남,61세,상해없음,,,,
2022121500100396,2022년 12월 15일 17시,목요일,부산광역시 부산진구 범천동,경상사고,0,0,1,0,차대사람 - 기타,기타,건조,맑음,기타 - 기타,승용,남,53세,상해없음,보행자,여,35세,경상
2022121500100443,2022년 12월 15일 18시,목요일,부산광역시 동래구 낙민동,중상사고,0,1,0,0,차대사람 - 보도통행중,보행자보호의무위반,건조,맑음,단일로 - 기타,승용,여,42세,상해없음,보행자,여,61세,중상
2022121500100444,2022년 12월 15일 18시,목요일,부산광역시 부산진구 당감동,경상사고,0,0,1,0,차대차 - 측면충돌,안전운전불이행,건조,맑음,교차로 - 교차로안,승용,남,67세,상해없음,화물,남,57세,경상
2022121500100445,2022년 12월 15일 18시,목요일,부산광역시 사하구 장림동,중상사고,0,1,0,0,차대차 - 측면충돌,교차로운행방법위반,건조,맑음,교차로 - 교차로안,승용,남,61세,상해없음,이륜,남,30세,중상
2022121500100482,2022년 12월 15일 19시,목요일,부산광역시 남구 문현동,경상사고,0,0,2,0,차대차 - 측면충돌,안전거리미확보,건조,맑음,교차로 - 교차로부근,승용,남,27세,상해없음,승용,여,23세,경상
2022121500100503,2022년 12월 15일 20시,목요일,부산광역시 부산진구 당감동,중상사고,0,1,0,0,차대차 - 측면충돌,안전운전불이행,건조,맑음,교차로 - 교차로부근,이륜,남,31세,상해없음,이륜,남,22세,중상
2022121500100519,2022년 12월 15일 21시,목요일,부산광역시 남구 문현동,경상사고,0,0,1,0,차대차 - 기타,안전거리미확보,건조,맑음,교차로 - 교차로안,승용,남,38세,상해없음,원동기,남,49세,경상
2.02212E+15,2022년 12월 15일 21시,목요일,부산광역시 부산진구 범전동,경상사고,0,0,1,0,차대차 - 측면충돌,안전운전불이행,건조,맑음,교차로 - 교차로안,승용,여,58세,상해없음,승용,남,65세,경상
2022121500100521,2022년 12월 15일 21시,목요일,부산광역시 수영구 망미동,경상사고,0,0,1,0,차대차 - 기타,직진우회전진행방해,건조,맑음,교차로 - 교차로안,승용,여,52세,상해없음,승용,남,46세,경상
2022121500100522,2022년 12월 15일 21시,목요일,부산광역시 사상구 괘법동,중상사고,0,1,0,0,차대차 - 추돌,안전운전불이행,건조,맑음,단일로 - 기타,승용,남,27세,상해없음,원동기,남,38세,중상
2022121500100548,2022년 12월 15일 22시,목요일,부산광역시 서구 아미동2가,경상사고,0,0,2,0,차대차 - 측면충돌,중앙선침범,건조,맑음,단일로 - 기타,이륜,남,20세,경상,승용,남,57세,경상
2022121500100549,2022년 12월 15일 22시,목요일,부산광역시 부산진구 전포동,경상사고,0,0,1,0,차대차 - 기타,기타,건조,맑음,단일로 - 기타,승용,남,40세,상해없음,이륜,남,52세,경상
2022121500100572,2022년 12월 15일 23시,목요일,부산광역시 연제구 연산동,중상사고,0,1,0,0,차대사람 - 기타,안전운전불이행,건조,맑음,단일로 - 기타,화물,남,40세,상해없음,보행자,남,36세,중상
2022121600100049,2022년 12월 16일 06시,금요일,부산광역시 강서구 구랑동,중상사고,0,1,0,0,차대차 - 기타,신호위반,건조,맑음,교차로 - 교차로안,건설기계,남,65세,상해없음,승용,남,47세,중상
2022121600100063,2022년 12월 16일 07시,금요일,부산광역시 해운대구 우동,경상사고,0,0,1,0,차대차 - 측면충돌,안전거리미확보,건조,맑음,단일로 - 교량,승용,남,37세,상해없음,승용,여,46세,경상
2022121600100064,2022년 12월 16일 07시,금요일,부산광역시 강서구 범방동,경상사고,0,0,1,0,차대차 - 측면충돌,직진우회전진행방해,건조,맑음,교차로 - 교차로안,승용,남,60세,상해없음,승용,남,21세,경상
2022121600100081,2022년 12월 16일 08시,금요일,부산광역시 동구 초량동,경상사고,0,0,1,0,차대차 - 측면충돌,안전거리미확보,건조,맑음,단일로 - 지하차도(도로)내,승용,남,50세,상해없음,승용,남,73세,상해없음
2022121600100082,2022년 12월 16일 08시,금요일,부산광역시 동래구 안락동,경상사고,0,0,1,0,차대사람 - 차도통행중,안전운전불이행,건조,맑음,단일로 - 기타,승용,여,28세,상해없음,보행자,여,62세,경상
2022121600100083,2022년 12월 16일 08시,금요일,부산광역시 부산진구 부전동,경상사고,0,0,1,0,차대차 - 기타,안전거리미확보,건조,맑음,단일로 - 기타,이륜,남,43세,상해없음,개인형이동수단(PM),여,25세,경상
2022121600100126,2022년 12월 16일 09시,금요일,부산광역시 부산진구 범천동,부상신고사고,0,0,0,1,차대차 - 측면충돌,교차로운행방법위반,건조,맑음,교차로 - 교차로안,승용,남,61세,상해없음,승용,남,41세,부상신고
2022121600100127,2022년 12월 16일 09시,금요일,부산광역시 금정구 선동,경상사고,0,0,1,0,차량단독 - 공작물충돌,안전운전불이행,건조,맑음,단일로 - 기타,승용,남,29세,경상,,,,
2022121600100156,2022년 12월 16일 10시,금요일,부산광역시 동구 초량동,중상사고,0,1,1,0,차대차 - 추돌,신호위반,건조,맑음,교차로 - 교차로안,승용,여,50세,경상,승용,남,28세,중상
2022121600100157,2022년 12월 16일 10시,금요일,부산광역시 남구 대연동,경상사고,0,0,2,0,차대차 - 측면충돌,안전운전불이행,건조,맑음,단일로 - 기타,승용,여,59세,상해없음,승용,여,39세,경상
2022121600100158,2022년 12월 16일 10시,금요일,부산광역시 북구 화명동,경상사고,0,0,2,0,차대차 - 기타,안전거리미확보,건조,맑음,교차로 - 교차로부근,이륜,남,63세,상해없음,승용,남,51세,경상
2022121600100159,2022년 12월 16일 10시,금요일,부산광역시 금정구 남산동,경상사고,0,0,2,0,차대차 - 추돌,안전운전불이행,건조,맑음,단일로 - 지하차도(도로)내,자전거,남,66세,경상,승용,남,64세,상해없음
2.02212E+15,2022년 12월 16일 10시,금요일,부산광역시 연제구 연산동,경상사고,0,0,1,0,차대차 - 기타,교차로운행방법위반,건조,맑음,교차로 - 교차로안,승용,남,59세,상해없음,승합,남,66세,상해없음
2022121600100161,2022년 12월 16일 10시,금요일,부산광역시 사상구 괘법동,경상사고,0,0,1,0,차대차 - 측면충돌,안전운전불이행,건조,맑음,기타 - 기타,승용,남,62세,기타불명,이륜,남,37세,경상
2022121600100184,2022년 12월 16일 11시,금요일,부산광역시 중구 보수동2가,부상신고사고,0,0,0,1,차대차 - 기타,안전운전불이행,건조,맑음,단일로 - 기타,승용,남,33세,상해없음,이륜,남,44세,부상신고