사고번호,사고일시,요일,시군구,사고내용,사망자수,중상자수,경상자수,부상신고자수,사고유형,법규위반,노면상태,기상상태,도로형태,가해운전자 차종,가해운전자 성별,가해운전자 연령,가해운전자 상해정도,피해운전자 차종,피해운전자 성별,피해운전자 연령,피해운전자 상해정도
2022122800100201,2022년 12월 28일 12시,수요일,부산광역시 동구 범일동,경상사고,0,0,1,0,차대차 - 추돌,안전운전불이행,건조,맑음,단일로 - 기타,승합,남,66세,상해없음,승용,남,54세,경상
2022122800100202,2022년 12월 28일 12시,수요일,부산광역시 동래구 수안동,경상사고,0,0,1,0,차대차 - 측면충돌,교차로운행방법위반,건조,맑음,교차로 - 교차로안,승용,여,70세,상해없음,자전거,남,62세,경상
2022122800100203,2022년 12월 28일 12시,수요일,부산광역시 기장군 일광읍,경상사고,0,0,1,0,차대차 - 측면충돌,안전운전불이행,건조,맑음,단일로 - 기타,승용,여,22세,상해없음,화물,남,66세,경상
2022122800100204,2022년 12월 28일 12시,수요일,부산광역시 기장군 철마면,경상사고,0,0,1,0,차대차 - 측면충돌,안전운전불이행,건조,맑음,단일로 - 기타,승용,남,32세,상해없음,승용,남,28세,상해없음
2022122800100236,2022년 12월 28일 13시,수요일,부산광역시 수영구 광안동,경상사고,0,0,1,0,차대사람 - 길가장자리구역통행중,안전운전불이행,건조,맑음,단일로 - 기타,승합,남,37세,상해없음,보행자,여,52세,경상
2022122800100237,2022년 12월 28일 13시,수요일,부산광역시 영도구 동삼동,중상사고,0,1,1,0,차대차 - 추돌,안전운전불이행,건조,맑음,단일로 - 기타,화물,남,52세,상해없음,화물,남,44세,경상
2022122800100238,2022년 12월 28일 13시,수요일,부산광역시 부산진구 부전동,경상사고,0,0,1,0,차대사람 - 길가장자리구역통행중,안전운전불이행,건조,맑음,단일로 - 기타,승용,여,65세,상해없음,보행자,여,53세,경상
2022122800100239,2022년 12월 28일 13시,수요일,부산광역시 기장군 철마면,경상사고,0,0,1,0,차대차 - 추돌,안전운전불이행,건조,맑음,교차로 - 교차로부근,화물,남,62세,상해없음,승용,여,26세,경상
2022122800100315,2022년 12월 28일 15시,수요일,부산광역시 부산진구 개금동,중상사고,0,1,0,0,차대사람 - 횡단중,안전운전불이행,건조,맑음,단일로 - 기타,건설기계,남,57세,상해없음,보행자,여,62세,중상
2.02212E+15,2022년 12월 28일 16시,수요일,부산광역시 동구 수정동,경상사고,0,0,1,0,차대차 - 추돌,안전운전불이행,건조,맑음,단일로 - 기타,승용,남,69세,상해없음,화물,남,21세,경상
2022122800100351,2022년 12월 28일 16시,수요일,부산광역시 동구 초량동,경상사고,0,0,4,0,차대차 - 측면충돌,교차로운행방법위반,건조,맑음,교차로 - 교차로안,승용,남,33세,상해없음,승용,남,54세,경상
2022122800100352,2022년 12월 28일 16시,수요일,부산광역시 서구 충무동1가,경상사고,0,0,1,0,차대사람 - 차도통행중,안전운전불이행,건조,맑음,단일로 - 기타,승용,남,70세,상해없음,보행자,여,70세,경상
2022122800100353,2022년 12월 28일 16시,수요일,부산광역시 금정구 금사동,중상사고,0,1,0,0,차대차 - 추돌,교차로운행방법위반,건조,맑음,교차로 - 교차로부근,원동기,남,52세,중상,화물,남,60세,상해없음
2022122800100354,2022년 12월 28일 16시,수요일,부산광역시 사상구 주례동,경상사고,0,0,1,0,차량단독 - 기타,안전운전불이행,건조,맑음,단일로 - 기타,승합,남,61세,기타불명,,,,
2022122800100384,2022년 12월 28일 17시,수요일,부산광역시 금정구 부곡동,경상사고,0,0,4,0,차대차 - 측면충돌,안전운전불이행,건조,맑음,교차로 - 교차로안,승용,여,39세,경상,승용,남,55세,경상
2022122800100426,2022년 12월 28일 18시,수요일,부산광역시 해운대구 중동,경상사고,0,0,1,0,차대사람 - 기타,안전운전불이행,건조,맑음,기타 - 기타,승용,여,41세,상해없음,보행자,남,32세,경상
2022122800100427,2022년 12월 28일 18시,수요일,부산광역시 부산진구 당감동,중상사고,0,1,0,0,차대차 - 기타,신호위반,건조,맑음,교차로 - 교차로안,승합,남,61세,상해없음,이륜,남,61세,중상
2022122800100428,2022년 12월 28일 18시,수요일,부산광역시 금정구 부곡동,경상사고,0,0,1,0,차대차 - 기타,기타,건조,맑음,교차로 - 교차로부근,승용,남,53세,상해없음,승합,남,58세,경상
2022122800100486,2022년 12월 28일 19시,수요일,부산광역시 동래구 온천동,경상사고,0,0,1,0,차대차 - 정면충돌,안전운전불이행,건조,맑음,단일로 - 기타,승용,여,47세,상해없음,승용,여,59세,경상
2022122800100487,2022년 12월 28일 19시,수요일,부산광역시 연제구 연산동,경상사고,0,0,1,0,차대사람 - 기타,안전운전불이행,건조,맑음,단일로 - 기타,승용,남,63세,상해없음,보행자,여,68세,경상
2022122800100527,2022년 12월 28일 20시,수요일,부산광역시 동구 수정동,경상사고,0,0,1,0,차대사람 - 횡단중,보행자보호의무위반,건조,맑음,단일로 - 기타,승용,남,51세,상해없음,보행자,남,9세,경상
2022122800100528,2022년 12월 28일 20시,수요일,부산광역시 남구 용호동,경상사고,0,0,3,0,차대차 - 측면충돌,교차로운행방법위반,건조,맑음,교차로 - 교차로안,승용,여,55세,경상,승합,남,26세,경상
2022122800100529,2022년 12월 28일 20시,수요일,부산광역시 금정구 부곡동,경상사고,0,0,1,0,차대차 - 기타,안전거리미확보,건조,맑음,단일로 - 기타,원동기,남,20세,상해없음,승용,남,21세,경상
2022122800100554,2022년 12월 28일 21시,수요일,부산광역시 영도구 봉래동3가,경상사고,0,0,1,0,차량단독 - 기타,안전운전불이행,건조,기타,단일로 - 기타,승용,남,43세,상해없음,,,,
2022122800100588,2022년 12월 28일 22시,수요일,부산광역시 강서구 지사동,중상사고,0,1,1,0,차대차 - 측면충돌,신호위반,건조,맑음,교차로 - 교차로안,승용,남,28세,상해없음,승용,남,60세,중상
2.02212E+15,2022년 12월 28일 23시,수요일,부산광역시 중구 부평동1가,중상사고,0,1,1,0,차대차 - 기타,신호위반,건조,맑음,교차로 - 교차로안,승용,남,26세,상해없음,이륜,남,27세,중상
2022122900100014,2022년 12월 29일 01시,목요일,부산광역시 부산진구 부전동,경상사고,0,0,2,0,차대차 - 기타,안전운전불이행,건조,맑음,기타 - 기타,승용,남,33세,기타불명,승용,남,73세,경상
2022122900100027,2022년 12월 29일 03시,목요일,부산광역시 부산진구 부전동,중상사고,0,1,0,0,차대사람 - 기타,안전운전불이행,건조,맑음,기타 - 기타,화물,남,57세,상해없음,보행자,남,66세,중상
2022122900100043,2022년 12월 29일 06시,목요일,부산광역시 부산진구 부전동,경상사고,0,0,1,0,차대차 - 기타,안전운전불이행,건조,맑음,단일로 - 기타,승용,남,24세,상해없음,승용,남,27세,경상
2022122900100044,2022년 12월 29일 06시,목요일,부산광역시 기장군 철마면,중상사고,0,1,0,0,차대차 - 정면충돌,안전운전불이행,건조,맑음,교차로 - 교차로부근,승용,남,60세,상해없음,승용,남,60세,중상
2022122900100061,2022년 12월 29일 07시,목요일,부산광역시 동래구 온천동,경상사고,0,0,1,0,차대차 - 기타,직진우회전진행방해,건조,맑음,교차로 - 교차로부근,승용,여,48세,상해없음,승용,남,46세,경상
2022122900100062,2022년 12월 29일 07시,목요일,부산광역시 사하구 감천동,경상사고,0,0,1,0,차대사람 - 기타,기타,건조,맑음,단일로 - 기타,화물,남,62세,상해없음,보행자,남,16세,경상
2022122900100063,2022년 12월 29일 07시,목요일,부산광역시 강서구 신호동,중상사고,0,1,0,0,차대사람 - 횡단중,보행자보호의무위반,건조,맑음,단일로 - 교량,승용,남,68세,상해없음,보행자,남,31세,중상
2022122900100109,2022년 12월 29일 09시,목요일,부산광역시 중구 남포동5가,중상사고,0,1,0,0,차대차 - 측면충돌,신호위반,건조,맑음,단일로 - 기타,이륜,남,53세,상해없음,이륜,남,46세,중상
2.02212E+15,2022년 12월 29일 09시,목요일,부산광역시 남구 감만동,경상사고,0,0,1,0,차대차 - 측면충돌,안전운전불이행,건조,맑음,교차로 - 교차로안,특수,남,51세,상해없음,승용,남,68세,경상
2022122900100111,2022년 12월 29일 09시,목요일,부산광역시 영도구 청학동,중상사고,0,1,1,0,차대차 - 측면충돌,안전운전불이행,건조,맑음,교차로 - 교차로안,승용,남,70세,중상,승용,남,55세,경상
2022122900100112,2022년 12월 29일 09시,목요일,부산광역시 사하구 장림동,중상사고,0,1,0,0,차대차 - 기타,안전거리미확보,건조,맑음,단일로 - 지하차도(도로)내,건설기계,남,56세,기타불명,승용,남,62세,중상
2022122900100113,2022년 12월 29일 09시,목요일,부산광역시 기장군 장안읍,경상사고,0,0,2,0,차대차 - 측면충돌,교차로운행방법위반,건조,맑음,교차로 - 교차로부근,승용,남,60세,상해없음,승합,남,45세,경상
2022122900100142,2022년 12월 29일 10시,목요일,부산광역시 수영구 수영동,경상사고,0,0,1,0,차대차 - 측면충돌,안전거리미확보,건조,맑음,단일로 - 기타,승용,남,25세,기타불명,승용,남,62세,경상
2022122900100168,2022년 12월 29일 11시,목요일,부산광역시 부산진구 양정동,부상신고사고,0,0,0,1,차대차 - 측면충돌,안전운전불이행,건조,맑음,단일로 - 기타,화물,남,28세,상해없음,이륜,남,28세,부상신고
2022122900100169,2022년 12월 29일 11시,목요일,부산광역시 연제구 연산동,경상사고,0,0,1,0,차대차 - 기타,안전거리미확보,건조,맑음,단일로 - 기타,화물,남,58세,상해없음,승합,남,37세,경상
2.02212E+15,2022년 12월 29일 11시,목요일,부산광역시 사상구 모라동,중상사고,0,1,0,0,차대차 - 측면충돌,신호위반,건조,맑음,단일로 - 기타,승용,남,75세,기타불명,이륜,남,29세,중상
2022122900100195,2022년 12월 29일 12시,목요일,부산광역시 남구 대연동,경상사고,0,0,2,0,차대차 - 측면충돌,안전거리미확보,건조,맑음,교차로 - 교차로부근,승용,남,69세,기타불명,승용,남,23세,경상
2022122900100196,2022년 12월 29일 12시,목요일,부산광역시 해운대구 반여동,중상사고,0,2,0,0,차대차 - 측면충돌,안전거리미확보,건조,맑음,단일로 - 기타,특수,남,67세,상해없음,승용,남,63세,상해없음
2022122900100197,2022년 12월 29일 12시,목요일,부산광역시 부산진구 부전동,경상사고,0,0,1,0,차대사람 - 기타,보행자보호의무위반,건조,맑음,교차로 - 교차로횡단보도내,승용,남,48세,상해없음,보행자,여,25세,경상
2022122900100225,2022년 12월 29일 13시,목요일,부산광역시 부산진구 부전동,경상사고,0,0,1,0,차대사람 - 보도통행중,기타,건조,맑음,단일로 - 기타,개인형이동수단(PM),여,23세,상해없음,보행자,여,30세,경상
2022122900100226,2022년 12월 29일 13시,목요일,부산광역시 연제구 연산동,경상사고,0,0,1,0,차대차 - 추돌,안전운전불이행,건조,맑음,교차로 - 교차로안,승용,남,65세,기타불명,승용,남,46세,경상
2022122900100267,2022년 12월 29일 14시,목요일,부산광역시 동래구 사직동,경상사고,0,0,1,0,차대차 - 기타,안전운전불이행,건조,맑음,단일로 - 기타,승용,여,36세,상해없음,승용,여,55세,경상
2022122900100268,2022년 12월 29일 14시,목요일,부산광역시 해운대구 반여동,중상사고,0,1,0,0,차대차 - 추돌,안전운전불이행,건조,맑음,단일로 - 기타,이륜,남,37세,중상,승용,여,58세,상해없음
2022122900100269,2022년 12월 29일 14시,목요일,부산광역시 사하구 당리동,중상사고,0,1,0,0,차량단독 - 기타,안전운전불이행,건조,맑음,단일로 - 기타,승합,남,48세,상해없음,,,,
2.02212E+15,2022년 12월 29일 14시,목요일,부산광역시 강서구 송정동,경상사고,0,0,1,0,차대차 - 측면충돌,교차로운행방법위반,건조,맑음,교차로 - 교차로안,승용,남,47세,상해없음,승용,남,64세,경상
2022122900100302,2022년 12월 29일 15시,목요일,부산광역시 수영구 남천동,중상사고,0,1,0,0,차대차 - 측면충돌,안전거리미확보,건조,맑음,단일로 - 기타,화물,남,67세,상해없음,이륜,남,62세,중상
2022122900100303,2022년 12월 29일 15시,목요일,부산광역시 동래구 명장동,경상사고,0,0,1,0,차대사람 - 횡단중,안전운전불이행,건조,맑음,교차로 - 교차로부근,승용,여,43세,상해없음,보행자,남,85세,경상
2022122900100336,2022년 12월 29일 16시,목요일,부산광역시 부산진구 가야동,경상사고,0,0,1,0,차대사람 - 횡단중,안전운전불이행,건조,맑음,단일로 - 기타,이륜,남,29세,상해없음,보행자,남,11세,경상
2022122900100337,2022년 12월 29일 16시,목요일,부산광역시 부산진구 가야동,중상사고,0,1,2,0,차대차 - 측면충돌,신호위반,건조,맑음,단일로 - 기타,화물,남,47세,상해없음,승합,남,62세,경상
2022122900100381,2022년 12월 29일 17시,목요일,부산광역시 남구 문현동,경상사고,0,0,2,0,차대차 - 추돌,안전운전불이행,건조,맑음,단일로 - 기타,승용,여,47세,상해없음,승용,남,38세,경상
2022122900100382,2022년 12월 29일 17시,목요일,부산광역시 사상구 학장동,경상사고,0,0,2,0,차대차 - 측면충돌,교차로운행방법위반,건조,맑음,교차로 - 교차로안,승용,남,72세,상해없음,승용,남,57세,경상
2022122900100436,2022년 12월 29일 18시,목요일,부산광역시 수영구 민락동,경상사고,0,0,1,0,차대사람 - 횡단중,신호위반,건조,맑음,교차로 - 교차로횡단보도내,승용,여,67세,상해없음,보행자,여,57세,경상
2022122900100437,2022년 12월 29일 18시,목요일,부산광역시 연제구 연산동,경상사고,0,0,1,0,차대차 - 측면충돌,안전운전불이행,건조,맑음,교차로 - 교차로안,승용,여,67세,상해없음,화물,남,37세,경상
2022122900100493,2022년 12월 29일 19시,목요일,부산광역시 사하구 다대동,경상사고,0,0,1,0,차대사람 - 횡단중,안전운전불이행,건조,맑음,단일로 - 지하차도(도로)내,승용,남,60세,상해없음,보행자,남,58세,경상
2022122900100494,2022년 12월 29일 19시,목요일,부산광역시 수영구 망미동,중상사고,0,1,9,0,차대차 - 추돌,안전운전불이행,건조,맑음,단일로 - 기타,화물,남,47세,상해없음,승합,남,52세,경상
2022122900100531,2022년 12월 29일 20시,목요일,부산광역시 사하구 구평동,경상사고,0,0,1,0,차대차 - 기타,안전운전불이행,건조,맑음,단일로 - 지하차도(도로)내,승용,남,56세,상해없음,승용,남,58세,경상
2022122900100555,2022년 12월 29일 21시,목요일,부산광역시 동래구 온천동,경상사고,0,0,1,0,차대차 - 측면충돌,차로위반,건조,맑음,교차로 - 교차로부근,승용,남,46세,상해없음,승용,여,43세,경상
2022122900100585,2022년 12월 29일 22시,목요일,부산광역시 영도구 동삼동,경상사고,0,0,1,0,차대차 - 정면충돌,중앙선침범,건조,기타,교차로 - 교차로안,승용,남,29세,상해없음,승용,남,68세,경상
2022122900100587,2022년 12월 29일 22시,목요일,부산광역시 부산진구 부전동,중상사고,0,1,0,0,차대차 - 추돌,안전운전불이행,건조,맑음,교차로 - 교차로부근,승용,남,50세,상해없음,이륜,남,38세,중상
2022122900100615,2022년 12월 29일 23시,목요일,부산광역시 수영구 광안동,경상사고,0,0,1,0,차대차 - 추돌,안전운전불이행,건조,맑음,교차로 - 교차로안,승용,남,62세,상해없음,이륜,남,23세,경상
2022122900100616,2022년 12월 29일 23시,목요일,부산광역시 해운대구 좌동,경상사고,0,0,1,0,차대차 - 정면충돌,교차로운행방법위반,건조,맑음,교차로 - 교차로안,승용,남,57세,상해없음,이륜,남,53세,경상
2022123000100018,2022년 12월 30일 01시,금요일,부산광역시 기장군 기장읍,경상사고,0,0,1,0,차대차 - 측면충돌,신호위반,건조,맑음,교차로 - 교차로부근,승용,남,41세,상해없음,승용,남,67세,경상
2022123000100045,2022년 12월 30일 05시,금요일,부산광역시 중구 대창동1가,중상사고,0,2,7,0,차량단독 - 기타,기타,건조,맑음,교차로 - 교차로횡단보도내,승합,남,57세,상해없음,,,,
2022123000100046,2022년 12월 30일 05시,금요일,부산광역시 연제구 거제동,중상사고,0,1,1,0,차대차 - 측면충돌,신호위반,건조,맑음,교차로 - 교차로부근,승용,남,61세,상해없음,승용,남,70세,중상
2022123000100076,2022년 12월 30일 07시,금요일,부산광역시 부산진구 부전동,경상사고,0,0,2,0,차대차 - 측면충돌,교차로운행방법위반,건조,맑음,교차로 - 교차로안,승용,남,59세,경상,승용,남,24세,경상
2.02212E+15,2022년 12월 30일 08시,금요일,부산광역시 사하구 하단동,경상사고,0,0,1,0,차대차 - 기타,안전운전불이행,건조,맑음,교차로 - 교차로부근,승용,여,47세,상해없음,특수,남,64세,경상
2022123000100111,2022년 12월 30일 09시,금요일,부산광역시 사상구 모라동,경상사고,0,0,1,0,차대차 - 추돌,안전운전불이행,건조,맑음,단일로 - 지하차도(도로)내,승용,남,60세,상해없음,화물,남,57세,상해없음
2022123000100165,2022년 12월 30일 11시,금요일,부산광역시 서구 동대신동3가,중상사고,0,1,0,0,차대차 - 기타,안전거리미확보,건조,맑음,단일로 - 기타,승용,남,62세,상해없음,승합,남,61세,상해없음
2022123000100166,2022년 12월 30일 11시,금요일,부산광역시 연제구 거제동,경상사고,0,0,2,0,차대차 - 측면충돌,중앙선침범,건조,맑음,교차로 - 교차로부근,승용,남,56세,경상,승용,여,52세,경상
2022123000100197,2022년 12월 30일 12시,금요일,부산광역시 해운대구 우동,경상사고,0,0,2,0,차대차 - 추돌,안전운전불이행,건조,맑음,단일로 - 기타,승용,남,56세,상해없음,승용,남,29세,경상
2022123000100198,2022년 12월 30일 12시,금요일,부산광역시 사하구 하단동,중상사고,0,1,0,0,차대차 - 추돌,안전거리미확보,건조,맑음,교차로 - 교차로안,승합,남,49세,기타불명,화물,남,48세,중상
2022123000100199,2022년 12월 30일 12시,금요일,부산광역시 수영구 망미동,중상사고,0,1,0,0,차대사람 - 차도통행중,안전운전불이행,건조,맑음,교차로 - 교차로안,승용,남,58세,상해없음,보행자,여,73세,중상
2.02212E+15,2022년 12월 30일 12시,금요일,부산광역시 기장군 정관읍,경상사고,0,0,2,0,차대차 - 측면충돌,신호위반,건조,맑음,교차로 - 교차로부근,승용,여,48세,기타불명,승용,여,39세,경상
2022123000100242,2022년 12월 30일 13시,금요일,부산광역시 중구 남포동1가,경상사고,0,0,1,0,차대차 - 추돌,안전운전불이행,건조,맑음,단일로 - 기타,승용,남,80세,상해없음,승용,남,67세,경상
2022123000100243,2022년 12월 30일 13시,금요일,부산광역시 기장군 기장읍,중상사고,0,1,0,0,차대차 - 측면충돌,교차로운행방법위반,건조,맑음,교차로 - 교차로부근,화물,남,64세,상해없음,승용,남,51세,중상
2022123000100289,2022년 12월 30일 14시,금요일,부산광역시 금정구 부곡동,경상사고,0,0,4,1,차대차 - 추돌,안전운전불이행,건조,맑음,단일로 - 기타,승용,남,79세,상해없음,승용,여,45세,부상신고
2022123000100328,2022년 12월 30일 15시,금요일,부산광역시 동래구 온천동,경상사고,0,0,1,0,차대차 - 추돌,안전운전불이행,건조,맑음,단일로 - 기타,승용,여,36세,상해없음,승용,여,68세,경상
2022123000100372,2022년 12월 30일 16시,금요일,부산광역시 서구 서대신동3가,경상사고,0,0,1,0,차대사람 - 기타,안전운전불이행,건조,맑음,단일로 - 기타,화물,남,52세,상해없음,보행자,남,63세,경상
2022123000100373,2022년 12월 30일 16시,금요일,부산광역시 북구 덕천동,중상사고,0,1,0,0,차대차 - 기타,안전운전불이행,건조,맑음,교차로 - 교차로안,승용,여,42세,기타불명,이륜,남,45세,중상
2022123000100374,2022년 12월 30일 16시,금요일,부산광역시 영도구 영선동4가,중상사고,0,1,0,0,차량단독 - 기타,안전운전불이행,건조,맑음,단일로 - 기타,승합,남,64세,상해없음,,,,
2022123000100375,2022년 12월 30일 16시,금요일,부산광역시 해운대구 우동,경상사고,0,0,1,0,차대차 - 추돌,안전운전불이행,건조,맑음,주차장 - 주차장,승용,남,30세,상해없음,승용,남,50세,경상
2022123000100435,2022년 12월 30일 17시,금요일,부산광역시 수영구 광안동,중상사고,0,1,1,1,차대차 - 추돌,안전거리미확보,건조,맑음,단일로 - 기타,승용,남,37세,경상,승용,남,38세,중상
2022123000100436,2022년 12월 30일 17시,금요일,부산광역시 북구 덕천동,경상사고,0,0,2,0,차대차 - 기타,안전운전불이행,건조,맑음,교차로 - 교차로부근,승용,여,63세,상해없음,승용,남,42세,경상
2022123000100501,2022년 12월 30일 18시,금요일,부산광역시 부산진구 부전동,경상사고,0,0,1,0,차대사람 - 횡단중,보행자보호의무위반,건조,맑음,단일로 - 기타,승용,남,43세,상해없음,보행자,여,32세,경상
2022123000100502,2022년 12월 30일 18시,금요일,부산광역시 부산진구 양정동,경상사고,0,0,1,0,차대차 - 측면충돌,안전운전불이행,기타,맑음,교차로 - 교차로안,화물,남,65세,상해없음,승용,여,60세,경상
2022123000100503,2022년 12월 30일 18시,금요일,부산광역시 금정구 서동,경상사고,0,0,1,0,차대사람 - 차도통행중,보행자보호의무위반,건조,맑음,교차로 - 교차로안,승용,남,64세,상해없음,보행자,남,47세,경상
2022123000100504,2022년 12월 30일 18시,금요일,부산광역시 금정구 장전동,부상신고사고,0,0,0,1,차대차 - 추돌,안전운전불이행,건조,맑음,기타 - 기타,이륜,남,17세,상해없음,승용,남,40세,부상신고
2022123000100505,2022년 12월 30일 18시,금요일,부산광역시 금정구 남산동,경상사고,0,0,1,0,차대사람 - 길가장자리구역통행중,안전운전불이행,건조,맑음,기타 - 기타,승용,남,66세,상해없음,보행자,여,33세,경상
2022123000100506,2022년 12월 30일 18시,금요일,부산광역시 사하구 하단동,중상사고,0,1,0,0,차대차 - 기타,안전운전불이행,건조,맑음,교차로 - 교차로안,화물,남,55세,상해없음,이륜,남,27세,중상
2022123000100507,2022년 12월 30일 18시,금요일,부산광역시 기장군 기장읍,경상사고,0,0,1,0,차대차 - 기타,안전거리미확보,건조,맑음,단일로 - 기타,승용,여,62세,상해없음,승용,남,39세,경상
2022123000100556,2022년 12월 30일 19시,금요일,부산광역시 기장군 정관읍,경상사고,0,0,1,0,차대차 - 측면충돌,교차로운행방법위반,건조,맑음,교차로 - 교차로안,승용,여,56세,상해없음,승용,여,42세,경상
2022123000100596,2022년 12월 30일 20시,금요일,부산광역시 중구 부평동2가,경상사고,0,0,1,0,차대사람 - 차도통행중,안전운전불이행,건조,맑음,단일로 - 기타,기타불명,기타불명,미분류,기타불명,보행자,여,27세,경상
2022123000100631,2022년 12월 30일 21시,금요일,부산광역시 수영구 남천동,경상사고,0,0,1,0,차대사람 - 기타,안전운전불이행,건조,맑음,단일로 - 기타,승용,남,30세,기타불명,보행자,남,53세,경상
2022123000100652,2022년 12월 30일 22시,금요일,부산광역시 서구 서대신동3가,경상사고,0,0,3,0,차대차 - 기타,안전거리미확보,건조,맑음,단일로 - 기타,승용,남,40세,상해없음,승용,남,66세,경상
2022123000100653,2022년 12월 30일 22시,금요일,부산광역시 남구 대연동,중상사고,0,1,0,0,차대차 - 기타,교차로운행방법위반,건조,맑음,교차로 - 교차로안,자전거,남,47세,중상,승용,여,54세,상해없음
2022123000100654,2022년 12월 30일 22시,금요일,부산광역시 기장군 기장읍,경상사고,0,0,2,0,차대차 - 추돌,안전운전불이행,건조,맑음,교차로 - 교차로부근,승용,남,67세,기타불명,승용,남,35세,경상
2022123000100681,2022년 12월 30일 23시,금요일,부산광역시 해운대구 반여동,중상사고,0,1,0,0,차대차 - 기타,기타,건조,맑음,교차로 - 교차로안,승용,남,23세,상해없음,이륜,남,32세,중상
2022123100100073,2022년 12월 31일 04시,토요일,부산광역시 해운대구 재송동,중상사고,0,1,0,0,차량단독 - 공작물충돌,안전운전불이행,건조,맑음,단일로 - 기타,이륜,여,28세,중상,,,,
2.02212E+15,2022년 12월 31일 05시,토요일,부산광역시 사상구 감전동,중상사고,0,1,0,0,차대차 - 추돌,안전운전불이행,건조,맑음,교차로 - 교차로부근,승용,남,53세,기타불명,이륜,남,47세,중상
2022123100100085,2022년 12월 31일 06시,토요일,부산광역시 해운대구 우동,경상사고,0,0,2,0,차대차 - 기타,안전거리미확보,건조,맑음,교차로 - 교차로부근,건설기계,남,77세,상해없음,승용,남,52세,경상
2022123100100118,2022년 12월 31일 09시,토요일,부산광역시 연제구 거제동,중상사고,0,1,0,0,차대사람 - 기타,안전운전불이행,건조,맑음,기타 - 기타,승용,남,23세,상해없음,보행자,여,68세,중상
2022123100100119,2022년 12월 31일 09시,토요일,부산광역시 기장군 장안읍,경상사고,0,0,2,0,차대차 - 정면충돌,교차로운행방법위반,건조,맑음,교차로 - 교차로안,승용,남,38세,상해없음,승용,여,70세,경상
2.02212E+15,2022년 12월 31일 11시,토요일,부산광역시 수영구 남천동,경상사고,0,0,1,0,차대차 - 측면충돌,안전거리미확보,건조,맑음,교차로 - 교차로부근,승용,여,59세,기타불명,승용,여,32세,경상
2022123100100161,2022년 12월 31일 11시,토요일,부산광역시 동래구 명륜동,경상사고,0,0,1,0,차대사람 - 기타,안전운전불이행,건조,맑음,단일로 - 기타,승용,남,55세,상해없음,보행자,여,29세,경상
2022123100100225,2022년 12월 31일 13시,토요일,부산광역시 서구 토성동4가,경상사고,0,0,1,0,차대사람 - 횡단중,보행자보호의무위반,건조,맑음,단일로 - 기타,승용,남,33세,상해없음,보행자,남,66세,경상
2022123100100226,2022년 12월 31일 13시,토요일,부산광역시 기장군 기장읍,중상사고,0,1,2,0,차대차 - 기타,신호위반,건조,맑음,교차로 - 교차로안,승용,남,24세,상해없음,승용,남,40세,경상
2022123100100265,2022년 12월 31일 14시,토요일,부산광역시 금정구 남산동,경상사고,0,0,1,0,차대사람 - 기타,안전운전불이행,건조,맑음,기타 - 기타,승용,남,63세,상해없음,보행자,여,50세,경상
2022123100100343,2022년 12월 31일 17시,토요일,부산광역시 북구 구포동,중상사고,0,1,0,0,차대사람 - 기타,안전운전불이행,건조,맑음,단일로 - 기타,승용,남,63세,상해없음,보행자,여,54세,중상
2022123100100382,2022년 12월 31일 18시,토요일,부산광역시 중구 남포동2가,경상사고,0,0,1,0,차대차 - 추돌,기타,건조,맑음,단일로 - 기타,승용,남,74세,상해없음,이륜,남,22세,경상
2022123100100422,2022년 12월 31일 19시,토요일,부산광역시 서구 서대신동2가,경상사고,0,0,1,0,차대차 - 측면충돌,신호위반,건조,맑음,교차로 - 교차로안,승용,여,48세,상해없음,승용,여,56세,경상
2022123100100423,2022년 12월 31일 19시,토요일,부산광역시 사하구 감천동,경상사고,0,0,1,0,차대차 - 기타,안전운전불이행,건조,맑음,단일로 - 기타,승용,남,25세,상해없음,승용,남,52세,상해없음
2022123100100452,2022년 12월 31일 20시,토요일,부산광역시 북구 구포동,경상사고,0,0,1,0,차대사람 - 기타,기타,건조,맑음,단일로 - 기타,승용,남,69세,상해없음,보행자,남,37세,경상
2022123100100453,2022년 12월 31일 20시,토요일,부산광역시 영도구 봉래동5가,중상사고,0,1,0,0,차대사람 - 기타,안전운전불이행,건조,맑음,단일로 - 기타,승합,남,46세,상해없음,보행자,여,70세,중상
2022123100100503,2022년 12월 31일 22시,토요일,부산광역시 사상구 삼락동,중상사고,0,1,0,0,차대사람 - 기타,안전운전불이행,건조,맑음,교차로 - 교차로부근,승합,남,56세,상해없음,보행자,여,56세,중상
2022123100100527,2022년 12월 31일 23시,토요일,부산광역시 서구 동대신동1가,중상사고,0,1,0,0,차대차 - 측면충돌,신호위반,건조,맑음,단일로 - 기타,이륜,남,31세,상해없음,이륜,남,33세,중상